municipality_code,municipality_name,state,grid_lat,grid_lon,has_association,has_svi,has_hazard_value,has_risk_value,absence_reason,compound_count_total,mean_integrated_severity,n_candidate_events,n_rejected_by_hat,point_accepted_zero_events,pop_municipality,pop_10km,degenerate_exposure,Exposure_Index,exposure_at_floor,SVI_Coast_2022,Hazard_Index_mun,Risk_Hazard,risk_rank
2605459,Fernando de Noronha,PE,,,False,True,False,False,no grid-point association in the delivered/archived file,,,,,False,3161,3161,False,0.612337,False,39.21867,,,
4207007,Içara,SC,,,False,True,False,False,no grid-point association in the delivered/archived file,,,,,False,59141,9870,False,0.288457,False,20.549148,,,
4318507,São José do Norte,RS,-32.0,-51.8,True,True,True,True,,93.0,0.608,93.0,0.0,False,24947,24947,False,0.774115,False,37.959069,0.968758,1.0,1.0
3302502,Magé,RJ,-23.0,-43.0,True,True,True,True,,56.0,0.6881,66.0,10.0,False,228147,166026,False,0.765404,False,40.132702,0.790201,0.944752,2.0
4321352,Tavares,RS,-31.2,-50.8,True,True,True,True,,88.0,0.6833,88.0,0.0,False,5220,5151,False,0.649858,False,37.170627,0.98605,0.938392,3.0
3302700,Maricá,RJ,-23.0,-42.8,True,True,True,True,,55.0,0.6893,67.0,12.0,False,197166,194972,False,0.901854,False,33.24067,0.784756,0.934247,4.0
4312500,Mostardas,RS,-31.0,-50.6,True,True,True,True,,80.0,0.6069,80.0,0.0,False,12037,11668,False,0.707748,False,35.490701,0.887235,0.916327,5.0
3301702,Duque de Caxias,RJ,-23.0,-43.0,True,True,True,True,,56.0,0.6881,66.0,10.0,False,807233,649287,False,0.875569,False,31.709625,0.790201,0.911194,6.0
3305505,Saquarema,RJ,-23.0,-42.6,True,True,True,True,,48.0,0.6836,67.0,19.0,False,89580,87708,False,0.848755,False,34.539612,0.737578,0.906462,7.0
3550704,São Sebastião,SP,-23.8,-45.6,True,True,True,True,,76.0,0.6605,80.0,4.0,False,81344,81344,False,0.852984,False,27.303847,0.896803,0.895275,8.0
3303807,Paraty,RJ,-23.2,-44.4,True,True,True,True,,68.0,0.5385,75.0,7.0,False,44399,44292,False,0.812396,False,32.719805,0.768691,0.888254,9.0
3506359,Bertioga,SP,-23.8,-45.8,True,True,True,True,,77.0,0.6606,80.0,3.0,False,64183,64183,False,0.837768,False,25.647745,0.903084,0.871935,10.0
3518701,Guarujá,SP,-24.0,-46.2,True,True,True,True,,70.0,0.5471,78.0,8.0,False,287487,287487,False,0.929868,False,26.327825,0.78665,0.869569,11.0
4315602,Rio Grande,RS,-32.4,-52.2,True,True,True,True,,81.0,0.4931,81.0,0.0,False,190452,188623,False,0.900574,False,24.835359,0.820341,0.854556,12.0
4109500,Guaraqueçaba,PR,-25.4,-48.0,True,True,True,True,,45.0,0.3724,73.0,28.0,False,7308,6831,False,0.654742,False,53.971081,0.518997,0.854423,13.0
4202073,Balneário Gaivota,SC,-29.2,-49.4,True,True,True,True,,80.0,0.5708,80.0,0.0,False,15715,15715,False,0.740998,False,28.249471,0.864042,0.850161,14.0
3304904,São Gonçalo,RJ,-23.0,-43.0,True,True,True,True,,56.0,0.6881,66.0,10.0,False,895560,837612,False,0.957758,False,23.894201,0.790201,0.850107,15.0
4212254,Passo de Torres,SC,-29.4,-49.6,True,True,True,True,,78.0,0.5567,78.0,0.0,False,12883,12883,False,0.726295,False,29.256007,0.84255,0.847039,16.0
4313656,Palmares do Sul,RS,-30.4,-50.2,True,True,True,True,,75.0,0.4865,75.0,0.0,False,12857,10953,False,0.659071,False,34.390362,0.778801,0.842745,17.0
3300100,Angra dos Reis,RJ,-23.2,-44.2,True,True,True,True,,64.0,0.6168,71.0,7.0,False,166050,166027,False,0.897181,False,24.331508,0.794128,0.837271,18.0
4212304,Paulo Lopes,SC,-28.0,-48.4,True,True,True,True,,72.0,0.5331,72.0,0.0,False,9090,8316,False,0.662653,False,33.06963,0.790089,0.83689,19.0
4301057,Arroio do Sal,RS,-29.6,-49.8,True,True,True,True,,80.0,0.4995,80.0,0.0,False,11070,11070,False,0.714868,False,29.317089,0.818235,0.834002,20.0
3555406,Ubatuba,SP,-23.6,-45.0,True,True,True,True,,66.0,0.4374,73.0,7.0,False,92691,92676,False,0.861175,False,28.643555,0.691307,0.832317,21.0
3300209,Araruama,RJ,-23.0,-42.4,True,True,True,True,,43.0,0.7077,68.0,25.0,False,129723,81680,False,0.677055,False,34.622273,0.721977,0.830049,22.0
4207304,Imbituba,SC,-28.2,-48.6,True,True,True,True,,68.0,0.5386,68.0,0.0,False,52489,52485,False,0.824595,False,26.646654,0.768756,0.829476,23.0
4208807,Jaguaruna,SC,-28.8,-49.0,True,True,True,True,,80.0,0.6574,80.0,0.0,False,20353,18296,False,0.713041,False,25.350729,0.919678,0.824715,24.0
3302601,Mangaratiba,RJ,-23.0,-44.0,True,True,True,True,,64.0,0.3592,76.0,12.0,False,39932,39932,False,0.806431,False,31.880772,0.628634,0.816364,25.0
4209409,Laguna,SC,-28.6,-48.8,True,True,True,True,,79.0,0.7171,79.0,0.0,False,42793,42793,False,0.811075,False,20.375638,0.951816,0.808412,26.0
4301636,Balneário Pinhal,RS,-30.2,-50.0,True,True,True,True,,83.0,0.4869,83.0,0.0,False,14943,13408,False,0.690803,False,27.321755,0.828791,0.806788,27.0
4220000,Balneário Rincão,SC,-29.0,-49.2,True,True,True,True,,79.0,0.6093,79.0,0.0,False,16025,16025,False,0.742428,False,23.616552,0.882559,0.803643,28.0
3302007,Itaguaí,RJ,-23.0,-44.0,True,True,True,True,,64.0,0.3592,76.0,12.0,False,116489,107362,False,0.835671,False,28.825207,0.628634,0.797371,29.0
3522109,Itanhaém,SP,-24.2,-46.6,True,True,True,True,,68.0,0.4914,79.0,11.0,False,112541,111936,False,0.870715,False,23.415333,0.738432,0.7957,30.0
4201950,Balneário Arroio do Silva,SC,-29.0,-49.4,True,True,True,True,,77.0,0.5663,77.0,0.0,False,15765,15765,False,0.741231,False,24.044719,0.842501,0.794943,31.0
4205704,Garopaba,SC,-28.0,-48.4,True,True,True,True,,72.0,0.5331,72.0,0.0,False,29979,29979,False,0.786895,False,24.044055,0.790089,0.793657,32.0
3300704,Cabo Frio,RJ,-23.0,-42.0,True,True,True,True,,39.0,0.5631,65.0,26.0,False,221296,220886,False,0.913506,False,26.898822,0.604212,0.791697,33.0
4201406,Araranguá,SC,-29.0,-49.2,True,True,True,True,,79.0,0.6093,79.0,0.0,False,71984,57934,False,0.745597,False,22.549432,0.882559,0.791532,34.0
3300258,Arraial do Cabo,RJ,-23.0,-42.2,True,True,True,True,,43.0,0.6432,68.0,25.0,False,30935,30935,False,0.789058,False,27.326435,0.680539,0.788346,35.0
4211900,Palhoça,SC,-27.8,-48.4,True,True,True,True,,70.0,0.4653,70.0,0.0,False,222130,221990,False,0.914361,False,21.611157,0.734097,0.785069,36.0
3551009,São Vicente,SP,-24.0,-46.4,True,True,True,True,,72.0,0.5442,80.0,8.0,False,328987,328987,False,0.937707,False,19.398694,0.797219,0.784983,37.0
3520301,Iguape,SP,-24.6,-47.2,True,True,True,True,,59.0,0.4484,83.0,24.0,False,29078,25098,False,0.719582,False,29.470371,0.654856,0.772761,38.0
3531100,Mongaguá,SP,-24.2,-46.6,True,True,True,True,,68.0,0.4914,79.0,11.0,False,61689,61689,False,0.835196,False,22.420114,0.738432,0.771552,39.0
4305454,Cidreira,RS,-30.2,-50.0,True,True,True,True,,83.0,0.4869,83.0,0.0,False,17037,16913,False,0.74364,False,21.949653,0.828791,0.765453,40.0
3520400,Ilhabela,SP,-23.8,-45.4,True,True,True,True,,74.0,0.5227,77.0,3.0,False,34612,34612,False,0.796748,False,21.186565,0.795841,0.763518,41.0
3537602,Peruíbe,SP,-24.4,-46.8,True,True,True,True,,58.0,0.5016,79.0,21.0,False,68089,67826,False,0.839711,False,22.338265,0.682818,0.750398,42.0
3300936,Carapebus,RJ,-22.4,-41.6,True,True,True,True,,34.0,0.3921,62.0,28.0,False,13881,12438,False,0.685017,False,39.885213,0.463271,0.747178,43.0
4304630,Capão da Canoa,RS,-29.6,-49.8,True,True,True,True,,80.0,0.4995,80.0,0.0,False,63315,63315,False,0.836885,False,18.035624,0.818235,0.740529,44.0
4323804,Xangri-lá,RS,-30.0,-50.0,True,True,True,True,,71.0,0.4684,71.0,0.0,False,16876,16876,False,0.746202,False,21.597022,0.742305,0.731985,45.0
4321600,Tramandaí,RS,-30.0,-50.0,True,True,True,True,,71.0,0.4684,71.0,0.0,False,54404,54118,False,0.824465,False,19.524281,0.742305,0.731676,46.0
4310330,Imbé,RS,-30.0,-50.0,True,True,True,True,,71.0,0.4684,71.0,0.0,False,26841,26841,False,0.77923,False,20.618171,0.742305,0.731166,47.0
4118204,Paranaguá,PR,-25.6,-48.2,True,True,True,True,,38.0,0.354,67.0,29.0,False,145574,145334,False,0.888419,False,28.517923,0.46366,0.727151,48.0
3541000,Praia Grande,SP,-24.0,-46.4,True,True,True,True,,72.0,0.5442,80.0,8.0,False,349895,349895,False,0.941267,False,14.61998,0.797219,0.709233,49.0
3509908,Cananéia,SP,-25.2,-47.8,True,True,True,True,,50.0,0.373,79.0,29.0,False,12290,12042,False,0.713917,False,27.643227,0.550467,0.706691,50.0
4321501,Torres,RS,-29.4,-49.6,True,True,True,True,,78.0,0.5567,78.0,0.0,False,41671,40850,False,0.79996,False,16.044145,0.84255,0.70551,51.0
3304557,Rio de Janeiro,RJ,-23.0,-43.4,True,True,True,True,,63.0,0.6112,71.0,8.0,False,6193495,4374900,False,0.840458,False,16.147798,0.784314,0.701448,52.0
3304755,São Francisco de Itabapoana,RJ,-21.6,-40.8,True,True,True,True,,22.0,0.2161,53.0,31.0,False,44839,32815,False,0.678484,False,54.533996,0.2756,0.690523,53.0
4202305,Biguaçu,SC,-27.4,-48.4,True,True,True,True,,56.0,0.327,57.0,1.0,False,76590,74252,False,0.834128,False,21.326041,0.558213,0.683833,54.0
3300233,Armação dos Búzios,RJ,-22.8,-41.8,True,True,True,True,,36.0,0.3323,63.0,27.0,False,39919,39919,False,0.806409,False,27.751236,0.437285,0.680183,55.0
4206009,Governador Celso Ramos,SC,-27.4,-48.4,True,True,True,True,,56.0,0.327,57.0,1.0,False,16638,16638,False,0.745168,False,23.480803,0.558213,0.679704,56.0
3301850,Guapimirim,RJ,-23.0,-43.0,True,True,True,True,,56.0,0.6881,66.0,10.0,False,51557,12068,False,0.349017,False,34.802755,0.790201,0.675373,57.0
3302403,Macaé,RJ,-22.4,-41.6,True,True,True,True,,34.0,0.3921,62.0,28.0,False,245856,231563,False,0.890093,False,23.234014,0.463271,0.674915,58.0
3510500,Caraguatatuba,SP,-23.6,-45.2,True,True,True,True,,67.0,0.3216,73.0,6.0,False,134675,134661,False,0.884437,False,17.26561,0.623128,0.673225,59.0
2105104,Icatu,MA,-2.4,-44.0,True,True,True,True,,1.0,0.2044,25.0,24.0,False,24618,22405,False,0.731277,False,91.701862,0.137532,0.665551,60.0
3301900,Itaboraí,RJ,-23.0,-43.0,True,True,True,True,,56.0,0.6881,66.0,10.0,False,223854,29916,False,0.287611,False,39.610935,0.790201,0.65966,61.0
4216206,São Francisco do Sul,SC,-26.4,-48.4,True,True,True,True,,43.0,0.3065,56.0,13.0,False,52658,52658,False,0.824843,False,23.402807,0.464227,0.65855,62.0
2100204,Alcântara,MA,-2.4,-44.2,True,True,True,True,,1.0,0.2373,28.0,27.0,False,18355,18298,False,0.750896,False,75.042712,0.15867,0.658,63.0
3303302,Niterói,RJ,-23.0,-43.0,True,True,True,True,,56.0,0.6881,66.0,10.0,False,480647,480647,False,0.959404,False,11.666588,0.790201,0.655386,64.0
4208450,Itapoá,SC,-26.2,-48.4,True,True,True,True,,40.0,0.2921,56.0,16.0,False,30679,30679,False,0.788486,False,25.684303,0.436325,0.655158,65.0
2104909,Guimarães,MA,-2.0,-44.4,True,True,True,True,,1.0,0.2827,31.0,30.0,False,10285,10033,False,0.69864,False,67.308972,0.187837,0.655066,66.0
3202801,Itapemirim,ES,-21.0,-40.8,True,True,True,True,,25.0,0.2345,52.0,27.0,False,39949,31338,False,0.699651,False,40.41588,0.306071,0.650171,67.0
3520426,Ilha Comprida,SP,-25.0,-47.8,True,True,True,True,,48.0,0.316,75.0,27.0,False,13414,13414,False,0.729308,False,23.392542,0.501413,0.647381,68.0
3203320,Marataízes,ES,-21.0,-40.8,True,True,True,True,,25.0,0.2345,52.0,27.0,False,41520,41520,False,0.809052,False,32.954795,0.306071,0.636233,69.0
4216602,São José,SC,-27.8,-48.4,True,True,True,True,,70.0,0.4653,70.0,0.0,False,271013,269900,False,0.924272,False,11.76247,0.734097,0.631028,70.0
4109609,Guaratuba,PR,-26.0,-48.4,True,True,True,True,,37.0,0.2931,52.0,15.0,False,41972,40665,False,0.79498,False,23.876362,0.418318,0.629838,71.0
3305000,São João da Barra,RJ,-21.8,-40.8,True,True,True,True,,25.0,0.2647,58.0,33.0,False,36489,30827,False,0.725039,False,33.640207,0.325472,0.629786,72.0
3304524,Rio das Ostras,RJ,-22.6,-41.8,True,True,True,True,,33.0,0.2655,60.0,27.0,False,155775,154030,False,0.887679,False,23.71822,0.37572,0.628967,73.0
2102408,Cajapió,MA,-2.4,-44.2,True,True,True,True,,1.0,0.2373,28.0,27.0,False,10057,7299,False,0.58144,False,84.752576,0.15867,0.62627,74.0
3200409,Anchieta,ES,-21.0,-40.8,True,True,True,True,,25.0,0.2345,52.0,27.0,False,29477,25542,False,0.722132,False,33.991585,0.306071,0.617092,75.0
2101103,Axixá,MA,-2.4,-44.0,True,True,True,True,,1.0,0.2044,25.0,24.0,False,12102,11670,False,0.705918,False,77.374716,0.137532,0.617065,76.0
2109452,Raposa,MA,-2.4,-44.2,True,True,True,True,,1.0,0.2373,28.0,27.0,False,30845,30845,False,0.788858,False,59.373007,0.15867,0.614611,77.0
4205407,Florianópolis,SC,-27.8,-48.4,True,True,True,True,,70.0,0.4653,70.0,0.0,False,536876,536876,False,0.965644,False,10.153633,0.734097,0.607373,78.0
4119954,Pontal do Paraná,PR,-25.6,-48.4,True,True,True,True,,37.0,0.3292,64.0,27.0,False,30413,30362,False,0.78711,False,19.939038,0.44151,0.598869,79.0
2111201,São José de Ribamar,MA,-2.4,-44.2,True,True,True,True,,1.0,0.2373,28.0,27.0,False,243840,243840,False,0.920204,False,47.220152,0.15867,0.597757,80.0
2107506,Paço do Lumiar,MA,-2.4,-44.2,True,True,True,True,,1.0,0.2373,28.0,27.0,False,145384,145384,False,0.889173,False,48.511105,0.15867,0.596132,81.0
2103109,Cedral,MA,-1.8,-44.4,True,True,True,True,,1.0,0.2181,28.0,27.0,False,9914,8996,False,0.665791,False,70.157168,0.146334,0.595843,82.0
2101905,Bequimão,MA,-2.4,-44.2,True,True,True,True,,1.0,0.2373,28.0,27.0,False,19566,11618,False,0.55368,False,77.493204,0.15867,0.594958,83.0
4201307,Araquari,SC,-26.6,-48.6,True,True,True,True,,35.0,0.2807,40.0,5.0,False,45211,29276,False,0.631896,False,26.998449,0.397919,0.594328,84.0
4202107,Barra Velha,SC,-26.6,-48.6,True,True,True,True,,35.0,0.2807,40.0,5.0,False,45128,44994,False,0.813215,False,20.396678,0.397919,0.588147,85.0
3548500,Santos,SP,-24.0,-46.4,True,True,True,True,,72.0,0.5442,80.0,8.0,False,418360,418350,False,0.951506,False,8.686797,0.797219,0.587789,86.0
4218004,Tijucas,SC,-27.2,-48.4,True,True,True,True,,37.0,0.3252,39.0,2.0,False,51595,49288,False,0.801926,False,18.60561,0.43894,0.586449,87.0
1502905,Curuçá,PA,-0.4,-47.8,True,True,True,True,,4.0,0.1784,23.0,19.0,False,41000,32395,False,0.704199,False,64.837156,0.139479,0.580373,88.0
3304151,Quissamã,RJ,-22.2,-41.4,True,True,True,True,,37.0,0.3683,67.0,30.0,False,22189,7919,False,0.411586,False,33.144585,0.466631,0.580282,89.0
1504307,Maracanã,PA,-0.4,-47.6,True,True,True,True,,5.0,0.154,18.0,13.0,False,25442,19480,False,0.662015,False,73.862817,0.13002,0.580012,90.0
4202057,Balneário Barra do Sul,SC,-26.6,-48.6,True,True,True,True,,35.0,0.2807,40.0,5.0,False,14876,14876,False,0.736968,False,21.674023,0.397919,0.579952,91.0
4202453,Bombinhas,SC,-27.2,-48.4,True,True,True,True,,37.0,0.3252,39.0,2.0,False,24956,24956,False,0.774141,False,18.683031,0.43894,0.579698,92.0
4213500,Porto Belo,SC,-27.2,-48.4,True,True,True,True,,37.0,0.3252,39.0,2.0,False,27606,27606,False,0.781186,False,18.370313,0.43894,0.578012,93.0
1502509,Chaves,PA,0.0,-50.4,True,True,True,True,,7.0,0.0719,57.0,50.0,False,19848,17151,False,0.694746,False,100.0,0.089709,0.575728,94.0
1506112,Quatipuru,PA,-0.6,-47.0,True,True,True,True,,4.0,0.1607,16.0,12.0,False,11238,10693,False,0.694747,False,69.939083,0.128108,0.575462,95.0
2109056,Porto Rico do Maranhão,MA,-1.8,-44.4,True,True,True,True,,1.0,0.2181,28.0,27.0,False,6050,5578,False,0.634473,False,66.647732,0.146334,0.57419,96.0
2111300,São Luís,MA,-2.4,-44.2,True,True,True,True,,1.0,0.2373,28.0,27.0,False,1038019,1038019,False,1.0,False,37.603585,0.15867,0.566441,97.0
4212809,Balneário Piçarras,SC,-26.8,-48.4,True,True,True,True,,37.0,0.3373,46.0,9.0,False,27180,26868,False,0.774815,False,16.759901,0.446714,0.560516,98.0
3202405,Guarapari,ES,-20.6,-40.4,True,True,True,True,,20.0,0.1929,50.0,30.0,False,124017,120091,False,0.863427,False,26.400476,0.248262,0.555351,99.0
3204203,Piúma,ES,-21.0,-40.8,True,True,True,True,,25.0,0.2345,52.0,27.0,False,21986,21986,False,0.765204,False,24.12759,0.306071,0.555049,100.0
4212502,Penha,SC,-26.8,-48.4,True,True,True,True,,37.0,0.3373,46.0,9.0,False,33389,33389,False,0.794293,False,15.75951,0.446714,0.552872,101.0
4115705,Matinhos,PR,-26.0,-48.4,True,True,True,True,,37.0,0.2931,52.0,15.0,False,39200,39200,False,0.805184,False,16.547095,0.418318,0.552191,102.0
3301306,Casimiro de Abreu,RJ,-22.6,-41.8,True,True,True,True,,33.0,0.2655,60.0,27.0,False,46635,22720,False,0.535727,False,27.276571,0.37572,0.549093,103.0
1504406,Marapanim,PA,-0.4,-47.6,True,True,True,True,,5.0,0.154,18.0,13.0,False,26801,19274,False,0.640945,False,65.395821,0.13002,0.547572,104.0
2109403,Primeira Cruz,MA,-2.2,-43.4,True,True,True,True,,1.0,0.1757,20.0,19.0,False,13521,7269,False,0.500186,False,91.28812,0.119095,0.547127,105.0
2109601,Rosário,MA,-2.4,-44.0,True,True,True,True,,1.0,0.2044,25.0,24.0,False,38345,20520,False,0.556179,False,69.257286,0.137532,0.541791,106.0
4211306,Navegantes,SC,-27.0,-48.4,True,True,True,True,,32.0,0.3273,39.0,7.0,False,86269,81474,False,0.829038,False,15.334001,0.409206,0.538099,107.0
2927705,Santa Cruz Cabrália,BA,-16.2,-38.8,True,True,True,True,,1.0,0.2223,42.0,41.0,False,29244,24723,False,0.711185,False,48.340153,0.149033,0.535037,108.0
2101350,Bacurituba,MA,-2.4,-44.2,True,True,True,True,,1.0,0.2373,28.0,27.0,False,5272,2503,False,0.407416,False,77.05901,0.15867,0.529409,109.0
1507474,São João de Pirabas,PA,-0.6,-47.2,True,True,True,True,,4.0,0.1202,19.0,15.0,False,20716,18928,False,0.721209,False,66.364867,0.102089,0.52558,110.0
2925501,Prado,BA,-17.2,-39.0,True,True,True,True,,2.0,0.1764,46.0,44.0,False,34522,25237,False,0.662569,False,57.920574,0.125761,0.523141,111.0
3204302,Presidente Kennedy,ES,-21.2,-40.8,True,True,True,True,,23.0,0.2086,50.0,27.0,False,13883,5686,False,0.423883,False,40.501575,0.276997,0.520237,112.0
1506203,Salinópolis,PA,-0.6,-47.2,True,True,True,True,,4.0,0.1202,19.0,15.0,False,44759,44759,False,0.814076,False,56.919158,0.102089,0.519203,113.0
4208302,Itapema,SC,-27.2,-48.4,True,True,True,True,,37.0,0.3252,39.0,2.0,False,75330,75330,False,0.848081,False,12.572659,0.43894,0.51712,114.0
2103703,Cururupu,MA,-1.4,-44.8,True,True,True,True,,1.0,0.1283,14.0,13.0,False,31127,29741,False,0.768639,False,68.390622,0.088643,0.516263,115.0
2925303,Porto Seguro,BA,-16.6,-39.0,True,True,True,True,,2.0,0.1946,46.0,44.0,False,167827,150434,False,0.843809,False,39.099706,0.137454,0.511002,116.0
4208203,Itajaí,SC,-27.0,-48.4,True,True,True,True,,32.0,0.3273,39.0,7.0,False,263998,217579,False,0.829271,False,12.919344,0.409206,0.504509,117.0
2900801,Alcobaça,BA,-17.6,-39.0,True,True,True,True,,2.0,0.1873,50.0,48.0,False,24297,12289,False,0.514014,False,59.539148,0.132764,0.490184,118.0
3205002,Serra,ES,-20.4,-40.2,True,True,True,True,,16.0,0.1549,53.0,37.0,False,520895,448882,False,0.887022,False,22.915455,0.198981,0.489335,119.0
1500909,Augusto Corrêa,PA,-0.8,-46.4,True,True,True,True,,3.0,0.0797,21.0,18.0,False,44304,31267,False,0.66349,False,83.814396,0.069853,0.481885,120.0
2906907,Caravelas,BA,-17.8,-39.0,True,True,True,True,,3.0,0.1961,54.0,51.0,False,21619,10657,False,0.499879,False,53.114928,0.144634,0.479785,121.0
1501709,Bragança,PA,-0.8,-46.6,True,True,True,True,,3.0,0.0724,18.0,15.0,False,122951,107114,False,0.812339,False,69.716898,0.065163,0.472571,122.0
1504109,Magalhães Barata,PA,-0.4,-47.6,True,True,True,True,,5.0,0.154,18.0,13.0,False,7974,4235,False,0.464764,False,60.853067,0.13002,0.471927,123.0
4317301,Santa Vitória do Palmar,RS,-33.6,-53.0,True,True,True,True,,96.0,0.6276,96.0,0.0,False,30912,2795,False,0.180817,False,19.975454,1.0,0.468709,124.0
2923001,Nova Viçosa,BA,-18.0,-39.4,True,True,True,True,,4.0,0.2546,60.0,56.0,False,39480,9605,False,0.347245,False,54.217889,0.188434,0.465507,125.0
4321436,Terra de Areia,RS,-29.6,-49.8,True,True,True,True,,80.0,0.4995,80.0,0.0,False,10368,765,True,0.127672,False,33.605767,0.818235,0.463648,126.0
2101251,Bacabeira,MA,-2.4,-44.0,True,True,True,True,,1.0,0.2044,25.0,24.0,False,16990,5775,False,0.386898,False,61.73008,0.137532,0.451991,127.0
3205200,Vila Velha,ES,-20.4,-40.2,True,True,True,True,,16.0,0.1549,53.0,37.0,False,464614,456334,False,0.947902,False,17.306213,0.198981,0.450906,128.0
2919207,Lauro de Freitas,BA,-13.0,-38.2,True,True,True,True,,1.0,0.1641,27.0,26.0,False,203236,203189,False,0.909277,False,31.479104,0.111642,0.447243,129.0
2905800,Camamu,BA,-13.8,-38.8,True,True,True,True,,1.0,0.1165,29.0,28.0,False,30603,21927,False,0.647555,False,59.550549,0.081062,0.443474,130.0
2906303,Canavieiras,BA,-15.6,-38.8,True,True,True,True,,1.0,0.125,32.0,31.0,False,32663,27990,False,0.724037,False,49.76622,0.086523,0.443022,131.0
2105005,Humberto de Campos,MA,-2.2,-43.6,True,True,True,True,,1.0,0.077,18.0,17.0,False,25901,17154,False,0.608235,False,88.976296,0.055685,0.437273,132.0
2917300,Ituberá,BA,-13.8,-38.8,True,True,True,True,,1.0,0.1165,29.0,28.0,False,21999,19876,False,0.720509,False,51.229256,0.081062,0.436069,133.0
3200607,Aracruz,ES,-19.8,-40.0,True,True,True,True,,18.0,0.2356,51.0,33.0,False,94786,26952,False,0.415671,False,27.252041,0.26326,0.435512,134.0
2913457,Igrapiúna,BA,-13.8,-38.8,True,True,True,True,,1.0,0.1165,29.0,28.0,False,12838,7790,False,0.53567,False,68.595586,0.081062,0.43531,135.0
2922003,Mucuri,BA,-18.2,-39.4,True,True,True,True,,3.0,0.2277,59.0,56.0,False,37290,10555,False,0.378399,False,47.571783,0.164935,0.43477,136.0
4313508,Osório,RS,-30.0,-50.0,True,True,True,True,,71.0,0.4684,71.0,0.0,False,47228,4581,False,0.200692,False,19.33367,0.742305,0.429708,137.0
2933208,Vera Cruz,BA,-13.2,-38.6,True,True,True,True,,1.0,0.1063,30.0,29.0,False,42537,42537,False,0.810674,False,46.638134,0.074509,0.426044,138.0
3202207,Fundão,ES,-20.0,-40.0,True,True,True,True,,15.0,0.1658,47.0,32.0,False,17898,6341,False,0.399524,False,33.070934,0.199768,0.415437,139.0
2917805,Jaguaripe,BA,-13.2,-38.6,True,True,True,True,,1.0,0.1063,30.0,29.0,False,17676,8703,False,0.488626,False,72.477952,0.074509,0.415391,140.0
2112506,Tutóia,MA,-2.6,-42.4,True,True,True,True,,1.0,0.0637,18.0,17.0,False,52212,38971,False,0.695293,False,80.221717,0.04714,0.414819,141.0
1508035,Tracuateua,PA,-0.6,-46.8,True,True,True,True,,4.0,0.1424,16.0,12.0,False,28849,4977,False,0.270536,False,81.52382,0.116351,0.410919,142.0
2922607,Nilo Peçanha,BA,-13.8,-38.8,True,True,True,True,,1.0,0.1165,29.0,28.0,False,12345,6282,False,0.478278,False,65.672449,0.081062,0.409672,143.0
2111789,Serrano do Maranhão,MA,-1.4,-44.8,True,True,True,True,,1.0,0.1283,14.0,13.0,False,10137,2892,False,0.322826,False,85.44964,0.088643,0.403278,144.0
2903409,Belmonte,BA,-16.0,-38.8,True,True,True,True,,2.0,0.1391,42.0,40.0,False,20092,10104,False,0.502004,False,47.846495,0.101797,0.403268,145.0
2112407,Turiaçu,MA,-1.4,-45.2,True,True,True,True,,2.0,0.0441,17.0,15.0,False,37274,25437,False,0.640619,False,84.936311,0.040765,0.388211,146.0
3205309,Vitória,ES,-20.4,-40.2,True,True,True,True,,16.0,0.1549,53.0,37.0,False,322636,322636,False,0.936578,False,11.791797,0.198981,0.386798,147.0
2108058,Paulino Neves,MA,-2.6,-42.4,True,True,True,True,,1.0,0.0637,18.0,17.0,False,17355,8954,False,0.501774,False,91.099805,0.04714,0.383834,148.0
3201605,Conceição da Barra,ES,-18.6,-39.6,True,True,True,True,,3.0,0.1039,49.0,46.0,False,27366,15252,False,0.551553,False,45.167266,0.085401,0.381916,149.0
2927408,Salvador,BA,-13.0,-38.4,True,True,True,True,,1.0,0.1053,34.0,33.0,False,2416356,2403202,False,0.997274,False,28.163933,0.073866,0.378161,150.0
2403608,Extremoz,RN,-5.6,-35.0,True,True,True,True,,1.0,0.0833,23.0,22.0,False,61569,44507,False,0.691827,False,50.154051,0.059732,0.378011,151.0
2932903,Valença,BA,-13.4,-38.8,True,True,True,True,,1.0,0.0702,29.0,28.0,False,85560,65916,False,0.736846,False,48.297213,0.051316,0.359592,152.0
2401404,Baía Formosa,RN,-6.4,-34.8,True,True,True,True,,1.0,0.0662,24.0,23.0,False,8817,8755,False,0.69437,False,53.613708,0.048747,0.358693,153.0
2111003,São João Batista,MA,-2.4,-44.2,True,True,True,True,,1.0,0.2373,28.0,27.0,False,18979,1303,False,0.138335,False,81.199948,0.15867,0.356137,154.0
2905404,Cairu,BA,-13.6,-38.8,True,True,True,True,,1.0,0.0725,28.0,27.0,False,17106,17106,False,0.747186,False,41.985491,0.052794,0.345891,155.0
2920700,Maraú,BA,-14.0,-38.8,True,True,True,True,,1.0,0.0575,29.0,28.0,False,24460,17327,False,0.629656,False,59.966176,0.043157,0.343657,156.0
1600105,Amapá,AP,1.4,-49.8,True,True,True,True,,1.0,0.049,40.0,39.0,False,8065,6958,False,0.630394,False,68.067284,0.037696,0.342643,157.0
2100832,Apicum-Açu,MA,-1.4,-45.0,True,True,True,True,,1.0,0.0337,11.0,10.0,False,17526,17525,False,0.748921,False,76.682581,0.027867,0.341188,158.0
3301009,Campos dos Goytacazes,RJ,-22.0,-40.8,True,True,True,True,,26.0,0.393,64.0,38.0,False,483486,12174,False,0.114576,False,31.159731,0.414116,0.330524,159.0
2408102,Natal,RN,-5.8,-35.0,True,True,True,True,,1.0,0.076,26.0,25.0,False,751406,722364,False,0.963018,False,26.864906,0.055043,0.325574,160.0
2101301,Bacuri,MA,-1.4,-45.2,True,True,True,True,,2.0,0.0441,17.0,15.0,False,16318,6520,False,0.425705,False,78.453129,0.040765,0.319724,161.0
2509057,Marcação,PB,-6.8,-34.8,True,True,True,True,,1.0,0.0294,25.0,24.0,False,8751,8001,False,0.659552,False,80.847597,0.025105,0.317549,162.0
2413201,Senador Georgino Avelino,RN,-6.2,-35.0,True,True,True,True,,1.0,0.0466,29.0,28.0,False,4065,4065,False,0.634244,False,57.777042,0.036154,0.316218,163.0
2511905,Pitimbu,PB,-7.4,-34.6,True,True,True,True,,1.0,0.0343,24.0,23.0,False,16589,16552,False,0.743959,False,62.724722,0.028252,0.315592,164.0
2100907,Araioses,MA,-2.6,-41.8,True,True,True,True,,1.0,0.0385,17.0,16.0,False,38436,17715,False,0.508982,False,83.487999,0.030951,0.315286,165.0
2408201,Nísia Floresta,RN,-6.2,-35.0,True,True,True,True,,1.0,0.0466,29.0,28.0,False,31868,21251,False,0.622896,False,58.372396,0.036154,0.315221,166.0
2501401,Baía da Traição,PB,-6.8,-34.8,True,True,True,True,,1.0,0.0294,25.0,24.0,False,9242,9242,False,0.701029,False,72.28559,0.025105,0.311058,167.0
1507904,Soure,PA,-0.2,-48.4,True,True,True,True,,1.0,0.0312,30.0,29.0,False,24146,23871,False,0.766614,False,62.769339,0.026262,0.310214,168.0
2300754,Amontada,CE,-2.8,-39.6,True,True,True,True,,1.0,0.0491,22.0,21.0,False,41713,16088,False,0.461251,False,72.037242,0.037761,0.309313,169.0
3204906,São Mateus,ES,-18.8,-39.6,True,True,True,True,,3.0,0.1019,48.0,45.0,False,123809,32354,False,0.404938,False,36.606428,0.084115,0.308528,170.0
2414209,Tibau do Sul,RN,-6.2,-35.0,True,True,True,True,,1.0,0.0466,29.0,28.0,False,17601,17601,False,0.749256,False,43.163516,0.036154,0.300548,171.0
1600303,Macapá,AP,0.8,-50.2,True,True,True,True,,1.0,0.0247,67.0,66.0,False,441451,425062,False,0.934578,False,54.48594,0.022085,0.295798,172.0
2306553,Itarema,CE,-2.8,-39.8,True,True,True,True,,1.0,0.0241,21.0,20.0,False,42857,35392,False,0.725418,False,69.63857,0.0217,0.29271,173.0
2102606,Cândido Mendes,MA,-1.4,-45.2,True,True,True,True,,2.0,0.0441,17.0,15.0,False,19940,4371,False,0.299845,False,81.403015,0.040765,0.281252,174.0
2509305,Mataraca,PB,-6.6,-34.8,True,True,True,True,,1.0,0.0539,23.0,22.0,False,8343,3863,False,0.428597,False,56.265747,0.040845,0.280077,175.0
2403251,Parnamirim,RN,-5.8,-35.0,True,True,True,True,,1.0,0.076,26.0,25.0,False,252371,115400,False,0.591657,False,29.144681,0.055043,0.275803,176.0
2606200,Goiana,PE,-7.6,-34.8,True,True,True,True,,1.0,0.0255,23.0,22.0,False,80881,73181,False,0.804938,False,51.326897,0.0226,0.273929,177.0
2205706,Luís Correia,PI,-2.8,-41.6,True,True,True,True,,1.0,0.0226,16.0,15.0,False,30514,19723,False,0.60897,False,73.215984,0.020736,0.27281,178.0
2504603,Conde,PB,-7.4,-34.6,True,True,True,True,,1.0,0.0343,24.0,23.0,False,27734,13268,False,0.503874,False,62.579592,0.028252,0.268619,179.0
2204659,Ilha Grande,PI,-2.8,-41.6,True,True,True,True,,1.0,0.0226,16.0,15.0,False,9423,8680,False,0.668144,False,63.868282,0.020736,0.267865,180.0
2402600,Ceará-Mirim,RN,-5.6,-35.0,True,True,True,True,,1.0,0.0833,23.0,22.0,False,79575,9260,False,0.239192,False,56.306555,0.059732,0.25737,181.0
2110278,Santo Amaro do Maranhão,MA,-2.4,-42.8,True,True,True,True,,1.0,0.0821,21.0,20.0,False,13561,1060,False,0.141548,False,93.236682,0.058961,0.253781,182.0
2202083,Cajueiro da Praia,PI,-2.8,-41.4,True,True,True,True,,1.0,0.0132,15.0,14.0,False,8243,7271,False,0.640718,False,75.680168,0.014697,0.244489,183.0
2207702,Parnaíba,PI,-2.8,-41.6,True,True,True,True,,1.0,0.0226,16.0,15.0,False,162156,112123,False,0.726071,False,45.869374,0.020736,0.241236,184.0
1508209,Vigia,PA,-1.4,-48.6,True,True,True,True,,2.0,0.0,29.0,27.0,False,50518,49382,False,0.811326,False,61.134098,0.012434,0.22979,185.0
2101707,Barreirinhas,MA,-2.4,-42.8,True,True,True,True,,1.0,0.0821,21.0,20.0,False,65690,2711,False,0.121598,False,85.330285,0.058961,0.228995,186.0
2507507,João Pessoa,PB,-7.6,-34.8,True,True,True,True,,1.0,0.0255,23.0,22.0,False,832386,832386,False,0.989991,False,27.013155,0.0226,0.227792,187.0
1502608,Colares,PA,-1.4,-48.6,True,True,True,True,,2.0,0.0,29.0,27.0,False,12916,12916,False,0.726486,False,65.732844,0.012434,0.22605,188.0
2905701,Camaçari,BA,-12.8,-38.0,True,True,True,True,,1.0,0.0355,28.0,27.0,False,300589,114610,False,0.540008,False,36.697015,0.029024,0.222947,189.0
3203205,Linhares,ES,-19.4,-39.6,True,True,True,True,,14.0,0.1289,52.0,38.0,False,166694,5386,False,0.118257,False,27.329297,0.169844,0.218455,190.0
2102903,Carutapera,MA,-1.0,-45.8,True,True,True,True,,0.0,0.0,23.0,23.0,True,24161,21233,False,0.715019,False,73.788119,0.0,0.214699,191.0
1506302,Salvaterra,PA,-0.8,-48.4,True,True,True,True,,0.0,0.0,28.0,28.0,True,24094,23831,False,0.76668,False,68.032548,0.0,0.213622,192.0
1508308,Viseu,PA,-1.0,-46.0,True,True,True,True,,0.0,0.0,18.0,18.0,True,58873,33687,False,0.601292,False,85.714332,0.0,0.212503,193.0
2607604,Ilha de Itamaracá,PE,-7.8,-34.8,True,True,True,True,,0.0,0.0,22.0,22.0,True,24012,24012,False,0.771432,False,62.631235,0.0,0.20653,194.0
2704500,Maragogi,AL,-9.0,-35.0,True,True,True,True,,0.0,0.0,17.0,17.0,True,32034,29706,False,0.757155,False,62.526558,0.0,0.204674,195.0
2300200,Acaraú,CE,-2.8,-40.2,True,True,True,True,,0.0,0.0,13.0,13.0,True,64805,49773,False,0.719619,False,65.676846,0.0,0.204521,196.0
2302206,Beberibe,CE,-4.2,-37.8,True,True,True,True,,0.0,0.0,25.0,25.0,True,53139,39579,False,0.695457,False,67.074843,0.0,0.203335,197.0
2908606,Conde,BA,-12.0,-37.4,True,True,True,True,,0.0,0.0,20.0,20.0,True,23665,19720,False,0.691437,False,67.401747,0.0,0.20325,198.0
2106201,Luís Domingues,MA,-1.0,-45.8,True,True,True,True,,0.0,0.0,23.0,23.0,True,7169,6627,False,0.648772,False,71.17047,0.0,0.202412,199.0
2914901,Itacaré,BA,-14.4,-38.8,True,True,True,True,,1.0,0.0151,24.0,23.0,False,27606,17818,False,0.602659,False,47.74636,0.015918,0.201688,200.0
2508604,Lucena,PB,-7.0,-34.8,True,True,True,True,,0.0,0.0,25.0,25.0,True,12403,12403,False,0.723451,False,62.151013,0.0,0.20003,201.0
2313500,Trairi,CE,-3.2,-39.2,True,True,True,True,,0.0,0.0,24.0,24.0,True,58274,38037,False,0.648878,False,69.208688,0.0,0.19992,202.0
2703601,Japaratinga,AL,-9.2,-35.2,True,True,True,True,,0.0,0.0,19.0,19.0,True,8944,8944,False,0.698486,False,63.583146,0.0,0.19893,203.0
2513703,Santa Rita,PB,-7.0,-34.8,True,True,True,True,,0.0,0.0,25.0,25.0,True,148951,138679,False,0.85518,False,51.050057,0.0,0.197409,204.0
2408953,Rio do Fogo,RN,-5.4,-35.2,True,True,True,True,,0.0,0.0,22.0,22.0,True,9870,9533,False,0.691312,False,62.281766,0.0,0.196187,205.0
2613404,São José da Coroa Grande,PE,-9.0,-35.0,True,True,True,True,,0.0,0.0,17.0,17.0,True,17956,17834,False,0.747655,False,57.552962,0.0,0.196133,206.0
1507102,São Caetano de Odivelas,PA,-0.6,-48.0,True,True,True,True,,0.0,0.0,32.0,32.0,True,17150,14433,False,0.674029,False,63.323204,0.0,0.195419,207.0
2606804,Igarassu,PE,-7.8,-34.8,True,True,True,True,,0.0,0.0,22.0,22.0,True,115783,112161,False,0.859423,False,49.322024,0.0,0.194814,208.0
2310209,Paracuru,CE,-3.8,-38.2,True,True,True,True,,0.0,0.0,24.0,24.0,True,38921,33006,False,0.730724,False,57.880859,0.0,0.194621,209.0
2304459,Fortim,CE,-4.4,-37.6,True,True,True,True,,0.0,0.0,24.0,24.0,True,17488,15807,False,0.704892,False,59.913484,0.0,0.194492,210.0
2302602,Camocim,CE,-2.8,-40.8,True,True,True,True,,0.0,0.0,15.0,15.0,True,62554,56264,False,0.786398,False,52.997508,0.0,0.193336,211.0
2614204,Sirinhaém,PE,-8.8,-35.0,True,True,True,True,,0.0,0.0,20.0,20.0,True,37353,28996,False,0.691274,False,60.232206,0.0,0.193252,212.0
2305357,Icapuí,CE,-4.6,-37.4,True,True,True,True,,0.0,0.0,20.0,20.0,True,20389,20344,False,0.758838,False,53.667813,0.0,0.191332,213.0
2707404,Porto de Pedras,AL,-9.2,-35.2,True,True,True,True,,0.0,0.0,19.0,19.0,True,9326,8012,False,0.639435,False,63.077415,0.0,0.190499,214.0
2402204,Canguaretama,RN,-6.2,-35.0,True,True,True,True,,1.0,0.0466,29.0,28.0,False,29258,2753,False,0.184036,False,59.787843,0.036154,0.189312,215.0
2414407,Touros,RN,-5.2,-35.4,True,True,True,True,,0.0,0.0,19.0,19.0,True,32894,21001,False,0.608815,False,65.285199,0.0,0.189239,216.0
2700508,Barra de Santo Antônio,AL,-9.6,-35.6,True,True,True,True,,0.0,0.0,19.0,19.0,True,16348,16300,False,0.742579,False,52.984007,0.0,0.188369,217.0
2301000,Aquiraz,CE,-3.8,-38.2,True,True,True,True,,0.0,0.0,24.0,24.0,True,80554,54810,False,0.682561,False,57.604966,0.0,0.188313,218.0
2803203,Itaporanga d'Ajuda,SE,-11.2,-37.0,True,True,True,True,,0.0,0.0,21.0,21.0,True,34338,25872,False,0.674157,False,57.373278,0.0,0.186914,219.0
2601409,Barreiros,PE,-8.8,-35.0,True,True,True,True,,0.0,0.0,20.0,20.0,True,40999,37626,False,0.768701,False,50.051427,0.0,0.186465,220.0
2704708,Marechal Deodoro,AL,-9.8,-35.8,True,True,True,True,,0.0,0.0,21.0,21.0,True,60303,60303,False,0.833717,False,45.859463,0.0,0.185934,221.0
2407500,Maxaranguape,RN,-5.4,-35.2,True,True,True,True,,0.0,0.0,22.0,22.0,True,10371,7993,False,0.605481,False,62.581466,0.0,0.185175,222.0
2404408,Grossos,RN,-4.8,-37.2,True,True,True,True,,0.0,0.0,22.0,22.0,True,9728,9713,False,0.704324,False,53.206174,0.0,0.184242,223.0
2708709,São Miguel dos Milagres,AL,-9.6,-35.6,True,True,True,True,,0.0,0.0,19.0,19.0,True,8427,8386,False,0.691772,False,53.418023,0.0,0.183067,224.0
2706802,Piaçabuçu,AL,-10.4,-36.2,True,True,True,True,,0.0,0.0,22.0,22.0,True,15918,12759,False,0.649598,False,56.794773,0.0,0.182933,225.0
2302057,Barroquinha,CE,-2.8,-41.2,True,True,True,True,,0.0,0.0,16.0,16.0,True,14454,8185,False,0.520409,False,70.590803,0.0,0.182575,226.0
2401859,Caiçara do Norte,RN,-5.0,-36.2,True,True,True,True,,0.0,0.0,15.0,15.0,True,6256,5694,False,0.632005,False,58.061689,0.0,0.182482,227.0
2706448,Paripueira,AL,-9.6,-35.6,True,True,True,True,,0.0,0.0,19.0,19.0,True,13842,13621,False,0.724592,False,50.619838,0.0,0.182444,228.0
2614857,Tamandaré,PE,-8.8,-35.0,True,True,True,True,,0.0,0.0,20.0,20.0,True,23547,19600,False,0.690656,False,52.965979,0.0,0.182223,229.0
2412559,São Miguel do Gostoso,RN,-5.0,-35.6,True,True,True,True,,0.0,0.0,11.0,11.0,True,10382,7298,False,0.572218,False,63.53694,0.0,0.18171,230.0
2410256,Porto do Mangue,RN,-4.8,-36.8,True,True,True,True,,0.0,0.0,20.0,20.0,True,5177,4040,False,0.559817,False,64.808171,0.0,0.181536,231.0
2802106,Estância,SE,-11.4,-37.2,True,True,True,True,,0.0,0.0,22.0,22.0,True,64709,57169,False,0.780367,False,46.422115,0.0,0.181411,232.0
4202008,Balneário Camboriú,SC,-27.0,-48.4,True,True,True,True,,32.0,0.3273,39.0,7.0,False,136326,136326,False,0.885237,False,0.0,0.409206,0.181407,233.0
2805307,Pirambu,SE,-10.8,-36.6,True,True,True,True,,0.0,0.0,21.0,21.0,True,7810,7810,False,0.687868,False,51.970344,0.0,0.18031,234.0
2303709,Caucaia,CE,-3.6,-38.6,True,True,True,True,,0.0,0.0,26.0,26.0,True,355692,283051,False,0.82869,False,42.921873,0.0,0.179894,235.0
2704302,Maceió,AL,-9.6,-35.6,True,True,True,True,,0.0,0.0,19.0,19.0,True,956810,956710,False,0.997543,False,35.613252,0.0,0.179793,236.0
2804904,Pacatuba,SE,-10.6,-36.6,True,True,True,True,,0.0,0.0,27.0,27.0,True,12380,6035,False,0.465844,False,74.814255,0.0,0.178217,237.0
2409506,Pedra Grande,RN,-4.8,-35.8,True,True,True,True,,0.0,0.0,15.0,15.0,True,3659,3099,False,0.561915,False,61.95013,0.0,0.17812,238.0
2610707,Paulista,PE,-8.0,-34.8,True,True,True,True,,0.0,0.0,22.0,22.0,True,341519,340942,False,0.938977,False,37.060776,0.0,0.178093,239.0
2607901,Jaboatão dos Guararapes,PE,-8.2,-34.8,True,True,True,True,,0.0,0.0,21.0,21.0,True,644201,521717,False,0.867558,False,39.864055,0.0,0.177586,240.0
2304251,Cruz,CE,-2.8,-40.4,True,True,True,True,,0.0,0.0,12.0,12.0,True,30227,22114,False,0.654857,False,52.802006,0.0,0.17757,241.0
2702702,Feliz Deserto,AL,-10.4,-36.2,True,True,True,True,,0.0,0.0,22.0,22.0,True,3958,3487,False,0.58286,False,59.290589,0.0,0.177523,242.0
2512903,Rio Tinto,PB,-6.8,-34.8,True,True,True,True,,1.0,0.0294,25.0,24.0,False,24404,3701,False,0.243846,False,56.365708,0.025105,0.177399,243.0
2702306,Coruripe,AL,-10.2,-36.0,True,True,True,True,,0.0,0.0,20.0,20.0,True,50402,36897,False,0.685415,False,49.977501,0.0,0.176805,244.0
2301109,Aracati,CE,-4.4,-37.6,True,True,True,True,,0.0,0.0,24.0,24.0,True,74637,50423,False,0.675617,False,50.651555,0.0,0.176723,245.0
2707800,Roteiro,AL,-10.0,-35.8,True,True,True,True,,0.0,0.0,20.0,20.0,True,6474,6474,False,0.672899,False,50.485504,0.0,0.176127,246.0
2703759,Jequiá da Praia,AL,-10.0,-35.8,True,True,True,True,,0.0,0.0,20.0,20.0,True,9440,7790,False,0.624684,False,54.328047,0.0,0.176046,247.0
2411601,São Bento do Norte,RN,-4.8,-36.0,True,True,True,True,,0.0,0.0,17.0,17.0,True,3028,2526,False,0.540816,False,61.473357,0.0,0.174377,248.0
2609600,Olinda,PE,-8.0,-34.8,True,True,True,True,,0.0,0.0,22.0,22.0,True,346407,346407,False,0.940689,False,35.15898,0.0,0.173958,249.0
2913606,Ilhéus,BA,-15.0,-38.8,True,True,True,True,,0.0,0.0,24.0,24.0,True,178354,162788,False,0.856056,False,37.873359,0.0,0.172358,250.0
2607208,Ipojuca,PE,-8.8,-35.0,True,True,True,True,,0.0,0.0,20.0,20.0,True,98694,61658,False,0.660117,False,48.731658,0.0,0.171731,251.0
2404101,Galinhos,RN,-5.0,-36.2,True,True,True,True,,0.0,0.0,15.0,15.0,True,1672,1290,False,0.462832,False,69.436785,0.0,0.171654,252.0
2401107,Areia Branca,RN,-4.8,-37.0,True,True,True,True,,0.0,0.0,22.0,22.0,True,24079,23490,False,0.760409,False,41.799896,0.0,0.170775,253.0
2411056,Tibau,RN,-4.8,-37.2,True,True,True,True,,0.0,0.0,22.0,22.0,True,5827,5063,False,0.608469,False,52.21888,0.0,0.170746,254.0
2602902,Cabo de Santo Agostinho,PE,-8.4,-34.8,True,True,True,True,,0.0,0.0,22.0,22.0,True,203366,132206,False,0.712231,False,44.355763,0.0,0.170289,255.0
2503209,Cabedelo,PB,-7.0,-34.8,True,True,True,True,,0.0,0.0,25.0,25.0,True,66782,66782,False,0.840336,False,37.198274,0.0,0.169451,256.0
2800704,Brejo Grande,SE,-10.6,-36.6,True,True,True,True,,0.0,0.0,27.0,27.0,True,7859,4613,False,0.494143,False,62.888187,0.0,0.168986,257.0
2404507,Guamaré,RN,-5.0,-36.2,True,True,True,True,,0.0,0.0,15.0,15.0,True,14665,9843,False,0.578309,False,53.616758,0.0,0.168811,258.0
2407203,Macau,RN,-5.0,-36.6,True,True,True,True,,0.0,0.0,19.0,19.0,True,27383,25982,False,0.756824,False,40.916624,0.0,0.168708,259.0
2303501,Cascavel,CE,-4.0,-38.0,True,True,True,True,,0.0,0.0,25.0,25.0,True,72765,31228,False,0.51734,False,58.570196,0.0,0.167,260.0
2932507,Una,BA,-15.2,-38.8,True,True,True,True,,0.0,0.0,29.0,29.0,True,18049,11985,False,0.587424,False,49.816882,0.0,0.164289,261.0
2700607,Barra de São Miguel,AL,-10.0,-35.8,True,True,True,True,,0.0,0.0,20.0,20.0,True,7934,7931,False,0.68895,False,41.682098,0.0,0.162833,262.0
2611606,Recife,PE,-8.2,-34.8,True,True,True,True,,0.0,0.0,21.0,21.0,True,1489975,1487647,False,0.999218,False,27.460838,0.0,0.15936,263.0
2310258,Paraipaba,CE,-3.2,-39.0,True,True,True,True,,0.0,0.0,24.0,24.0,True,32235,13540,False,0.473119,False,56.124732,0.0,0.156887,264.0
2312403,São Gonçalo do Amarante,CE,-3.8,-38.2,True,True,True,True,,0.0,0.0,24.0,24.0,True,53955,22668,False,0.497387,False,53.129316,0.0,0.156526,265.0
2917904,Jandaíra,BA,-11.6,-37.4,True,True,True,True,,0.0,0.0,26.0,26.0,True,9161,4137,False,0.427222,False,61.724727,0.0,0.156368,266.0
2800605,Barra dos Coqueiros,SE,-10.8,-36.8,True,True,True,True,,0.0,0.0,23.0,23.0,True,41447,41447,False,0.808933,False,32.36456,0.0,0.15583,267.0
2706505,Passo de Camaragibe,AL,-9.6,-35.6,True,True,True,True,,0.0,0.0,19.0,19.0,True,13661,5034,False,0.395963,False,65.64441,0.0,0.155293,268.0
2800308,Aracaju,SE,-11.0,-37.0,True,True,True,True,,0.0,0.0,24.0,24.0,True,603825,603813,False,0.972217,False,23.660544,0.0,0.146385,269.0
2304400,Fortaleza,CE,-3.8,-38.2,True,True,True,True,,0.0,0.0,24.0,24.0,True,2427546,1675622,False,0.830815,False,27.469572,0.0,0.145821,270.0
2921005,Mata de São João,BA,-12.6,-37.8,True,True,True,True,,0.0,0.0,21.0,21.0,True,42296,17191,False,0.476583,False,45.805553,0.0,0.142679,271.0
1600501,Oiapoque,AP,4.2,-51.2,True,True,True,True,,2.0,0.0594,14.0,12.0,False,27264,518,True,0.058249,False,72.771775,0.050594,0.141437,272.0
2932705,Uruçuca,BA,-14.4,-38.8,True,True,True,True,,1.0,0.0151,24.0,23.0,False,21444,5022,False,0.315567,False,42.036454,0.015918,0.140355,273.0
2104305,Godofredo Viana,MA,-1.2,-45.6,True,True,True,True,,0.0,0.0,25.0,25.0,True,10210,3039,False,0.332165,False,62.481466,0.0,0.13916,274.0
2307254,Jijoca de Jericoacoara,CE,-2.8,-40.6,True,True,True,True,,0.0,0.0,14.0,14.0,True,25412,8931,False,0.414017,False,49.88575,0.0,0.138825,275.0
2910503,Entre Rios,BA,-12.4,-37.8,True,True,True,True,,0.0,0.0,27.0,27.0,True,38142,9759,False,0.356724,False,54.641099,0.0,0.134874,276.0
2910602,Esplanada,BA,-12.2,-37.6,True,True,True,True,,0.0,0.0,22.0,22.0,True,32366,3488,False,0.203862,False,58.251533,0.0,0.103998,277.0
2306405,Itapipoca,CE,-3.0,-39.4,True,True,True,True,,0.0,0.0,26.0,26.0,True,130429,9574,False,0.19067,False,56.90454,0.0,0.098901,278.0
2110203,Santa Rita,MA,-2.4,-44.0,True,True,True,True,,1.0,0.2044,25.0,24.0,False,36789,4,True,0.01,True,72.245788,0.137532,0.094079,279.0
1600204,Calçoene,AP,2.6,-50.8,True,True,True,True,,0.0,0.0,33.0,33.0,True,10554,101,True,0.01,True,73.215782,0.0,0.0,280.0
