municipality_code,municipality_name,state,pop_municipality,dom_municipality,pop_1km,dom_1km,pop_2km,dom_2km,pop_5km,dom_5km,pop_10km,dom_10km
4317301,Santa Vitória do Palmar,RS,30912,12521,2179,975,2472,1115,2588,1172,2795,1250
4315602,Rio Grande,RS,190452,74132,107274,41545,166754,64756,183631,71449,188623,73454
4318507,São José do Norte,RS,24947,9999,18523,7293,20498,8091,24751,9914,24947,9999
4321352,Tavares,RS,5220,2161,156,53,244,89,727,278,5151,2129
4312500,Mostardas,RS,12037,4582,212,89,676,284,8608,3272,11668,4446
4313656,Palmares do Sul,RS,12857,5186,1719,752,5830,2433,9458,3859,10953,4435
4305454,Cidreira,RS,17037,6844,5724,2462,15944,6413,16559,6632,16913,6792
4321600,Tramandaí,RS,54404,21139,3073,1368,21948,9187,51656,20087,54118,21027
4301057,Arroio do Sal,RS,11070,4483,2894,1257,8757,3654,11045,4473,11070,4483
4321501,Torres,RS,41671,16526,17852,7496,27449,11204,34437,13762,40850,16203
4202073,Balneário Gaivota,SC,15715,5997,10095,3958,11906,4600,15457,5902,15715,5997
4201950,Balneário Arroio do Silva,SC,15765,6012,10020,3973,15536,5933,15765,6012,15765,6012
4201406,Araranguá,SC,71984,26805,1074,454,2059,840,4006,1568,57934,21876
4208807,Jaguaruna,SC,20353,7560,3959,1607,6031,2399,7507,2923,18296,6819
4209409,Laguna,SC,42793,16411,28798,10974,38617,14778,42518,16280,42793,16411
4207304,Imbituba,SC,52489,19987,3197,1316,23820,9245,43542,16788,52485,19985
4205704,Garopaba,SC,29979,11324,1887,758,6965,2828,27973,10595,29979,11324
4211900,Palhoça,SC,222130,81675,14143,5461,51701,19397,170967,63429,221990,81626
4206009,Governador Celso Ramos,SC,16638,6065,6497,2322,10609,3876,15748,5757,16638,6065
4202453,Bombinhas,SC,24956,9104,11564,4391,24113,8823,24956,9104,24956,9104
4202008,Balneário Camboriú,SC,136326,56642,2558,952,66370,29981,136295,56629,136326,56642
4212502,Penha,SC,33389,11883,3226,1116,14699,5302,31810,11335,33389,11883
4202057,Balneário Barra do Sul,SC,14876,5786,9332,3613,14110,5501,14876,5786,14876,5786
4216206,São Francisco do Sul,SC,52658,19380,21570,7972,40341,14778,51921,19132,52658,19380
4208450,Itapoá,SC,30679,11486,9551,3757,25831,9795,30132,11286,30679,11486
4109609,Guaratuba,PR,41972,15347,13148,4787,31609,11676,40068,14672,40665,14884
4119954,Pontal do Paraná,PR,30413,11742,28327,10954,29730,11491,30295,11698,30362,11724
4118204,Paranaguá,PR,145574,49019,53461,18012,77253,25846,128619,43357,145334,48925
4109500,Guaraqueçaba,PR,7308,2555,2571,909,4757,1640,5899,2061,6831,2400
3509908,Cananéia,SP,12290,4404,3807,1392,9914,3567,11078,3975,12042,4312
3520426,Ilha Comprida,SP,13414,5297,12738,5044,13414,5297,13414,5297,13414,5297
3520301,Iguape,SP,29078,10839,16242,6114,22978,8557,24118,8968,25098,9353
3537602,Peruíbe,SP,68089,24975,8683,3433,23964,9427,65839,24143,67826,24881
3531100,Mongaguá,SP,61689,21507,2104,888,28246,10681,61059,21270,61689,21507
3541000,Praia Grande,SP,349895,130177,66212,28480,177267,71769,349664,130087,349895,130177
3518701,Guarujá,SP,287487,99506,182179,64408,242044,84485,287487,99506,287487,99506
3506359,Bertioga,SP,64183,22796,15025,5575,38223,13820,63877,22696,64183,22796
3550704,São Sebastião,SP,81344,28928,20703,7824,59931,21676,81259,28893,81344,28928
3520400,Ilhabela,SP,34612,12621,17255,6363,30202,11094,34503,12578,34612,12621
3510500,Caraguatatuba,SP,134675,48661,44598,17387,99676,36944,133753,48510,134661,48654
3555406,Ubatuba,SP,92691,33959,8985,3322,24498,9050,73234,27198,92676,33953
3303807,Paraty,RJ,44399,15927,8694,3068,26228,9397,38410,13733,44292,15887
3300100,Angra dos Reis,RJ,166050,61640,68635,26243,131516,49199,164768,61161,166027,61630
3302601,Mangaratiba,RJ,39932,15246,29124,11066,36305,13885,38141,14591,39932,15246
3304557,Rio de Janeiro,RJ,6193495,2433368,481291,209053,962780,414748,2327918,957195,4374900,1757947
3303302,Niterói,RJ,480647,194218,214927,90074,308843,127512,450008,182397,480647,194218
3302700,Maricá,RJ,197166,73495,19225,7343,56200,20967,108945,40246,194972,72699
3305505,Saquarema,RJ,89580,34188,17621,7065,26414,10372,51673,19941,87708,33490
3300209,Araruama,RJ,129723,48222,440,182,3565,1391,6911,2711,81680,30887
3300258,Arraial do Cabo,RJ,30935,11530,20819,7816,28080,10413,30935,11530,30935,11530
3300704,Cabo Frio,RJ,221296,81809,66267,25964,140724,53197,214939,79600,220886,81671
3300233,Armação dos Búzios,RJ,39919,14954,19272,7450,35661,13460,39919,14954,39919,14954
3301306,Casimiro de Abreu,RJ,46635,17104,13051,4927,16585,6140,22128,8111,22720,8318
3302403,Macaé,RJ,245856,92581,152959,58521,209054,78981,226574,85311,231563,87066
3304151,Quissamã,RJ,22189,8062,1482,549,1520,562,1763,656,7919,2874
3301009,Campos dos Goytacazes,RJ,483486,175874,7566,3038,8619,3456,9978,4027,12174,4935
3305000,São João da Barra,RJ,36489,14437,12542,4936,19107,7570,27655,10977,30827,12176
3304755,São Francisco de Itabapoana,RJ,44839,17216,6320,2383,13324,5060,20759,7894,32815,12632
3204302,Presidente Kennedy,ES,13883,5197,784,296,1269,454,2327,833,5686,2053
3203320,Marataízes,ES,41520,14825,30759,11225,35295,12716,39676,14191,41520,14825
3202405,Guarapari,ES,124017,46515,59803,23485,92118,35652,116184,43742,120091,44997
3205309,Vitória,ES,322636,128456,128430,52460,221060,90452,322636,128456,322636,128456
3202207,Fundão,ES,17898,6680,1637,629,6217,2321,6284,2342,6341,2366
3200607,Aracruz,ES,94786,32817,6929,2461,17159,6045,24940,8539,26952,9151
3203205,Linhares,ES,166694,58789,2041,759,4221,1514,5008,1767,5386,1884
3204906,São Mateus,ES,123809,45296,5401,2143,15615,5974,22373,8471,32354,12073
3201605,Conceição da Barra,ES,27366,9627,9842,3530,11241,4016,14332,5070,15252,5378
2922003,Mucuri,BA,37290,13152,6822,2509,9283,3379,9607,3481,10555,3806
2923001,Nova Viçosa,BA,39480,13701,8297,2896,9362,3259,9435,3286,9605,3348
2906907,Caravelas,BA,21619,7646,207,84,2145,776,4086,1447,10657,3778
2900801,Alcobaça,BA,24297,8508,6199,2236,9239,3251,11021,3873,12289,4324
2925501,Prado,BA,34522,11464,4410,1628,13539,4703,23577,7889,25237,8397
2925303,Porto Seguro,BA,167827,60435,2315,942,20027,8105,126322,46252,150434,54511
2927705,Santa Cruz Cabrália,BA,29244,10579,3320,1280,10567,3922,22045,8031,24723,8930
2903409,Belmonte,BA,20092,7258,1381,506,9394,3430,9615,3506,10104,3701
2906303,Canavieiras,BA,32663,12036,811,352,7489,2837,26237,9554,27990,10228
2932507,Una,BA,18049,6941,780,281,1470,551,2772,1037,11985,4562
2913606,Ilhéus,BA,178354,66588,90290,33968,142989,53254,151902,56681,162788,60653
2932705,Uruçuca,BA,21444,7894,1535,624,4172,1561,4951,1855,5022,1890
2920700,Maraú,BA,24460,8571,10467,3677,14433,5082,15991,5613,17327,6072
2905800,Camamu,BA,30603,10502,791,293,2098,763,10958,3817,21927,7409
2905404,Cairu,BA,17106,6316,12783,4797,17024,6290,17106,6316,17106,6316
2932903,Valença,BA,85560,32369,13326,4875,39836,14988,63206,24009,65916,25039
2917805,Jaguaripe,BA,17676,6423,3747,1406,5873,2197,7616,2831,8703,3221
2927408,Salvador,BA,2416356,959254,574767,230602,1125461,451543,2078448,829621,2403202,954477
2919207,Lauro de Freitas,BA,203236,75360,12810,4638,45904,16330,148489,55457,203189,75343
2905701,Camaçari,BA,300589,110168,6133,2373,27400,10212,109758,40341,114610,42092
2921005,Mata de São João,BA,42296,15266,752,263,4296,1559,16108,5751,17191,6147
2910503,Entre Rios,BA,38142,13746,4485,1641,6224,2263,8617,3149,9759,3565
2910602,Esplanada,BA,32366,10773,597,206,597,206,1790,610,3488,1182
2908606,Conde,BA,23665,7713,4261,1383,4507,1463,6733,2145,19720,6414
2917904,Jandaíra,BA,9161,3077,785,256,963,315,1494,494,4137,1364
2802106,Estância,SE,64709,23111,1368,497,3805,1362,6231,2197,57169,20413
2803203,Itaporanga d'Ajuda,SE,34338,12170,1809,626,3358,1172,13045,4559,25872,9082
2800308,Aracaju,SE,603825,219289,36851,13822,81327,30324,317186,117991,603813,219282
2800605,Barra dos Coqueiros,SE,41447,14506,7841,2772,20502,7190,41447,14506,41447,14506
2805307,Pirambu,SE,7810,2606,4891,1584,5342,1756,6700,2212,7810,2606
2804904,Pacatuba,SE,12380,4157,1175,402,1747,599,3365,1143,6035,2044
2706802,Piaçabuçu,AL,15918,5260,1708,574,1751,595,3068,1015,12759,4211
2702306,Coruripe,AL,50402,16422,5202,1684,8707,2842,19620,6437,36897,12120
2703759,Jequiá da Praia,AL,9440,2982,1421,443,4562,1510,5802,1904,7790,2516
2704708,Marechal Deodoro,AL,60303,19623,32259,10777,54866,17994,60143,19562,60303,19623
2704302,Maceió,AL,956810,335861,151588,52880,375979,134424,727797,257388,956710,335827
2707404,Porto de Pedras,AL,9326,2858,3568,1095,7246,2232,7624,2343,8012,2465
2704500,Maragogi,AL,32034,10050,7922,2542,24408,7725,27344,8612,29706,9318
2601409,Barreiros,PE,40999,13644,637,195,637,195,1945,615,37626,12612
2602902,Cabo de Santo Agostinho,PE,203366,71812,1399,547,15398,5609,35460,12659,132206,46510
2611606,Recife,PE,1489975,548743,303542,118377,612442,235086,1242045,462612,1487647,547951
2609600,Olinda,PE,346407,126139,24614,9384,99563,36904,286120,104674,346407,126139
2606804,Igarassu,PE,115783,40733,2398,898,6398,2214,65215,22731,112161,39510
2606200,Goiana,PE,80881,27963,9853,3527,12223,4344,25131,8672,73181,25357
2511905,Pitimbu,PB,16589,5347,8686,2846,10837,3535,14564,4706,16552,5337
2503209,Cabedelo,PB,66782,22947,61260,21037,66658,22912,66782,22947,66782,22947
2512903,Rio Tinto,PB,24404,8159,715,233,1562,516,2213,721,3701,1195
2509305,Mataraca,PB,8343,2714,738,235,770,246,776,248,3863,1282
2401404,Baía Formosa,RN,8817,2782,7264,2267,7612,2369,8372,2630,8755,2764
2414209,Tibau do Sul,RN,17601,6171,10111,3661,15813,5651,17601,6171,17601,6171
2408102,Natal,RN,751406,270731,5861,2063,48057,16955,268584,101105,722364,260801
2403608,Extremoz,RN,61569,20465,2760,913,6135,2021,9560,3172,44507,14807
2407500,Maxaranguape,RN,10371,3255,4366,1439,7273,2334,7459,2391,7993,2547
2414407,Touros,RN,32894,10408,10681,3438,17320,5480,18331,5801,21001,6632
2407203,Macau,RN,27383,9671,4252,1441,6085,2063,24966,8823,25982,9193
2404101,Galinhos,RN,1672,497,1275,388,1287,391,1290,392,1290,392
2412559,São Miguel do Gostoso,RN,10382,3266,946,308,6162,1955,7025,2227,7298,2314
2404408,Grossos,RN,9728,3328,0,0,157,47,2179,761,9713,3321
2401107,Areia Branca,RN,24079,8182,2813,987,3975,1392,22990,7837,23490,8006
2410256,Porto do Mangue,RN,5177,1725,944,312,3273,1098,3281,1101,4040,1352
2411601,São Bento do Norte,RN,3028,971,1189,379,1352,433,1851,595,2526,809
2409506,Pedra Grande,RN,3659,1105,1086,316,1116,327,1426,421,3099,950
2305357,Icapuí,CE,20389,6851,2270,765,8112,2709,19136,6459,20344,6834
2301109,Aracati,CE,74637,25892,6778,2319,7437,2534,13537,4453,50423,17373
2302206,Beberibe,CE,53139,18278,6031,1997,11682,3913,31904,10823,39579,13513
2303501,Cascavel,CE,72765,25343,5598,1811,7365,2399,10484,3530,31228,10697
2301000,Aquiraz,CE,80554,28010,8645,3354,10854,4136,37172,13242,54810,19272
2303709,Caucaia,CE,355692,120772,19736,6708,37228,12447,65363,21832,283051,95993
2313500,Trairi,CE,58274,18878,6656,1983,11457,3534,31083,9928,38037,12239
2310258,Paraipaba,CE,32235,10816,0,0,439,142,3376,1113,13540,4610
2306405,Itapipoca,CE,130429,41374,2757,785,5759,1675,7723,2227,9574,2767
2205706,Luís Correia,PI,30514,9351,7403,2170,13175,3833,15644,4600,19723,5946
2202083,Cajueiro da Praia,PI,8243,2602,5278,1688,5755,1832,6436,2038,7271,2295
2302057,Barroquinha,CE,14454,4733,0,0,3681,1113,5443,1666,8185,2574
2302602,Camocim,CE,62554,20462,328,105,7260,2316,48982,16108,56264,18419
2307254,Jijoca de Jericoacoara,CE,25412,8779,2523,937,2855,1071,4119,1453,8931,3066
2304251,Cruz,CE,30227,10531,750,279,4467,1566,7104,2478,22114,7813
2300200,Acaraú,CE,64805,20845,4962,1646,8993,2963,26319,8440,49773,15998
2306553,Itarema,CE,42857,12945,8937,2534,12630,3592,31165,9267,35392,10503
2300754,Amontada,CE,41713,13109,4016,1193,7688,2253,13014,3817,16088,4719
2112506,Tutóia,MA,52212,14470,13317,3772,18447,5197,34789,9759,38971,10946
2100907,Araioses,MA,38436,11791,2390,736,4576,1347,5501,1604,17715,5400
2109452,Raposa,MA,30845,9529,8191,2497,19170,5840,30845,9529,30845,9529
2105104,Icatu,MA,24618,6862,5167,1473,10156,2843,17423,4865,22405,6262
2101707,Barreirinhas,MA,65690,18060,15,6,822,223,2660,710,2711,728
2105005,Humberto de Campos,MA,25901,7048,2239,619,2443,681,6995,1911,17154,4676
2109403,Primeira Cruz,MA,13521,3594,1439,407,4086,1153,5366,1536,7269,2019
2104909,Guimarães,MA,10285,3523,2715,916,6637,2256,8434,2873,10033,3438
2103109,Cedral,MA,9914,3106,2046,639,4906,1508,8357,2614,8996,2831
1508209,Vigia,PA,50518,15713,27340,8321,35439,10852,43426,13384,49382,15336
2101301,Bacuri,MA,16318,5156,613,188,939,278,4208,1246,6520,1944
2100832,Apicum-Açu,MA,17526,5057,30,10,30,10,7427,2031,17525,5056
2103703,Cururupu,MA,31127,9895,1966,645,3875,1264,5595,1782,29741,9421
2104305,Godofredo Viana,MA,10210,3155,710,210,1832,529,2387,698,3039,912
1508308,Viseu,PA,58873,16306,1349,382,8406,2359,23414,6516,33687,9223
2106201,Luís Domingues,MA,7169,2122,3,2,3,2,2041,603,6627,1945
1506302,Salvaterra,PA,24094,7404,10747,3290,17379,5423,21248,6575,23831,7312
1501709,Bragança,PA,122951,37067,5372,1548,10692,3057,57349,17330,107114,32527
1500909,Augusto Corrêa,PA,44304,12297,434,110,1171,304,4766,1303,31267,8755
1507102,São Caetano de Odivelas,PA,17150,5325,2184,634,8018,2429,13551,4135,14433,4416
1507474,São João de Pirabas,PA,20716,6564,6318,1965,9381,2891,14418,4490,18928,5961
1506112,Quatipuru,PA,11238,3567,13,7,286,93,9103,2850,10693,3359
1508035,Tracuateua,PA,28849,8821,10,4,331,96,860,244,4977,1483
1502905,Curuçá,PA,41000,12073,2229,630,8079,2242,25536,7390,32395,9417
1504307,Maracanã,PA,25442,7567,11135,3282,15200,4455,17233,5078,19480,5781
1507904,Soure,PA,24146,7075,9991,2923,21226,6227,23732,6913,23871,6960
1502509,Chaves,PA,19848,4552,8344,1925,11885,2767,15597,3594,17151,3954
1600303,Macapá,AP,441451,123278,27938,7517,94905,26107,303829,84938,425062,118923
1600105,Amapá,AP,8065,2100,2,2,2001,461,6791,1714,6958,1770
1600204,Calçoene,AP,10554,2798,8,4,28,11,28,11,101,38
1600501,Oiapoque,AP,27264,7078,8,2,11,3,330,78,518,118
4310330,Imbé,RS,26841,10480,3178,1328,18563,7386,26841,10480,26841,10480
4313508,Osório,RS,47228,17830,1119,426,3397,1256,3428,1267,4581,1691
4301636,Balneário Pinhal,RS,14943,6120,2457,1071,11642,4881,13387,5518,13408,5526
4323804,Xangri-lá,RS,16876,5957,7681,2817,11881,4306,16768,5919,16876,5957
4321436,Terra de Areia,RS,10368,4030,61,31,540,214,548,217,765,297
4304630,Capão da Canoa,RS,63315,23811,205,94,18712,8031,63272,23793,63315,23811
4212254,Passo de Torres,SC,12883,4746,5552,2097,10452,3863,12506,4600,12883,4746
4220000,Balneário Rincão,SC,16025,5839,810,328,8186,3121,15962,5814,16025,5839
4212304,Paulo Lopes,SC,9090,3310,0,0,10,5,658,279,8316,3015
4205407,Florianópolis,SC,536876,219963,226889,93671,394966,163595,531588,217970,536876,219963
4218004,Tijucas,SC,51595,18253,9788,3268,16146,5668,46443,16462,49288,17391
4213500,Porto Belo,SC,27606,9887,22230,8096,25427,9181,27214,9762,27606,9887
4208302,Itapema,SC,75330,27194,26401,10488,55750,21032,74314,26856,75330,27194
4208203,Itajaí,SC,263998,94096,1235,471,4685,1871,63412,24801,217579,78494
4211306,Navegantes,SC,86269,29393,2225,879,23843,8927,64329,22159,81474,27779
4212809,Balneário Piçarras,SC,27180,9864,3708,1490,10415,3935,25286,9200,26868,9746
4216602,São José,SC,271013,105903,20702,8431,111907,46630,227742,90571,269900,105498
4202305,Biguaçu,SC,76590,28256,15795,5765,43517,16268,67760,25053,74252,27376
4202107,Barra Velha,SC,45128,16103,21157,8044,36604,13319,43388,15511,44994,16058
4201307,Araquari,SC,45211,15009,1072,433,2067,760,10152,3441,29276,9768
4115705,Matinhos,PR,39200,15011,17546,6907,31977,12423,39114,14981,39200,15011
3522109,Itanhaém,SP,112541,42046,5699,2303,35727,14233,105797,39536,111936,41797
3551009,São Vicente,SP,328987,119483,153353,56968,233982,88205,287734,105136,328987,119483
3548500,Santos,SP,418360,167601,219176,91312,394063,158859,418340,167592,418350,167595
3302007,Itaguaí,RJ,116489,42184,8642,3141,9985,3626,35152,12786,107362,38909
3304904,São Gonçalo,RJ,895560,357758,60032,23701,185489,72991,462290,184142,837612,335005
3301900,Itaboraí,RJ,223854,86473,0,0,0,0,0,0,29916,11572
3301850,Guapimirim,RJ,51557,18454,2400,824,4844,1658,9682,3389,12068,4216
3302502,Magé,RJ,228147,82953,33542,12322,49579,18406,86619,31355,166026,59720
3301702,Duque de Caxias,RJ,807233,297983,15920,5898,54347,20304,333202,125302,649287,241123
3304524,Rio das Ostras,RJ,155775,58858,76240,29420,131769,50115,151172,57227,154030,58213
3300936,Carapebus,RJ,13881,5048,63,28,63,28,210,90,12438,4504
3202801,Itapemirim,ES,39949,14096,13738,5006,17474,6278,27282,9667,31338,11038
3204203,Piúma,ES,21986,8406,15969,6177,20521,7842,21675,8291,21986,8406
3200409,Anchieta,ES,29477,10842,18433,6940,22547,8381,23507,8694,25542,9393
3205200,Vila Velha,ES,464614,176239,205858,82562,359710,141031,452976,174878,456334,176041
3205002,Serra,ES,520895,192329,55195,20636,137402,50949,298639,111187,448882,166361
2914901,Itacaré,BA,27606,9938,9099,3363,13636,4986,16863,6153,17818,6486
2913457,Igrapiúna,BA,12838,4374,1068,389,1916,664,2453,830,7790,2717
2917300,Ituberá,BA,21999,8076,14328,5380,16246,6089,18317,6814,19876,7381
2922607,Nilo Peçanha,BA,12345,4374,3849,1380,4802,1741,5632,2037,6282,2279
2933208,Vera Cruz,BA,42537,16567,17895,6868,35397,13740,42537,16567,42537,16567
2800704,Brejo Grande,SE,7859,2481,0,0,132,30,1442,441,4613,1455
2702702,Feliz Deserto,AL,3958,1328,34,14,2417,810,3462,1171,3487,1181
2707800,Roteiro,AL,6474,1989,0,0,0,0,303,92,6474,1989
2700607,Barra de São Miguel,AL,7934,2539,219,85,2517,849,6367,2072,7931,2537
2706448,Paripueira,AL,13842,4393,571,207,8843,2862,13433,4263,13621,4321
2700508,Barra de Santo Antônio,AL,16348,5241,5880,1915,15619,5018,15699,5041,16300,5227
2706505,Passo de Camaragibe,AL,13661,4184,1471,461,2789,857,4323,1301,5034,1517
2708709,São Miguel dos Milagres,AL,8427,2666,2350,778,8066,2548,8146,2574,8386,2651
2703601,Japaratinga,AL,8944,2794,3045,1015,6998,2204,8339,2598,8944,2794
2613404,São José da Coroa Grande,PE,17956,5859,11560,3869,16764,5491,17655,5760,17834,5817
2614857,Tamandaré,PE,23547,7629,7426,2531,17260,5679,18805,6150,19600,6397
2614204,Sirinhaém,PE,37353,11826,3652,1192,7416,2384,7880,2515,28996,9252
2607208,Ipojuca,PE,98694,33199,11281,3971,15452,5381,49517,16950,61658,21005
2607901,Jaboatão dos Guararapes,PE,644201,235440,37533,14265,98479,36843,323288,118339,521717,190813
2610707,Paulista,PE,341519,124212,24110,9104,96913,35838,205970,75256,340942,124023
2607604,Ilha de Itamaracá,PE,24012,7803,15094,5328,22673,7326,24012,7803,24012,7803
2507507,João Pessoa,PB,832386,296270,141839,52462,257777,94685,589156,211655,832386,296270
2504603,Conde,PB,27734,9018,4043,1460,6997,2399,9728,3269,13268,4397
2513703,Santa Rita,PB,148951,49274,678,240,2112,715,29201,9696,138679,45975
2508604,Lucena,PB,12403,3881,8442,2678,10954,3467,11718,3680,12403,3881
2509057,Marcação,PB,8751,2693,1347,444,2272,720,3404,1049,8001,2472
2501401,Baía da Traição,PB,9242,2801,5735,1811,6720,2113,8470,2588,9242,2801
2402204,Canguaretama,RN,29258,9062,141,50,876,301,2465,806,2753,897
2413201,Senador Georgino Avelino,RN,4065,1256,1089,360,1302,429,4065,1256,4065,1256
2408201,Nísia Floresta,RN,31868,9870,3297,1136,4865,1671,13811,3952,21251,6403
2403251,Parnamirim,RN,252371,90063,319,116,4035,1415,18404,6925,115400,43002
2402600,Ceará-Mirim,RN,79575,25150,2307,776,3345,1118,4204,1409,9260,2982
2408953,Rio do Fogo,RN,9870,2995,3633,1126,6577,1987,7086,2155,9533,2891
2401859,Caiçara do Norte,RN,6256,1967,5687,1790,5687,1790,5694,1792,5694,1792
2404507,Guamaré,RN,14665,4727,22,10,3163,1066,9355,3012,9843,3166
2411056,Tibau,RN,5827,2005,0,0,469,147,4752,1604,5063,1730
2304459,Fortim,CE,17488,6019,139,59,2484,826,6353,2133,15807,5444
2304400,Fortaleza,CE,2427546,860694,161450,58518,363289,131952,898169,324022,1675622,599538
2312403,São Gonçalo do Amarante,CE,53955,17913,3827,1246,8891,2925,17576,5775,22668,7457
2310209,Paracuru,CE,38921,12969,6,1,119,39,19399,6511,33006,11029
2207702,Parnaíba,PI,162156,51609,929,286,1042,320,9534,3023,112123,36166
2204659,Ilha Grande,PI,9423,2829,62,23,62,23,267,83,8680,2606
2108058,Paulino Neves,MA,17355,4518,47,12,188,54,7728,2119,8954,2432
2110278,Santo Amaro do Maranhão,MA,13561,3452,0,0,192,55,756,208,1060,269
2101103,Axixá,MA,12102,3454,443,139,746,228,6200,1799,11670,3344
2109601,Rosário,MA,38345,12082,0,0,218,61,1660,501,20520,6430
2101251,Bacabeira,MA,16990,5307,0,0,0,0,72,27,5775,1776
2110203,Santa Rita,MA,36789,11254,0,0,0,0,0,0,4,2
2107506,Paço do Lumiar,MA,145384,47855,89,33,1737,538,32905,10977,145384,47855
2111201,São José de Ribamar,MA,243840,80925,29985,9023,54152,16921,119536,38799,243840,80925
2111300,São Luís,MA,1038019,349169,117287,40923,243785,83593,599875,205230,1038019,349169
2102408,Cajapió,MA,10057,3125,2541,830,3761,1229,4439,1429,7299,2289
2111003,São João Batista,MA,18979,6046,9,2,38,9,388,124,1303,404
2101350,Bacurituba,MA,5272,1750,273,84,417,125,894,271,2503,824
2100204,Alcântara,MA,18355,6258,7502,2526,9375,3150,14623,4951,18298,6242
2101905,Bequimão,MA,19566,6730,255,88,477,176,1919,707,11618,3953
2109056,Porto Rico do Maranhão,MA,6050,1901,597,172,2233,682,3242,1026,5578,1767
2111789,Serrano do Maranhão,MA,10137,3120,0,0,25,9,1950,563,2892,836
2112407,Turiaçu,MA,37274,10170,6391,1932,12968,3828,21560,6097,25437,7065
2102606,Cândido Mendes,MA,19940,5689,474,153,1380,429,1437,447,4371,1285
2102903,Carutapera,MA,24161,7042,1480,445,15412,4484,18637,5471,21233,6202
1506203,Salinópolis,PA,44759,13524,33742,10089,40956,12339,43832,13223,44759,13524
1504109,Magalhães Barata,PA,7974,2461,676,201,1485,451,1963,573,4235,1310
1504406,Marapanim,PA,26801,8468,14343,4550,17012,5359,18746,5912,19274,6077
1502608,Colares,PA,12916,4021,4201,1313,7040,2205,11772,3647,12916,4021
2605459,Fernando de Noronha,PE,3161,909,2834,816,3161,909,3161,909,3161,909
4207007,Içara,SC,59141,21163,0,0,0,0,24,7,9870,3466
