grid_lat,grid_lon,municipality,thr_hs_abs,thr_ssh_total_abs,compound_count_total,compound_count_annual_mean,mean_overlap_duration,p95_overlap_duration,max_overlap_duration,mean_peak_lag_days,mean_compound_intensity_norm,p95_compound_intensity_norm,max_compound_intensity_norm,mean_compound_intensity_norm_abspeak,p95_compound_intensity_norm_abspeak,max_compound_intensity_norm_abspeak
-35.0,-54.8,,2.14,0.575292,322,9.76,1.58,3.0,5,-0.15,0.4849,0.9483,1.0,0.3346,0.5377,0.6195
-35.0,-54.6,,2.34,0.568502,294,8.91,1.62,3.0,5,-0.14,0.5044,0.9778,1.0,0.3801,0.5634,0.6167
-35.0,-54.4,,2.498,0.561985,291,8.82,1.56,3.0,5,-0.04,0.4842,0.9944,1.0,0.4033,0.5845,0.6286
-35.0,-54.2,,2.6,0.555906,276,8.36,1.55,3.0,5,-0.04,0.4766,0.9785,1.0,0.4207,0.5812,0.6162
-35.0,-54.0,,2.67,0.553987,252,7.64,1.58,3.0,7,-0.03,0.4762,0.9388,1.0,0.4337,0.5734,0.6044
-34.8,-54.4,,2.19,0.62577,302,9.15,1.52,3.0,5,-0.14,0.4938,0.9375,1.0,0.3554,0.5512,0.6368
-34.8,-54.2,,2.43,0.613323,288,8.73,1.56,3.0,6,-0.04,0.5048,0.973,1.0,0.4043,0.5836,0.6388
-34.8,-54.0,,2.58,0.597247,270,8.18,1.6,3.0,5,-0.01,0.5017,0.991,1.0,0.4299,0.5931,0.6331
-34.8,-53.8,,2.7,0.578266,247,7.49,1.61,3.0,5,0.04,0.4975,0.9635,1.0,0.4482,0.5854,0.6155
-34.8,-53.6,,2.85,0.555919,235,7.12,1.6,3.0,5,0.11,0.4702,0.9174,1.0,0.4587,0.5739,0.5997
-34.6,-54.0,,2.3,0.659708,270,8.18,1.58,3.0,6,0.03,0.497,0.9243,1.0,0.3838,0.5661,0.6438
-34.6,-53.8,,2.47,0.640632,259,7.85,1.62,3.0,6,0.08,0.5096,0.9346,1.0,0.4182,0.5834,0.6304
-34.6,-53.6,,2.69,0.612657,258,7.82,1.6,3.15,4,0.08,0.4984,0.9748,1.0,0.4508,0.5933,0.6334
-34.6,-53.4,,2.85,0.578163,240,7.27,1.58,3.05,5,0.05,0.4788,0.9197,1.0,0.464,0.586,0.6106
-34.4,-53.8,,1.59,0.702734,287,8.7,1.49,3.0,5,-0.03,0.4182,0.7926,1.0,0.2233,0.3801,0.6066
-34.4,-53.6,,2.25,0.684484,253,7.67,1.57,3.0,5,0.08,0.4759,0.8775,1.0,0.3721,0.5633,0.6258
-34.4,-53.4,,2.63,0.647297,249,7.55,1.56,3.0,4,0.03,0.4891,0.9376,1.0,0.4435,0.5911,0.6332
-34.2,-53.6,,1.95,0.737133,237,7.18,1.43,3.0,4,-0.05,0.4371,0.8189,1.0,0.3062,0.4761,0.6336
-34.2,-53.4,,2.44,0.704151,251,7.61,1.55,3.0,5,0.03,0.4794,0.8937,1.0,0.4136,0.5901,0.6527
-34.2,-53.2,,2.69,0.655482,244,7.39,1.58,3.0,4,-0.0,0.4906,0.934,1.0,0.4537,0.5991,0.6443
-34.0,-53.4,,2.15,0.760127,238,7.21,1.49,3.0,5,-0.03,0.4594,0.8687,1.0,0.3602,0.5445,0.6354
-34.0,-53.2,,2.45,0.716269,252,7.64,1.54,3.0,5,0.08,0.4758,0.909,1.0,0.4159,0.5936,0.6596
-34.0,-53.0,,2.72,0.661232,247,7.49,1.61,3.0,5,0.04,0.4983,0.9395,1.0,0.4626,0.6066,0.6415
-33.8,-53.4,,1.7,0.80881,241,7.3,1.39,3.0,4,-0.16,0.4098,0.8108,1.0,0.2619,0.4263,0.5724
-33.8,-53.2,,2.12,0.772089,252,7.64,1.52,3.0,4,0.04,0.4671,0.8972,1.0,0.3587,0.5536,0.6375
-33.8,-53.0,,2.49,0.723174,263,7.97,1.57,3.0,5,0.03,0.4788,0.9134,1.0,0.4259,0.5975,0.6641
-33.8,-52.8,,2.74,0.670262,264,8.0,1.57,3.0,5,0.03,0.486,0.9252,1.0,0.4636,0.6045,0.6432
-33.6,-53.0,,1.63,0.779094,266,8.06,1.51,3.0,4,0.09,0.4308,0.8387,1.0,0.2512,0.4204,0.5756
-33.6,-52.8,,2.32,0.730191,258,7.82,1.57,3.0,5,0.06,0.4649,0.9031,1.0,0.3881,0.5758,0.6416
-33.6,-52.6,,2.68,0.671725,260,7.88,1.6,3.0,5,0.02,0.4787,0.9376,1.0,0.4519,0.5969,0.6409
-33.4,-52.8,,1.91,0.778192,258,7.82,1.51,3.0,5,-0.13,0.4539,0.8572,1.0,0.3132,0.4737,0.6154
-33.4,-52.6,,2.27,0.719828,258,7.82,1.57,3.0,5,-0.04,0.4618,0.8642,1.0,0.376,0.5609,0.6259
-33.4,-52.4,,2.61,0.646401,252,7.64,1.6,3.0,5,-0.02,0.4558,0.8973,1.0,0.4264,0.5837,0.6289
-33.2,-52.6,,1.87,0.759926,235,7.12,1.49,3.0,5,-0.14,0.4333,0.8158,1.0,0.2932,0.4409,0.6005
-33.2,-52.4,,2.3,0.693146,240,7.27,1.56,3.0,5,-0.05,0.4388,0.8567,1.0,0.3685,0.5535,0.6091
-33.2,-52.2,,2.68,0.610924,235,7.12,1.6,3.0,5,-0.13,0.4447,0.8742,1.0,0.4267,0.5705,0.6215
-33.0,-52.4,,1.86,0.719403,202,6.12,1.45,3.0,5,-0.13,0.4076,0.759,0.9675,0.2745,0.4271,0.5733
-33.0,-52.2,,2.47,0.650282,216,6.55,1.53,3.0,5,-0.15,0.4408,0.8788,1.0,0.3937,0.5579,0.6282
-32.8,-52.4,,1.84,0.739072,186,5.64,1.38,2.0,5,-0.03,0.3967,0.7525,0.993,0.2697,0.4065,0.5278
-32.8,-52.2,,2.16,0.679438,195,5.91,1.48,3.0,5,-0.15,0.419,0.8173,0.9706,0.3307,0.5031,0.5973
-32.8,-52.0,,2.6,0.612853,218,6.61,1.5,3.0,5,-0.08,0.4381,0.8699,1.0,0.4114,0.5694,0.6175
-32.6,-52.2,,2.04,0.691841,171,5.18,1.4,2.0,5,-0.12,0.4091,0.7831,0.9654,0.3061,0.4639,0.5763
-32.6,-52.0,,2.51,0.631778,199,6.03,1.5,3.0,5,-0.07,0.4489,0.887,1.0,0.4014,0.5639,0.6221
-32.4,-52.2,,1.88,0.706331,169,5.12,1.39,2.0,5,-0.11,0.3998,0.7453,0.9469,0.2737,0.4239,0.5538
-32.4,-52.0,,2.22,0.649631,201,6.09,1.46,3.0,5,-0.09,0.4221,0.8346,1.0,0.3362,0.5158,0.6029
-32.4,-51.8,,2.57,0.58972,226,6.85,1.54,3.0,5,-0.02,0.4485,0.8933,1.0,0.4043,0.5695,0.6142
-32.2,-52.0,,1.99,0.670291,226,6.85,1.42,3.0,5,-0.04,0.4136,0.8125,1.0,0.2907,0.4588,0.5802
-32.2,-51.8,,2.21,0.613093,234,7.09,1.52,3.0,5,-0.06,0.4287,0.8531,1.0,0.3307,0.5155,0.604
-32.2,-51.6,,2.52,0.551976,242,7.33,1.59,3.0,5,-0.01,0.4377,0.875,1.0,0.384,0.5448,0.6144
-32.0,-51.8,,1.52,0.634263,241,7.3,1.45,3.0,5,-0.03,0.384,0.7324,1.0,0.1813,0.3174,0.476
-32.0,-51.6,,2.0,0.576889,229,6.94,1.57,3.0,5,0.0,0.4215,0.8265,1.0,0.2795,0.4325,0.604
-32.0,-51.4,,2.56,0.516691,235,7.12,1.62,3.3,5,-0.01,0.438,0.9215,1.0,0.3851,0.5553,0.6105
-32.0,-51.2,,2.88,0.460872,233,7.06,1.67,3.0,5,-0.0,0.4326,0.8833,1.0,0.432,0.5487,0.5896
-31.8,-51.4,,2.02,0.553626,238,7.21,1.55,3.0,5,0.07,0.4142,0.8311,1.0,0.2752,0.4361,0.6031
-31.8,-51.2,,2.63,0.490965,234,7.09,1.62,3.0,5,0.04,0.4399,0.939,1.0,0.3922,0.5607,0.6088
-31.8,-51.0,,2.92,0.439048,221,6.7,1.69,4.0,5,-0.06,0.4313,0.87,1.0,0.4378,0.5431,0.5806
-31.6,-51.2,,2.03,0.530473,228,6.91,1.57,3.0,5,-0.01,0.4072,0.8517,1.0,0.2698,0.4251,0.595
-31.6,-51.0,,2.63,0.471628,227,6.88,1.63,3.7,5,-0.02,0.4254,0.9202,1.0,0.3859,0.5503,0.6016
-31.6,-50.8,,2.97,0.424893,220,6.67,1.64,4.0,5,-0.03,0.3994,0.8496,1.0,0.4358,0.5342,0.569
-31.4,-50.8,,2.73,0.460676,201,6.09,1.65,4.0,5,0.1,0.4365,0.9348,1.0,0.4064,0.5539,0.5951
-31.4,-50.6,,3.0,0.422848,210,6.36,1.62,4.0,6,0.02,0.3981,0.8054,1.0,0.4423,0.5267,0.5617
-31.2,-50.8,,2.41,0.505036,211,6.39,1.57,3.0,5,0.14,0.4189,0.876,1.0,0.3464,0.5222,0.5771
-31.2,-50.6,,2.61,0.453047,222,6.73,1.65,4.0,5,0.06,0.3904,0.831,1.0,0.3765,0.5309,0.5766
-31.2,-50.4,,2.93,0.423346,209,6.33,1.61,4.0,6,0.08,0.3718,0.742,0.9635,0.4295,0.5212,0.5512
-31.0,-50.6,,2.4,0.488978,195,5.91,1.56,3.0,5,0.1,0.3865,0.8258,0.9723,0.3317,0.5201,0.5658
-31.0,-50.4,,2.73,0.448415,222,6.73,1.59,4.0,5,0.06,0.3768,0.815,1.0,0.3942,0.5315,0.5718
-31.0,-50.2,,3.028,0.424028,205,6.21,1.59,4.0,6,0.04,0.3757,0.746,0.9344,0.4433,0.5186,0.5464
-30.8,-50.4,,2.48,0.48453,207,6.27,1.56,3.0,5,0.24,0.3772,0.806,0.9472,0.3451,0.5183,0.5607
-30.8,-50.2,,2.85,0.447775,222,6.73,1.59,3.0,6,0.1,0.3783,0.7975,1.0,0.4147,0.5323,0.5752
-30.6,-50.4,,1.94,0.514421,122,3.7,1.41,2.0,5,0.27,0.3556,0.7571,0.8484,0.231,0.3827,0.5143
-30.6,-50.2,,2.53,0.482518,198,6.0,1.58,3.0,5,0.09,0.3758,0.7638,0.9234,0.3546,0.5224,0.5549
-30.6,-50.0,,2.89,0.448779,216,6.55,1.59,3.25,6,0.05,0.3771,0.7856,1.0,0.4229,0.5278,0.5675
-30.4,-50.2,,2.1,0.507896,152,4.61,1.43,3.0,5,0.14,0.3454,0.7236,0.8906,0.258,0.4022,0.5424
-30.4,-50.0,,2.62,0.475719,210,6.36,1.6,3.0,6,-0.02,0.3689,0.7592,0.9632,0.3711,0.5222,0.5725
-30.4,-49.8,,2.97,0.446608,214,6.49,1.64,3.35,6,-0.06,0.3778,0.767,0.9983,0.4353,0.529,0.5635
-30.2,-50.0,,2.4,0.494976,165,5.0,1.58,3.0,6,0.01,0.3717,0.7714,0.9518,0.3289,0.4984,0.553
-30.2,-49.8,,2.8,0.464896,208,6.3,1.6,3.0,6,-0.07,0.3742,0.7579,1.0,0.4069,0.5293,0.5778
-30.0,-50.0,,2.1,0.517844,131,3.97,1.46,3.0,5,0.05,0.346,0.7185,0.8264,0.2627,0.3971,0.5409
-30.0,-49.8,,2.64,0.484745,200,6.06,1.59,3.0,6,-0.1,0.3736,0.7605,0.9816,0.3783,0.5268,0.5886
-29.8,-49.8,,2.43,0.507395,195,5.91,1.54,3.0,7,-0.05,0.37,0.7806,0.9666,0.3391,0.5065,0.5609
-29.8,-49.6,,2.74,0.475572,226,6.85,1.62,3.0,6,-0.14,0.3734,0.7662,1.0,0.3984,0.5277,0.5844
-29.6,-49.8,,2.14,0.532095,168,5.09,1.46,2.0,6,-0.04,0.3566,0.7043,0.9204,0.2769,0.4066,0.5455
-29.6,-49.6,,2.58,0.497567,215,6.52,1.61,3.0,7,-0.07,0.3769,0.7777,0.9758,0.3713,0.5262,0.5681
-29.6,-49.4,,2.83,0.468765,233,7.06,1.66,3.0,7,-0.17,0.3749,0.7713,1.0,0.4146,0.5279,0.5802
-29.4,-49.6,Passo de Torres,2.348,0.526944,192,5.82,1.56,3.0,6,-0.01,0.367,0.77,0.9401,0.3227,0.4654,0.5681
-29.4,-49.4,,2.66,0.490445,231,7.0,1.63,3.0,7,-0.09,0.3688,0.7539,0.974,0.3834,0.528,0.5777
-29.4,-49.2,,2.86,0.463402,242,7.33,1.67,3.0,7,-0.21,0.3767,0.7572,1.0,0.4217,0.526,0.5781
-29.2,-49.4,Balneário Gaivota,2.47,0.51803,227,6.88,1.62,3.0,7,-0.04,0.3602,0.7797,0.9474,0.3445,0.5025,0.5675
-29.2,-49.2,,2.7,0.48393,248,7.52,1.68,3.65,7,-0.09,0.3735,0.7421,0.9853,0.3943,0.5265,0.5922
-29.2,-49.0,,2.9,0.459714,243,7.36,1.67,3.0,7,-0.21,0.3819,0.7536,1.0,0.4308,0.5272,0.5752
-29.0,-49.4,Balneário Arroio do Silva,2.12,0.54999,203,6.15,1.5,3.0,6,0.01,0.3433,0.7105,0.955,0.2749,0.4371,0.5582
-29.0,-49.2,Içara/Balneário Rincão,2.48,0.508942,254,7.7,1.67,3.0,7,-0.02,0.3616,0.744,0.955,0.3479,0.5108,0.567
-29.0,-49.0,,2.72,0.477205,251,7.61,1.72,3.5,7,-0.12,0.3855,0.7409,1.0,0.4026,0.5246,0.5893
-29.0,-48.8,,2.92,0.458207,242,7.33,1.71,3.0,7,-0.16,0.3777,0.7452,1.0,0.4342,0.5252,0.5706
-29.0,-48.6,,3.06,0.447448,217,6.58,1.69,3.0,7,-0.03,0.377,0.7049,0.9093,0.4532,0.515,0.5469
-28.8,-49.0,,2.468,0.51014,268,8.12,1.68,3.0,7,0.01,0.37,0.7677,0.9646,0.3498,0.517,0.5688
-28.8,-48.8,,2.74,0.477725,258,7.82,1.71,3.15,7,-0.17,0.3912,0.7573,1.0,0.4098,0.528,0.5876
-28.8,-48.6,,2.96,0.459467,243,7.36,1.68,3.0,7,-0.11,0.3836,0.7304,0.9981,0.4433,0.5241,0.5641
-28.8,-48.4,,3.08,0.449542,206,6.24,1.67,3.0,7,-0.04,0.3771,0.699,0.8548,0.4577,0.5133,0.5383
-28.6,-48.8,Laguna,2.45,0.516035,277,8.39,1.7,4.0,7,-0.06,0.3812,0.7974,0.989,0.3517,0.5251,0.5704
-28.6,-48.6,,2.71,0.480004,255,7.73,1.71,3.3,7,-0.16,0.3712,0.7361,0.9784,0.3997,0.5239,0.5807
-28.6,-48.4,,2.95,0.461786,221,6.7,1.67,3.0,7,-0.05,0.3795,0.7024,0.9328,0.442,0.5202,0.5537
-28.4,-48.6,,2.34,0.504572,248,7.52,1.6,3.0,7,-0.07,0.3339,0.7204,0.9302,0.3142,0.4795,0.5455
-28.4,-48.4,,2.81,0.480016,241,7.3,1.63,3.0,7,-0.11,0.3623,0.71,0.9485,0.4162,0.5248,0.5692
-28.2,-48.6,Imbituba,2.14,0.5274,211,6.39,1.44,3.0,7,-0.13,0.3192,0.6526,0.8578,0.2686,0.4039,0.5509
-28.2,-48.4,,2.58,0.499477,245,7.43,1.58,3.0,7,-0.16,0.341,0.6957,0.9221,0.3673,0.519,0.5596
-28.2,-48.2,,2.87,0.483843,220,6.67,1.63,3.0,7,-0.08,0.3632,0.6878,0.8794,0.4306,0.5209,0.5573
-28.0,-48.4,,2.46,0.520857,243,7.36,1.51,3.0,7,-0.14,0.325,0.7162,0.9522,0.3374,0.4957,0.5689
-28.0,-48.2,,2.78,0.502951,229,6.94,1.58,3.0,7,-0.11,0.3561,0.7119,0.9102,0.414,0.5266,0.5583
-27.8,-48.4,,2.23,0.544138,220,6.67,1.42,3.0,7,-0.18,0.3091,0.657,0.8873,0.2899,0.4161,0.5506
-27.8,-48.2,,2.64,0.523793,231,7.0,1.55,3.0,7,-0.18,0.3395,0.7143,0.9393,0.3838,0.5215,0.5674
-27.6,-48.4,Palhoça,1.9,0.572124,194,5.88,1.37,2.0,7,-0.18,0.2928,0.5992,0.8337,0.2218,0.3346,0.4893
-27.6,-48.2,,2.55,0.551046,220,6.67,1.49,3.0,7,-0.19,0.3288,0.677,0.9624,0.3658,0.5113,0.5767
-27.6,-48.0,,2.81,0.531472,206,6.24,1.57,3.0,7,-0.18,0.3422,0.6762,0.9142,0.4179,0.5265,0.5647
-27.4,-48.4,Biguaçu,1.5,0.627894,163,4.94,1.31,2.0,5,-0.29,0.2528,0.5268,0.6784,0.1414,0.2301,0.3388
-27.4,-48.2,,2.5,0.587243,197,5.97,1.48,3.0,7,-0.21,0.3237,0.6409,0.9049,0.3597,0.5135,0.549
-27.4,-48.0,,2.77,0.558743,210,6.36,1.53,3.0,7,-0.09,0.3326,0.6634,0.9277,0.4104,0.5284,0.5725
-27.2,-48.4,Tijucas,1.64,0.663706,149,4.52,1.28,2.0,4,-0.29,0.2611,0.5214,0.6879,0.1783,0.267,0.4285
-27.2,-48.2,,2.29,0.627804,181,5.49,1.41,3.0,6,-0.25,0.2967,0.592,0.7625,0.3164,0.4447,0.5546
-27.2,-48.0,,2.68,0.59299,201,6.09,1.48,3.0,7,-0.1,0.3254,0.6472,0.9331,0.3986,0.5307,0.5803
-27.0,-48.4,Navegantes,1.82,0.701233,122,3.7,1.27,2.0,4,-0.25,0.2656,0.5163,0.7107,0.226,0.3296,0.5152
-27.0,-48.2,,2.33,0.668202,172,5.21,1.43,3.0,6,-0.2,0.311,0.6521,0.7936,0.337,0.4714,0.5511
-26.8,-48.4,,1.93,0.738105,148,4.49,1.33,2.0,4,-0.2,0.275,0.5623,0.7765,0.2575,0.3788,0.5474
-26.8,-48.2,,2.32,0.708005,182,5.52,1.42,2.95,6,-0.25,0.3037,0.6438,0.8059,0.3396,0.4876,0.5457
-26.6,-48.6,Penha,1.69,0.804596,140,4.24,1.26,2.0,4,-0.27,0.2731,0.5386,0.7333,0.2227,0.317,0.5495
-26.6,-48.4,,1.94,0.777364,161,4.88,1.33,2.0,5,-0.07,0.287,0.5662,0.7954,0.2722,0.3947,0.5571
-26.6,-48.2,,2.29,0.746706,176,5.33,1.45,3.0,6,-0.18,0.3108,0.6441,0.8175,0.3427,0.4946,0.5518
-26.4,-48.4,,1.63,0.822534,166,5.03,1.38,2.0,5,-0.16,0.283,0.5599,0.7582,0.2187,0.3251,0.5191
-26.4,-48.2,,2.24,0.790578,178,5.39,1.4,2.0,5,-0.07,0.3182,0.6379,0.8256,0.3452,0.4888,0.5575
-26.2,-48.4,São Francisco do Sul,1.34,0.887295,160,4.85,1.32,2.0,5,-0.27,0.2786,0.5551,0.6985,0.1725,0.2644,0.4179
-26.2,-48.2,,2.0,0.839095,185,5.61,1.36,2.0,5,-0.04,0.3208,0.6216,0.7929,0.3073,0.434,0.5723
-26.0,-48.4,,1.26,0.946672,152,4.61,1.3,2.0,5,-0.19,0.2803,0.5788,0.7059,0.1693,0.2673,0.3775
-26.0,-48.2,,1.85,0.894102,177,5.36,1.37,3.0,5,-0.12,0.3153,0.606,0.7514,0.2851,0.3867,0.5899
-25.8,-48.2,,1.8,0.946518,187,5.67,1.32,2.0,4,-0.14,0.3195,0.5948,0.7417,0.2852,0.3908,0.6091
-25.8,-48.0,,2.15,0.889751,199,6.03,1.42,3.0,6,-0.16,0.3469,0.6582,0.825,0.3538,0.4825,0.59
-25.6,-48.4,,1.33,1.042799,186,5.64,1.36,2.0,4,-0.16,0.3076,0.5841,0.7761,0.206,0.2972,0.5021
-25.6,-48.2,,1.67,0.990614,194,5.88,1.36,2.0,4,-0.19,0.3253,0.6043,0.7507,0.2691,0.3754,0.6302
-25.6,-48.0,,2.06,0.931026,196,5.94,1.43,3.0,4,-0.06,0.346,0.6579,0.8641,0.3446,0.4699,0.6079
-25.6,-47.8,,2.27,0.878688,203,6.15,1.43,3.0,6,-0.17,0.3637,0.7127,0.8676,0.3825,0.5279,0.6158
-25.4,-48.0,,1.89,0.960932,204,6.18,1.43,3.0,5,-0.07,0.3456,0.6574,0.8531,0.3146,0.4341,0.6231
-25.4,-47.8,,2.06,0.915769,203,6.15,1.43,3.0,5,-0.13,0.3564,0.6935,0.868,0.3421,0.4686,0.6058
-25.4,-47.6,,2.31,0.86519,204,6.18,1.45,3.0,5,-0.14,0.3694,0.72,0.8852,0.3897,0.5429,0.6173
-25.2,-47.8,,1.85,0.946431,204,6.18,1.44,3.0,5,-0.08,0.3482,0.6744,0.8513,0.3025,0.4183,0.5897
-25.2,-47.6,,2.18,0.90061,205,6.21,1.45,3.0,5,-0.07,0.37,0.7149,0.8713,0.3688,0.5228,0.6044
-25.0,-47.8,,1.29,0.962728,197,5.97,1.4,3.0,4,-0.11,0.3078,0.6007,0.7272,0.1823,0.2778,0.3544
-25.0,-47.6,,2.04,0.926354,212,6.42,1.46,3.0,5,-0.1,0.3576,0.7075,0.8887,0.3412,0.4824,0.6181
-25.0,-47.4,,2.2,0.880617,217,6.58,1.48,3.0,5,-0.13,0.3649,0.7222,0.8934,0.3677,0.5282,0.603
-25.0,-47.2,,2.34,0.834319,206,6.24,1.52,3.0,5,-0.14,0.3767,0.7213,0.9375,0.3942,0.5601,0.6098
-24.8,-47.4,,2.04,0.901653,224,6.79,1.48,3.0,5,-0.11,0.3623,0.7158,0.891,0.3378,0.4821,0.6177
-24.8,-47.2,,2.25,0.858228,219,6.64,1.51,3.0,5,-0.17,0.3718,0.7326,0.9191,0.3761,0.5313,0.602
-24.8,-47.0,,2.36,0.817596,211,6.39,1.57,3.0,5,-0.27,0.3694,0.732,0.9522,0.3904,0.5557,0.6049
-24.8,-46.8,,2.45,0.780911,208,6.3,1.6,3.0,5,-0.24,0.3699,0.7354,1.0,0.4035,0.5581,0.6157
-24.6,-47.2,,1.99,0.873261,234,7.09,1.52,3.0,5,-0.05,0.3559,0.7202,0.8778,0.3188,0.4518,0.6157
-24.6,-47.0,,2.21,0.839026,232,7.03,1.55,3.0,5,-0.11,0.3623,0.7203,0.9081,0.3602,0.5074,0.6013
-24.6,-46.8,,2.31,0.804673,219,6.64,1.58,3.0,5,-0.19,0.362,0.7222,0.9522,0.3763,0.5247,0.6039
-24.6,-46.6,,2.44,0.771303,217,6.58,1.61,3.0,5,-0.18,0.3715,0.7437,1.0,0.4012,0.5558,0.6328
-24.4,-46.8,,2.14,0.825983,237,7.18,1.6,3.0,6,-0.08,0.3553,0.7199,0.9007,0.3415,0.4744,0.5995
-24.4,-46.6,,2.25,0.796151,239,7.24,1.59,3.0,6,-0.15,0.3574,0.7282,0.9963,0.3611,0.4994,0.603
-24.4,-46.4,,2.36,0.766907,232,7.03,1.61,3.0,5,-0.14,0.3677,0.7092,1.0,0.383,0.519,0.6347
-24.4,-46.2,,2.43,0.738325,233,7.06,1.63,3.0,5,-0.15,0.3658,0.7086,1.0,0.392,0.5284,0.6342
-24.4,-46.0,,2.5,0.709194,223,6.76,1.67,3.0,5,-0.17,0.3746,0.724,1.0,0.4053,0.5463,0.6205
-24.4,-45.2,,2.75,0.62818,163,4.94,1.77,3.0,7,-0.24,0.3549,0.6466,0.9232,0.4359,0.541,0.5937
-24.2,-46.6,,2.13,0.817998,248,7.52,1.63,3.0,6,-0.09,0.3594,0.7251,0.9485,0.338,0.466,0.5996
-24.2,-46.4,,2.22,0.792674,249,7.55,1.65,3.0,6,-0.09,0.361,0.7247,1.0,0.3546,0.4829,0.6033
-24.2,-46.2,,2.27,0.763648,245,7.43,1.66,3.0,6,-0.1,0.364,0.7194,1.0,0.3616,0.4892,0.625
-24.2,-46.0,,2.37,0.73401,239,7.24,1.66,3.0,6,-0.1,0.3728,0.7304,1.0,0.3802,0.519,0.6261
-24.2,-45.8,,2.48,0.705542,243,7.36,1.69,3.0,6,-0.12,0.3757,0.7354,1.0,0.3994,0.5531,0.6198
-24.2,-45.6,,2.52,0.679274,232,7.03,1.7,3.0,6,-0.12,0.3739,0.7292,0.9832,0.4039,0.5532,0.606
-24.2,-45.4,,2.61,0.657961,224,6.79,1.69,3.0,7,-0.16,0.3646,0.7192,0.9413,0.4158,0.5551,0.5948
-24.2,-45.2,,2.67,0.638505,197,5.97,1.78,3.0,7,-0.2,0.3622,0.6803,0.9118,0.4256,0.5469,0.5844
-24.2,-45.0,,2.718,0.623768,166,5.03,1.81,3.0,7,-0.19,0.3564,0.6606,0.8935,0.4309,0.5386,0.5804
-24.0,-46.4,,1.83,0.809732,285,8.64,1.66,3.0,5,-0.04,0.3558,0.724,0.9669,0.2798,0.401,0.5481
-24.0,-46.2,,1.92,0.785114,273,8.27,1.68,3.0,5,-0.1,0.3481,0.7245,0.9816,0.2886,0.4037,0.5584
-24.0,-46.0,,2.22,0.762976,264,8.0,1.69,3.0,6,-0.06,0.37,0.7448,1.0,0.3527,0.4837,0.6267
-24.0,-45.8,,2.23,0.736383,271,8.21,1.68,3.0,6,-0.15,0.3683,0.7613,1.0,0.352,0.5063,0.6332
-24.0,-45.6,,2.29,0.707428,254,7.7,1.71,3.0,6,-0.15,0.3758,0.7724,1.0,0.3612,0.5257,0.6234
-24.0,-45.4,,2.43,0.68058,244,7.39,1.77,3.0,7,-0.16,0.3822,0.7775,1.0,0.3859,0.553,0.6143
-24.0,-45.2,,2.53,0.653875,230,6.97,1.74,3.0,7,-0.2,0.3709,0.7345,0.9687,0.4001,0.5536,0.5985
-24.0,-45.0,,2.61,0.637267,206,6.24,1.75,3.0,7,-0.2,0.3551,0.6958,0.9057,0.4102,0.5452,0.5847
-24.0,-44.8,,2.68,0.62629,177,5.36,1.82,3.0,7,-0.07,0.3464,0.6603,0.8924,0.4191,0.5386,0.5784
-23.8,-45.8,,1.89,0.762736,298,9.03,1.72,3.15,7,-0.06,0.3726,0.7671,1.0,0.2913,0.4337,0.573
-23.8,-45.6,,1.698,0.745341,300,9.09,1.75,3.0,6,-0.08,0.364,0.7643,1.0,0.2485,0.3942,0.5344
-23.8,-45.4,,1.3,0.718577,289,8.76,1.73,3.6,6,-0.12,0.3164,0.7066,1.0,0.1499,0.2698,0.3998
-23.8,-45.2,,1.65,0.673976,225,6.82,1.61,3.0,7,-0.15,0.2922,0.6491,0.9265,0.1948,0.3005,0.4257
-23.8,-45.0,,2.4,0.656132,217,6.58,1.73,3.0,7,-0.18,0.3489,0.7236,0.9844,0.3644,0.4955,0.6016
-23.8,-44.8,,2.54,0.641542,216,6.55,1.73,3.0,7,-0.12,0.3488,0.7157,0.9403,0.3938,0.5414,0.5913
-23.8,-44.6,,2.63,0.633104,200,6.06,1.8,3.0,7,-0.11,0.3438,0.6783,0.9301,0.4103,0.5432,0.5834
-23.6,-45.2,,1.39,0.691885,181,5.49,1.4,3.0,5,-0.01,0.2759,0.5787,0.7647,0.1365,0.2207,0.2769
-23.6,-45.0,,1.97,0.6723,218,6.61,1.63,3.0,7,-0.19,0.2987,0.6578,0.9228,0.2588,0.3647,0.5145
-23.6,-44.8,,2.32,0.660824,221,6.7,1.79,3.0,7,-0.2,0.345,0.7061,0.9909,0.3479,0.4843,0.5981
-23.6,-44.6,,2.48,0.650302,218,6.61,1.83,4.0,7,-0.18,0.3531,0.7263,0.9561,0.3834,0.5357,0.5957
-23.6,-44.4,,2.58,0.642802,214,6.49,1.81,4.0,7,-0.32,0.3534,0.713,0.9375,0.4052,0.5482,0.5887
-23.6,-44.2,,2.64,0.638087,197,5.97,1.86,4.0,7,-0.2,0.3532,0.7067,0.9963,0.4171,0.5476,0.6021
-23.6,-44.0,,2.68,0.633894,181,5.49,1.87,4.0,7,-0.3,0.3556,0.6886,0.9609,0.4259,0.5479,0.5932
-23.4,-44.4,,2.4,0.663875,232,7.03,1.79,4.0,7,-0.23,0.3572,0.7286,0.9753,0.3719,0.5247,0.6016
-23.4,-44.2,,2.49,0.654419,227,6.88,1.84,4.0,7,-0.23,0.3622,0.7244,0.9669,0.3934,0.5471,0.5946
-23.4,-44.0,,2.548,0.64719,215,6.52,1.84,4.0,7,-0.28,0.3669,0.7345,1.0,0.4072,0.5528,0.6128
-23.4,-43.8,,2.59,0.637333,207,6.27,1.84,4.0,7,-0.19,0.3584,0.7142,1.0,0.4099,0.5479,0.6053
-23.4,-43.6,,2.63,0.630157,196,5.94,1.85,4.0,7,-0.22,0.3525,0.6979,0.9906,0.4142,0.5458,0.5974
-23.4,-43.4,,2.668,0.625457,187,5.67,1.79,3.7,7,-0.28,0.3511,0.6957,0.9522,0.4206,0.5445,0.59
-23.4,-43.2,,2.7,0.623977,177,5.36,1.83,4.0,7,-0.32,0.3499,0.6828,0.9125,0.4258,0.5446,0.5831
-23.4,-43.0,,2.73,0.628665,166,5.03,1.78,3.75,7,-0.28,0.3409,0.6704,0.869,0.4287,0.5442,0.5768
-23.4,-42.8,,2.76,0.638292,146,4.42,1.74,3.0,7,-0.21,0.3438,0.6593,0.826,0.4366,0.5485,0.5716
-23.4,-42.6,,2.79,0.647502,134,4.06,1.75,3.0,7,-0.16,0.3443,0.6495,0.787,0.443,0.5478,0.567
-23.4,-42.2,,2.84,0.651574,127,3.85,1.71,3.0,7,-0.07,0.3404,0.6335,0.7711,0.4485,0.544,0.5652
-23.4,-42.0,,2.87,0.647323,130,3.94,1.73,3.0,7,-0.12,0.3363,0.6307,0.7892,0.4494,0.5425,0.5673
-23.2,-44.4,,1.88,0.697709,243,7.36,1.81,3.0,7,-0.22,0.3352,0.6906,0.9559,0.2654,0.3958,0.5429
-23.2,-44.2,,2.08,0.672457,245,7.43,1.85,4.0,7,-0.26,0.3601,0.7564,1.0,0.3133,0.4743,0.5951
-23.2,-44.0,,2.13,0.667894,238,7.21,1.8,4.0,7,-0.24,0.346,0.7336,0.9883,0.3163,0.4658,0.5907
-23.2,-43.8,,2.34,0.652043,228,6.91,1.82,4.0,7,-0.21,0.3656,0.7405,0.9743,0.3636,0.5286,0.5978
-23.2,-43.6,,2.45,0.642629,227,6.88,1.82,4.0,7,-0.24,0.3746,0.7298,1.0,0.3888,0.5492,0.6143
-23.2,-43.4,,2.51,0.636372,218,6.61,1.85,4.0,7,-0.28,0.3786,0.7237,1.0,0.4018,0.5517,0.6122
-23.2,-43.2,,2.56,0.630647,213,6.46,1.86,4.0,7,-0.21,0.3743,0.7353,1.0,0.4088,0.5493,0.6065
-23.2,-43.0,,2.59,0.627055,203,6.15,1.86,4.0,7,-0.19,0.3713,0.746,1.0,0.4133,0.5465,0.6005
-23.2,-42.8,,2.63,0.629442,190,5.76,1.81,4.0,7,-0.13,0.3657,0.734,0.9759,0.4201,0.5545,0.5948
-23.2,-42.6,,2.67,0.635759,179,5.42,1.79,3.0,7,-0.28,0.3548,0.709,0.9378,0.4245,0.5516,0.5897
-23.2,-42.4,,2.7,0.64275,166,5.03,1.8,3.0,7,-0.23,0.3553,0.6883,0.9014,0.4309,0.5496,0.5851
-23.2,-42.2,,2.748,0.646988,160,4.85,1.79,3.0,7,-0.15,0.3535,0.6717,0.8896,0.4376,0.5494,0.584
-23.2,-42.0,,2.77,0.649516,158,4.79,1.75,3.0,7,-0.26,0.3483,0.6735,0.8893,0.438,0.5523,0.5844
-23.2,-41.8,,2.81,0.652422,154,4.67,1.73,3.0,7,-0.2,0.3477,0.6779,0.8886,0.4431,0.5537,0.5849
-23.0,-44.4,,0.77,0.727657,269,8.15,1.72,3.0,7,-0.22,0.2463,0.5329,0.7976,0.0659,0.1084,0.2103
-23.0,-44.0,,1.01,0.764942,244,7.39,1.61,3.0,6,-0.17,0.27,0.5824,0.8299,0.0924,0.1752,0.2902
-23.0,-43.4,,1.79,0.652742,245,7.43,1.81,4.0,7,-0.21,0.3409,0.6951,1.0,0.244,0.3752,0.5008
-23.0,-43.2,,1.93,0.652792,236,7.15,1.85,4.0,7,-0.19,0.3595,0.7113,1.0,0.2806,0.4339,0.543
-23.0,-43.0,,2.19,0.644126,229,6.94,1.86,4.0,7,-0.24,0.3747,0.7473,1.0,0.337,0.51,0.5954
-23.0,-42.8,,2.34,0.636837,230,6.97,1.85,4.0,7,-0.27,0.3784,0.7436,1.0,0.3665,0.5356,0.6193
-23.0,-42.6,,2.42,0.635861,227,6.88,1.89,4.0,7,-0.22,0.376,0.7388,1.0,0.3823,0.5399,0.6148
-23.0,-42.4,,2.48,0.636321,218,6.61,1.91,4.0,7,-0.29,0.3797,0.7539,1.0,0.3957,0.5498,0.6111
-23.0,-42.2,,2.52,0.641539,217,6.58,1.88,4.0,7,-0.35,0.3741,0.7552,1.0,0.4018,0.5483,0.6109
-23.0,-42.0,,2.57,0.655936,201,6.09,1.85,4.0,7,-0.37,0.3621,0.6989,1.0,0.4078,0.5482,0.6113
-23.0,-41.8,,2.65,0.671792,183,5.55,1.73,3.9,7,-0.38,0.346,0.6893,1.0,0.4182,0.5479,0.6096
-23.0,-41.6,,2.73,0.678031,172,5.21,1.73,3.0,7,-0.45,0.3433,0.6811,0.9849,0.4316,0.5534,0.6061
-22.8,-41.8,,2.04,0.701856,163,4.94,1.65,3.0,6,-0.21,0.2685,0.5645,0.9044,0.2712,0.3882,0.5374
-22.8,-41.6,,2.5,0.702598,174,5.27,1.74,3.0,7,-0.38,0.3262,0.6627,1.0,0.387,0.535,0.6242
-22.6,-41.8,,1.81,0.728387,125,3.79,1.58,3.0,5,-0.06,0.2593,0.5426,0.7934,0.2257,0.3236,0.4305
-22.6,-41.6,,2.31,0.724559,170,5.15,1.78,3.0,7,-0.21,0.3262,0.6769,0.9559,0.3525,0.5085,0.5873
-22.6,-41.4,,2.48,0.719217,177,5.36,1.76,3.0,7,-0.37,0.3418,0.6783,1.0,0.3917,0.5414,0.6299
-22.4,-41.6,,1.78,0.742675,167,5.06,1.81,3.0,6,-0.09,0.2961,0.6361,0.8497,0.2388,0.3532,0.4666
-22.4,-41.4,,2.19,0.738982,175,5.3,1.83,3.3,7,-0.18,0.3287,0.6765,0.9228,0.3324,0.4824,0.5945
-22.4,-41.2,,2.42,0.732175,175,5.3,1.82,3.0,7,-0.39,0.3435,0.6733,0.9853,0.3816,0.5356,0.5961
-22.4,-41.0,,2.55,0.733415,159,4.82,1.79,3.0,6,-0.45,0.3348,0.6702,1.0,0.4056,0.5482,0.6232
-22.4,-40.8,,2.66,0.737362,134,4.06,1.74,3.35,6,-0.48,0.3297,0.6921,0.958,0.4263,0.5694,0.6136
-22.2,-41.4,,1.35,0.754109,179,5.42,1.81,3.0,6,-0.12,0.278,0.6025,0.8754,0.148,0.2499,0.37
-22.2,-41.2,,2.13,0.751531,177,5.36,1.85,3.2,6,-0.06,0.334,0.6768,0.8814,0.3223,0.4658,0.589
-22.2,-41.0,,2.38,0.749524,174,5.27,1.77,3.0,5,-0.34,0.3259,0.6701,0.9081,0.3686,0.5203,0.5969
-22.2,-40.8,,2.54,0.7513,159,4.82,1.67,3.0,5,-0.3,0.3168,0.6426,0.9485,0.3988,0.5469,0.5942
-22.2,-40.6,,2.62,0.7483,139,4.21,1.71,4.0,5,-0.35,0.3273,0.6868,0.9604,0.4205,0.5667,0.6162
-22.0,-40.8,,2.27,0.786972,163,4.94,1.63,3.0,5,-0.1,0.2979,0.6089,0.8106,0.3416,0.4724,0.5205
-22.0,-40.6,,2.48,0.77361,151,4.58,1.7,3.5,5,-0.43,0.31,0.67,0.8713,0.3876,0.5406,0.5657
-21.8,-40.8,,1.928,0.82863,137,4.15,1.53,3.0,4,0.05,0.2546,0.5809,0.7896,0.2661,0.374,0.604
-21.8,-40.6,,2.28,0.812891,135,4.09,1.65,4.0,5,-0.44,0.2938,0.6474,0.7749,0.3489,0.4837,0.5944
-21.6,-40.8,,1.81,0.854361,110,3.33,1.5,3.0,4,-0.15,0.2503,0.5449,0.7942,0.2472,0.3407,0.61
-21.6,-40.6,,2.16,0.838866,116,3.52,1.63,3.0,4,-0.17,0.2773,0.5968,0.7413,0.3231,0.4409,0.598
-21.4,-40.8,,1.73,0.864315,104,3.15,1.52,3.0,4,0.2,0.2427,0.5339,0.5522,0.2285,0.3097,0.4419
-21.4,-40.6,,2.02,0.846902,113,3.42,1.62,3.0,4,-0.2,0.2633,0.5701,0.6356,0.2904,0.3963,0.4584
-21.2,-40.8,,1.658,0.867981,100,3.03,1.54,3.0,5,0.42,0.2637,0.5357,0.5767,0.2204,0.3009,0.379
-21.2,-40.6,,1.86,0.852214,116,3.52,1.57,3.0,4,-0.12,0.2555,0.5559,0.6176,0.259,0.3532,0.43
-21.2,-40.4,,2.13,0.839679,100,3.03,1.71,4.0,4,-0.05,0.2586,0.571,0.6588,0.3125,0.4287,0.5117
-21.0,-40.8,,1.47,0.86877,112,3.39,1.63,3.0,5,0.43,0.2675,0.5597,0.8501,0.186,0.27,0.4372
-21.0,-40.6,,1.68,0.859358,121,3.67,1.6,3.0,5,0.07,0.2485,0.5535,0.7782,0.224,0.329,0.4453
-21.0,-40.4,,2.02,0.846774,110,3.33,1.69,4.0,5,-0.04,0.2639,0.5672,0.6645,0.2961,0.4234,0.4941
-21.0,-40.2,,2.29,0.852334,86,2.61,1.7,3.0,5,-0.2,0.276,0.5644,0.6656,0.357,0.4854,0.5583
-21.0,-29.4,,2.93,0.797408,55,1.67,1.56,3.0,4,-0.18,0.2575,0.5002,0.559,0.4595,0.5568,0.5597
-21.0,-29.2,,2.93,0.789574,54,1.64,1.57,3.0,4,-0.26,0.2576,0.5046,0.5578,0.4586,0.5566,0.5623
-20.8,-40.4,,1.86,0.849458,112,3.39,1.77,4.0,5,0.29,0.2665,0.5648,0.6801,0.2665,0.3862,0.4702
-20.8,-40.2,,2.16,0.852972,99,3.0,1.74,3.1,5,0.02,0.2698,0.5654,0.6934,0.3297,0.4546,0.5234
-20.8,-40.0,,2.39,0.872373,82,2.49,1.72,3.0,4,-0.17,0.2811,0.5719,0.6896,0.3843,0.5228,0.5833
-20.8,-29.6,,2.92,0.814461,57,1.73,1.58,3.2,4,-0.12,0.2471,0.4649,0.5618,0.4575,0.556,0.5632
-20.8,-29.4,,2.92,0.806496,55,1.67,1.56,3.0,4,-0.36,0.2556,0.4914,0.5673,0.4582,0.5578,0.5626
-20.8,-29.2,,2.92,0.79741,51,1.55,1.59,3.0,3,-0.51,0.2631,0.5045,0.5676,0.4603,0.5588,0.5608
-20.8,-29.0,,2.92,0.788956,50,1.52,1.64,3.0,3,-0.52,0.2661,0.5017,0.5661,0.46,0.5577,0.5612
-20.8,-28.8,,2.92,0.783872,51,1.55,1.59,3.0,3,-0.2,0.2475,0.4889,0.5666,0.4512,0.5568,0.564
-20.8,-28.6,,2.92,0.780479,46,1.39,1.63,3.0,3,-0.11,0.2594,0.4908,0.5783,0.4556,0.5581,0.5651
-20.6,-40.4,,1.57,0.850057,118,3.58,1.73,4.0,5,0.42,0.2554,0.5308,0.6103,0.2032,0.2941,0.3998
-20.6,-40.2,,1.94,0.856196,109,3.3,1.79,3.6,5,0.14,0.264,0.5509,0.6861,0.2837,0.3979,0.4764
-20.6,-40.0,,2.27,0.874547,88,2.67,1.74,3.65,5,0.05,0.2777,0.5642,0.6992,0.3593,0.5029,0.5671
-20.6,-29.8,,2.91,0.829595,55,1.67,1.56,3.3,4,-0.13,0.2563,0.4804,0.5644,0.4632,0.5556,0.5667
-20.6,-29.6,,2.91,0.824055,56,1.7,1.55,3.25,4,-0.38,0.2565,0.4685,0.5732,0.4625,0.5552,0.5671
-20.6,-29.4,,2.91,0.817443,53,1.61,1.6,3.0,4,-0.4,0.254,0.4607,0.5791,0.4591,0.5568,0.5667
-20.6,-29.2,,2.91,0.810839,49,1.49,1.61,3.0,4,-0.59,0.2636,0.4833,0.5802,0.461,0.5613,0.5656
-20.6,-29.0,,2.91,0.799921,46,1.39,1.67,3.0,3,-0.43,0.2686,0.4948,0.5775,0.4615,0.5599,0.5629
-20.6,-28.8,,2.91,0.790823,48,1.45,1.62,3.0,3,-0.19,0.2561,0.4947,0.5848,0.4546,0.5578,0.5623
-20.6,-28.6,,2.92,0.788512,46,1.39,1.63,2.75,3,-0.15,0.2591,0.4806,0.5981,0.4566,0.5576,0.564
-20.4,-40.2,,1.65,0.860408,114,3.45,1.78,3.35,5,0.22,0.2644,0.5537,0.6654,0.2267,0.3323,0.4035
-20.4,-40.0,,2.17,0.875636,102,3.09,1.69,3.0,4,-0.07,0.2695,0.5582,0.6884,0.3382,0.472,0.5354
-20.4,-39.8,,2.4,0.89293,80,2.42,1.73,3.0,4,-0.3,0.2862,0.5716,0.683,0.3918,0.5454,0.5899
-20.4,-29.6,,2.9,0.832827,53,1.61,1.6,3.0,4,-0.58,0.2686,0.4751,0.5821,0.4669,0.557,0.5703
-20.4,-29.4,,2.9,0.830351,52,1.58,1.6,3.0,4,-0.62,0.2669,0.4664,0.5903,0.4648,0.5569,0.5712
-20.4,-29.2,,2.9,0.824443,47,1.42,1.66,3.0,4,-0.6,0.2689,0.4727,0.5931,0.464,0.5611,0.5705
-20.4,-29.0,,2.9,0.819136,46,1.39,1.63,3.0,3,-0.57,0.2777,0.463,0.5961,0.4682,0.5615,0.5699
-20.4,-28.8,,2.91,0.808343,49,1.49,1.59,3.0,3,-0.33,0.2651,0.4476,0.6021,0.4633,0.5593,0.5687
-20.4,-28.6,,2.91,0.797001,46,1.39,1.59,3.0,3,-0.13,0.2638,0.452,0.6092,0.4591,0.5569,0.5676
-20.2,-40.0,,2.08,0.879123,105,3.18,1.81,4.0,5,0.02,0.2848,0.5854,0.6946,0.3262,0.4587,0.5054
-20.2,-39.8,,2.32,0.889681,88,2.67,1.78,3.0,4,-0.11,0.2951,0.5657,0.7126,0.3802,0.5244,0.5914
-20.2,-29.6,,2.89,0.83711,51,1.55,1.63,3.0,4,-0.59,0.2757,0.4863,0.59,0.4675,0.5633,0.5725
-20.2,-29.4,,2.89,0.832096,52,1.58,1.56,3.0,4,-0.4,0.2656,0.4771,0.5993,0.4628,0.5618,0.573
-20.2,-29.2,,2.89,0.826955,47,1.42,1.66,3.0,4,-0.4,0.2715,0.4609,0.6057,0.4654,0.5589,0.5731
-20.2,-29.0,,2.89,0.820203,48,1.45,1.69,3.0,4,-0.4,0.2752,0.4579,0.6101,0.4653,0.5622,0.5724
-20.2,-28.8,,2.89,0.812712,46,1.39,1.63,3.0,3,-0.22,0.2823,0.4574,0.6119,0.4688,0.561,0.5712
-20.2,-28.6,,2.89,0.803503,46,1.39,1.63,3.0,3,-0.15,0.2791,0.4516,0.6158,0.4642,0.5591,0.57
-20.0,-40.0,,2.01,0.880543,112,3.39,1.9,4.0,5,0.04,0.2983,0.5809,0.724,0.3165,0.4378,0.5178
-20.0,-39.8,,2.24,0.884606,100,3.03,1.79,3.05,4,-0.18,0.309,0.5848,0.7516,0.3702,0.5032,0.5936
-20.0,-39.6,,2.4,0.900051,73,2.21,1.96,4.0,4,-0.16,0.3081,0.6035,0.7744,0.4018,0.5555,0.5963
-19.8,-40.0,,1.718,0.884481,125,3.79,1.89,4.0,4,-0.1,0.2867,0.5524,0.7029,0.2522,0.3534,0.4055
-19.8,-39.8,,2.04,0.888762,118,3.58,1.82,4.0,4,-0.03,0.2916,0.5778,0.763,0.3217,0.4421,0.53
-19.8,-39.6,,2.29,0.892082,97,2.94,1.79,3.0,5,-0.23,0.3103,0.5876,0.8097,0.3812,0.5165,0.5955
-19.8,-39.4,,2.42,0.90453,77,2.33,1.92,3.2,4,-0.35,0.3159,0.6045,0.8105,0.4104,0.5533,0.6016
-19.6,-39.6,,2.09,0.933907,108,3.27,1.86,3.0,5,-0.27,0.3063,0.5797,0.8054,0.3441,0.4665,0.5609
-19.6,-39.4,,2.25,0.930149,90,2.73,1.87,4.0,4,-0.34,0.3157,0.6068,0.8258,0.3828,0.5277,0.6058
-19.4,-39.6,,1.7,1.038849,106,3.21,1.8,3.0,4,-0.34,0.2782,0.5683,0.7417,0.2736,0.3689,0.4186
-19.4,-39.4,,2.1,1.02769,89,2.7,1.84,3.0,4,-0.42,0.3217,0.5955,0.8328,0.3683,0.4976,0.5811
-19.2,-39.6,,1.66,1.202045,94,2.85,1.77,3.0,4,-0.39,0.2989,0.5897,0.8045,0.3017,0.3999,0.4469
-19.2,-39.4,,2.06,1.165301,92,2.79,1.68,3.0,4,-0.39,0.3292,0.6342,0.8901,0.389,0.5324,0.6122
-19.0,-39.6,,1.56,1.328167,90,2.73,1.7,3.0,4,-0.24,0.2967,0.5701,0.7794,0.3058,0.3977,0.4473
-19.0,-39.4,,2.02,1.289257,93,2.82,1.71,3.0,4,-0.34,0.3317,0.6639,0.9118,0.4058,0.5487,0.6245
-18.8,-39.6,,1.33,1.435257,94,2.85,1.69,3.0,4,-0.37,0.2867,0.5655,0.7316,0.2773,0.3548,0.4077
-18.8,-39.4,,1.88,1.398173,89,2.7,1.73,3.0,4,-0.45,0.3328,0.6656,0.864,0.3996,0.5169,0.5876
-18.6,-39.6,,1.34,1.53088,98,2.97,1.66,3.0,4,-0.22,0.2947,0.6064,0.7243,0.3005,0.3901,0.4292
-18.6,-39.4,,1.8,1.486701,92,2.79,1.73,3.0,4,-0.17,0.3404,0.6944,0.864,0.4016,0.5292,0.5819
-18.4,-39.6,,1.45,1.603276,98,2.97,1.67,3.0,4,-0.29,0.321,0.6456,0.7721,0.3456,0.4462,0.498
-18.4,-39.4,,1.79,1.559896,98,2.97,1.74,3.0,4,-0.12,0.3673,0.744,0.9154,0.4242,0.5568,0.6195
-18.2,-39.4,,1.62,1.613519,104,3.15,1.77,3.0,4,-0.23,0.3586,0.7168,0.8676,0.3968,0.5116,0.5762
-18.2,-39.2,,1.85,1.551174,97,2.94,1.84,3.0,5,-0.25,0.3742,0.7325,0.9118,0.438,0.5761,0.6576
-18.2,-39.0,,2.0,1.481262,91,2.76,1.81,3.0,5,0.01,0.3731,0.7423,0.9485,0.4559,0.6041,0.7104
-18.0,-39.4,,1.34,1.640337,108,3.27,1.86,3.0,4,-0.24,0.3645,0.6871,0.8051,0.3471,0.4473,0.5021
-18.0,-39.2,,1.71,1.578768,106,3.21,1.88,4.0,4,-0.11,0.3876,0.7363,0.9118,0.4182,0.5583,0.6372
-18.0,-39.0,,1.86,1.506297,103,3.12,1.84,4.0,4,-0.14,0.3791,0.7697,0.9559,0.4338,0.5823,0.7042
-18.0,-38.8,,1.87,1.436191,99,3.0,1.83,4.0,5,-0.02,0.3411,0.6931,0.9154,0.4072,0.5455,0.6625
-17.8,-39.0,,1.65,1.492605,104,3.15,1.91,4.0,4,-0.19,0.3547,0.6996,0.8897,0.3797,0.5096,0.5966
-17.8,-38.8,,1.72,1.423886,87,2.64,1.83,4.0,4,-0.54,0.3314,0.6442,0.8529,0.3702,0.4937,0.5705
-17.6,-39.0,,1.208,1.440744,92,2.79,1.75,3.0,4,-0.41,0.2998,0.5709,0.8316,0.2622,0.3671,0.4369
-17.6,-38.8,,1.72,1.37235,72,2.18,1.81,3.0,4,-0.51,0.323,0.6471,0.8125,0.3582,0.4601,0.5311
-17.4,-39.0,,1.41,1.378398,74,2.24,1.54,3.0,4,-0.28,0.2607,0.5701,0.7206,0.2766,0.3579,0.4001
-17.4,-38.8,,1.82,1.313713,66,2.0,1.8,3.0,4,-0.24,0.3247,0.6472,0.7852,0.371,0.4878,0.5529
-17.2,-39.0,,1.56,1.326453,76,2.3,1.64,3.0,4,-0.13,0.2719,0.5671,0.7279,0.3036,0.3935,0.4321
-17.2,-38.8,,1.83,1.255339,69,2.09,1.8,3.0,4,-0.13,0.3188,0.6266,0.7566,0.3619,0.4868,0.545
-17.0,-39.0,,1.5,1.282712,76,2.3,1.74,3.0,4,-0.11,0.282,0.5611,0.6827,0.2863,0.3693,0.4041
-17.0,-38.8,,1.81,1.209959,69,2.09,1.84,3.0,4,-0.09,0.3113,0.5985,0.7321,0.3483,0.4753,0.5283
-16.8,-39.0,,1.5,1.248092,76,2.3,1.8,3.25,5,-0.26,0.2729,0.5388,0.6524,0.278,0.3674,0.3914
-16.8,-38.8,,1.83,1.20537,70,2.12,1.81,3.0,4,-0.01,0.3176,0.6217,0.7366,0.3548,0.4789,0.546
-16.6,-39.0,,1.25,1.244775,82,2.49,1.8,4.0,4,-0.22,0.2506,0.4763,0.6244,0.2199,0.2998,0.3245
-16.6,-38.8,,1.88,1.219513,72,2.18,1.86,4.0,4,-0.11,0.3252,0.63,0.7346,0.3714,0.4881,0.5758
-16.4,-38.8,,1.8,1.230149,77,2.33,1.84,4.0,5,-0.09,0.3115,0.5974,0.725,0.3505,0.4559,0.5461
-16.4,-38.6,,1.98,1.196776,67,2.03,1.88,4.0,4,-0.13,0.3265,0.6263,0.7124,0.3866,0.4986,0.6068
-16.2,-38.8,,1.54,1.243806,80,2.42,1.88,4.0,5,-0.11,0.2921,0.5829,0.6724,0.2939,0.3848,0.449
-16.2,-38.6,,1.92,1.217879,73,2.21,1.9,4.0,5,-0.23,0.3314,0.6252,0.7146,0.3802,0.4875,0.584
-16.0,-38.8,,1.46,1.242706,83,2.52,1.9,4.0,5,-0.05,0.2723,0.5515,0.6477,0.2703,0.356,0.4064
-16.0,-38.6,,1.94,1.221901,71,2.15,1.85,3.5,5,-0.11,0.3267,0.6327,0.7086,0.3804,0.5014,0.585
-15.8,-38.8,,1.4,1.214102,73,2.21,1.81,3.4,5,-0.05,0.2615,0.5173,0.5787,0.2456,0.3205,0.3753
-15.8,-38.6,,2.01,1.201281,61,1.85,1.97,4.0,5,-0.11,0.3255,0.6068,0.7072,0.3889,0.5306,0.6035
-15.8,-38.4,,2.07,1.212892,53,1.61,1.94,3.0,4,0.02,0.3148,0.6066,0.7059,0.402,0.533,0.6391
-15.6,-38.8,,1.62,1.211194,67,2.03,1.75,3.7,5,-0.15,0.2717,0.5071,0.6105,0.2895,0.378,0.4341
-15.6,-38.6,,2.01,1.206438,57,1.73,1.89,4.0,5,-0.18,0.3216,0.6065,0.6987,0.3894,0.5243,0.6143
-15.4,-38.8,,1.76,1.209872,62,1.88,1.84,3.0,5,-0.03,0.2856,0.5431,0.6586,0.3246,0.4228,0.4876
-15.4,-38.6,,2.02,1.213569,54,1.64,1.89,3.35,4,-0.13,0.3248,0.5887,0.702,0.3955,0.5141,0.6163
-15.2,-38.8,,1.76,1.210033,60,1.82,1.83,3.05,5,0.08,0.2922,0.5201,0.6764,0.3279,0.4304,0.4943
-15.2,-38.6,,2.04,1.219622,53,1.61,1.91,3.0,4,-0.06,0.3311,0.5762,0.7157,0.4028,0.5201,0.622
-15.0,-38.8,,1.87,1.215267,61,1.85,1.77,4.0,5,-0.11,0.2863,0.508,0.7226,0.3475,0.458,0.5378
-15.0,-38.6,,2.06,1.226109,53,1.61,1.85,3.0,4,0.02,0.3229,0.5654,0.7162,0.4056,0.5212,0.6208
-14.8,-38.8,,1.9,1.223076,60,1.82,1.83,4.0,5,-0.03,0.2915,0.5269,0.729,0.3598,0.4597,0.5582
-14.8,-38.6,,2.07,1.230982,53,1.61,1.94,3.4,4,-0.28,0.3199,0.5865,0.7159,0.4105,0.532,0.6363
-14.6,-38.8,,1.938,1.228504,58,1.76,1.86,4.0,5,0.21,0.3121,0.556,0.7325,0.3762,0.4837,0.5818
-14.6,-38.6,,2.08,1.235726,53,1.61,1.89,3.4,4,-0.19,0.326,0.594,0.7162,0.4189,0.5471,0.6447
-14.4,-38.8,,1.95,1.234657,58,1.76,1.88,4.0,5,0.19,0.3258,0.5769,0.735,0.3879,0.5062,0.6055
-14.4,-38.6,,2.1,1.240616,50,1.52,1.92,3.55,4,-0.06,0.3345,0.5875,0.7176,0.4269,0.541,0.6532
-14.2,-38.8,,1.87,1.239166,60,1.82,1.83,3.05,5,0.18,0.3207,0.5611,0.7409,0.3698,0.4912,0.5726
-14.2,-38.6,,2.1,1.245747,48,1.45,1.92,3.65,4,-0.12,0.3447,0.5923,0.721,0.4314,0.5421,0.6567
-14.0,-38.8,,1.8,1.245473,65,1.97,1.83,3.8,5,0.09,0.3058,0.5736,0.7481,0.3527,0.4585,0.5439
-14.0,-38.6,,2.08,1.251505,55,1.67,1.87,3.3,4,-0.09,0.3416,0.6036,0.7267,0.4277,0.5518,0.6551
-13.8,-38.8,,1.73,1.253493,63,1.91,1.92,4.0,5,0.02,0.3095,0.5764,0.7452,0.3422,0.4402,0.5251
-13.8,-38.6,,2.08,1.256198,59,1.79,1.83,4.0,4,0.17,0.3461,0.598,0.7353,0.4315,0.549,0.6557
-13.6,-38.8,,1.71,1.258362,64,1.94,1.94,4.0,5,-0.22,0.2962,0.5596,0.718,0.3327,0.4361,0.5175
-13.6,-38.6,,2.07,1.259701,60,1.82,1.85,4.0,4,0.0,0.3527,0.595,0.7449,0.4291,0.5421,0.6585
-13.4,-38.8,,1.71,1.261148,66,2.0,1.89,4.0,5,-0.09,0.3004,0.5332,0.6966,0.3305,0.4286,0.5073
-13.4,-38.6,,2.05,1.262119,64,1.94,1.89,3.85,5,-0.31,0.3538,0.6152,0.7526,0.4277,0.5431,0.6637
-13.4,-38.4,,2.14,1.261568,57,1.73,1.84,3.2,4,-0.07,0.3595,0.5949,0.739,0.4464,0.5677,0.6812
-13.2,-38.6,,1.99,1.262069,67,2.03,1.97,4.0,5,-0.54,0.3532,0.6305,0.7633,0.4133,0.5356,0.6695
-13.2,-38.4,,2.11,1.260646,62,1.88,1.92,4.0,5,-0.27,0.3614,0.6153,0.753,0.4418,0.5628,0.6796
-13.2,-38.2,,2.17,1.257143,55,1.67,1.91,4.0,4,-0.15,0.3468,0.5953,0.734,0.4465,0.5824,0.6813
-13.2,-38.0,,2.2,1.252796,49,1.49,2.0,4.0,4,-0.39,0.3408,0.6225,0.7376,0.4479,0.5981,0.6761
-13.0,-38.4,,1.96,1.257779,66,2.0,2.12,4.0,5,-0.39,0.3593,0.6242,0.7657,0.4108,0.5336,0.6718
-13.0,-38.2,,2.1,1.257023,63,1.91,1.98,4.0,5,-0.41,0.3428,0.6229,0.7531,0.4332,0.5574,0.6753
-13.0,-38.0,,2.17,1.253253,56,1.7,1.93,4.0,4,-0.34,0.3396,0.622,0.7305,0.4457,0.6047,0.6799
-13.0,-37.8,,2.23,1.24848,48,1.45,2.0,4.0,4,-0.69,0.3261,0.6269,0.7478,0.4456,0.6051,0.6744
-12.8,-38.0,,2.1,1.255236,61,1.85,2.0,4.0,5,-0.51,0.3301,0.623,0.7539,0.4277,0.5663,0.6624
-12.8,-37.8,,2.19,1.249708,53,1.61,1.92,3.4,4,-0.58,0.3296,0.6142,0.7421,0.443,0.6163,0.6735
-12.6,-37.8,,2.12,1.25369,60,1.82,1.95,4.0,5,-0.57,0.3154,0.6082,0.7449,0.4233,0.5849,0.6596
-12.6,-37.6,,2.21,1.247274,54,1.64,1.87,4.0,4,-0.24,0.3206,0.6272,0.7706,0.4432,0.6234,0.6606
-12.4,-37.8,,1.78,1.277298,63,1.91,1.94,4.0,5,-0.57,0.2746,0.5464,0.6545,0.3407,0.4826,0.5075
-12.4,-37.6,,2.14,1.253656,58,1.76,1.91,4.0,5,-0.5,0.3094,0.6247,0.7721,0.4274,0.609,0.6572
-12.4,-37.4,,2.24,1.2458,52,1.58,1.87,4.0,4,-0.13,0.315,0.6286,0.7956,0.4477,0.6356,0.6501
-12.2,-37.6,,1.97,1.264039,61,1.85,1.97,4.0,5,-0.54,0.2971,0.5881,0.7477,0.3882,0.5365,0.5844
-12.2,-37.4,,2.19,1.251975,54,1.64,1.89,4.0,4,-0.41,0.3148,0.6327,0.7865,0.4409,0.6392,0.6538
-12.0,-37.4,,2.12,1.259483,59,1.79,1.86,4.0,5,-0.44,0.3158,0.6166,0.7782,0.4277,0.6078,0.6586
-12.0,-37.2,,2.23,1.25175,51,1.55,1.82,4.0,4,-0.24,0.3161,0.6172,0.7924,0.4484,0.6427,0.6844
-11.8,-37.4,,2.01,1.270479,58,1.76,1.95,4.0,5,-0.41,0.3029,0.5923,0.7827,0.4,0.5856,0.628
-11.8,-37.2,,2.19,1.256161,55,1.67,1.82,4.0,5,-0.47,0.3093,0.5981,0.7839,0.4371,0.6255,0.6747
-11.6,-37.4,,1.84,1.460342,64,1.94,1.89,4.0,5,-0.31,0.3166,0.633,0.8274,0.4012,0.5621,0.606
-11.6,-37.2,,2.07,1.262251,56,1.7,1.88,4.0,5,-0.52,0.3095,0.5915,0.7873,0.4126,0.5821,0.6472
-11.6,-37.0,,2.23,1.255764,50,1.52,1.82,4.0,5,-0.22,0.3164,0.5968,0.7815,0.4461,0.6337,0.6889
-11.4,-37.2,,1.86,1.28638,58,1.76,1.98,4.0,5,-0.17,0.289,0.5761,0.7927,0.3658,0.501,0.5944
-11.4,-37.0,,2.19,1.261825,54,1.64,1.83,4.0,5,-0.39,0.3106,0.5927,0.7919,0.436,0.6067,0.6919
-11.4,-36.8,,2.26,1.256563,46,1.39,1.85,4.0,4,-0.65,0.3142,0.5971,0.7817,0.4511,0.6302,0.6891
-11.2,-37.0,,2.0,1.274561,54,1.64,2.02,4.0,5,-0.17,0.303,0.5861,0.7928,0.3952,0.5305,0.6268
-11.2,-36.8,,2.22,1.261827,49,1.49,1.88,4.0,5,-0.47,0.307,0.604,0.7945,0.4393,0.6007,0.6923
-11.0,-37.0,,1.45,1.290438,53,1.61,2.11,4.0,5,0.06,0.2636,0.4816,0.7916,0.2736,0.3588,0.4961
-11.0,-36.8,,2.19,1.271335,53,1.61,2.0,4.0,5,-0.28,0.2998,0.6084,0.7923,0.4302,0.5759,0.6938
-11.0,-36.6,,2.24,1.263685,47,1.42,1.98,4.0,5,0.11,0.324,0.6209,0.7961,0.4507,0.6092,0.6929
-10.8,-36.8,,1.66,1.289736,56,1.7,2.12,4.25,5,-0.11,0.2739,0.5254,0.7944,0.3192,0.4215,0.5972
-10.8,-36.6,,2.11,1.28509,51,1.55,2.08,4.0,5,-0.14,0.3163,0.6201,0.7991,0.425,0.5757,0.6978
-10.8,-36.4,,2.23,1.265146,46,1.39,2.02,4.0,5,-0.17,0.3305,0.6297,0.8013,0.4509,0.6109,0.6941
-10.8,-36.2,,2.31,1.259763,43,1.3,1.93,4.0,5,-0.09,0.3248,0.6101,0.8042,0.4621,0.6319,0.6935
-10.6,-36.6,,1.86,1.310157,52,1.58,2.19,4.45,5,-0.15,0.2973,0.59,0.8016,0.3737,0.5056,0.6739
-10.6,-36.4,,2.08,1.277341,52,1.58,2.1,4.0,5,-0.06,0.307,0.6075,0.8007,0.4128,0.556,0.6964
-10.6,-36.2,,2.22,1.270695,51,1.55,1.9,4.0,5,-0.08,0.3192,0.5992,0.8006,0.4446,0.5871,0.6951
-10.6,-36.0,,2.32,1.261307,47,1.42,1.85,4.0,5,-0.15,0.3305,0.6055,0.805,0.4647,0.6136,0.6939
-10.4,-36.2,,1.9,1.300144,53,1.61,1.94,4.0,5,-0.4,0.3042,0.5628,0.8039,0.3772,0.4907,0.6485
-10.4,-36.0,,2.23,1.271858,50,1.52,1.88,4.0,5,-0.18,0.3249,0.6119,0.801,0.446,0.5845,0.6826
-10.4,-35.8,,2.32,1.262563,47,1.42,1.89,4.0,5,0.02,0.3282,0.6059,0.8038,0.4641,0.6112,0.694
-10.2,-36.0,,2.0,1.292758,56,1.7,1.93,4.0,5,-0.62,0.3032,0.584,0.8037,0.3959,0.5175,0.6341
-10.2,-35.8,,2.26,1.270104,51,1.55,1.9,4.0,5,-0.31,0.3095,0.596,0.8018,0.4467,0.5875,0.6952
-10.2,-35.6,,2.33,1.266157,47,1.42,1.89,4.0,5,-0.28,0.3178,0.604,0.802,0.4616,0.6107,0.6944
-10.0,-35.8,,2.01,1.284509,55,1.67,1.87,4.0,5,-0.65,0.2987,0.5874,0.8037,0.394,0.5249,0.6361
-10.0,-35.6,,2.27,1.273416,49,1.49,1.88,4.0,5,-0.24,0.3139,0.5918,0.8026,0.4502,0.5948,0.696
-10.0,-35.4,,2.35,1.268474,46,1.39,1.93,4.0,5,-0.43,0.3244,0.6206,0.8039,0.4682,0.6266,0.6952
-9.8,-35.8,,2.13,1.310815,54,1.64,1.98,4.0,5,0.06,0.3114,0.591,0.806,0.4276,0.5722,0.7023
-9.8,-35.6,,2.19,1.292465,51,1.55,1.96,4.0,5,-0.04,0.3171,0.5992,0.808,0.4388,0.5824,0.7007
-9.8,-35.4,,2.28,1.278232,48,1.45,1.88,4.0,5,-0.33,0.3262,0.6189,0.8038,0.4585,0.6082,0.6971
-9.6,-35.6,,1.6,1.380091,51,1.55,2.02,4.0,5,0.0,0.2914,0.5675,0.7967,0.325,0.4088,0.5218
-9.6,-35.4,,2.13,1.308327,49,1.49,1.96,4.0,5,-0.06,0.3092,0.6059,0.8134,0.4271,0.5494,0.7048
-9.6,-35.2,,2.26,1.279132,48,1.45,1.94,4.0,5,-0.4,0.3045,0.6097,0.8018,0.4463,0.5727,0.697
-9.4,-35.4,,1.52,1.366279,51,1.55,2.02,4.0,5,-0.14,0.2801,0.5466,0.793,0.3032,0.3794,0.5013
-9.4,-35.2,,2.15,1.309146,49,1.49,2.06,4.0,5,-0.08,0.3068,0.6025,0.8117,0.4312,0.5476,0.7047
-9.4,-35.0,,2.3,1.273998,47,1.42,1.98,4.0,5,-0.26,0.3098,0.6419,0.8018,0.4527,0.5806,0.6957
-9.2,-35.2,,1.83,1.343808,54,1.64,2.06,4.0,5,0.2,0.292,0.5532,0.8342,0.3645,0.4502,0.6239
-9.2,-35.0,,2.2,1.294326,51,1.55,2.08,4.0,5,-0.08,0.3052,0.605,0.8152,0.4358,0.5509,0.7003
-9.2,-34.8,,2.34,1.272311,49,1.49,2.0,4.0,6,-0.18,0.304,0.6541,0.8113,0.4568,0.5855,0.6943
-9.0,-35.0,,2.11,1.307188,53,1.61,2.0,4.0,5,-0.4,0.3058,0.6239,0.8092,0.4191,0.5485,0.7039
-9.0,-34.8,,2.3,1.281661,53,1.61,1.96,4.0,6,-0.25,0.2957,0.6156,0.817,0.4464,0.5727,0.6964
-8.8,-35.0,,1.96,1.326403,55,1.67,2.0,4.0,5,-0.22,0.2985,0.6574,0.8131,0.3911,0.5615,0.6828
-8.8,-34.8,,2.25,1.288328,54,1.64,2.04,4.0,6,0.26,0.3022,0.6589,0.8236,0.4412,0.569,0.6983
-8.6,-34.8,,2.19,1.303582,55,1.67,2.09,4.3,6,0.18,0.2963,0.672,0.8325,0.4313,0.5956,0.7021
-8.6,-34.6,,2.34,1.281477,52,1.58,2.13,4.45,6,0.38,0.3075,0.7062,0.8226,0.4559,0.6067,0.6961
-8.4,-34.8,,1.97,1.316863,61,1.85,2.03,4.0,6,0.11,0.2838,0.5786,0.8246,0.385,0.5124,0.7052
-8.4,-34.6,,2.29,1.289405,54,1.64,2.04,4.35,6,0.26,0.3045,0.6955,0.827,0.4468,0.5954,0.6971
-8.2,-34.8,,2.08,1.335369,62,1.88,2.02,4.0,6,0.05,0.2855,0.5134,0.8336,0.4061,0.5077,0.709
-8.2,-34.6,,2.24,1.299459,61,1.85,1.92,4.0,6,0.11,0.287,0.5414,0.8277,0.4298,0.5452,0.6998
-8.0,-34.8,,1.93,1.354498,65,1.97,2.0,4.0,6,0.05,0.2745,0.4819,0.8024,0.377,0.4602,0.7013
-8.0,-34.6,,2.17,1.324909,64,1.94,1.86,4.0,6,0.02,0.2816,0.5179,0.8033,0.4196,0.5245,0.7056
-8.0,-34.4,,2.35,1.297281,61,1.85,1.89,4.0,6,0.02,0.2988,0.547,0.8188,0.4528,0.5679,0.697
-7.8,-34.8,,1.75,1.378044,69,2.09,1.99,4.0,6,0.46,0.2668,0.4644,0.8018,0.3436,0.4194,0.6986
-7.8,-34.6,,2.03,1.342964,66,2.0,1.88,4.0,6,-0.05,0.2753,0.4803,0.8005,0.393,0.4803,0.7097
-7.8,-34.4,,2.33,1.307871,63,1.91,1.87,4.0,6,-0.16,0.2958,0.5216,0.7864,0.4509,0.5618,0.6995
-7.6,-34.8,,1.4,1.43055,63,1.91,1.78,4.0,5,1.0,0.2785,0.4841,0.5545,0.2842,0.3505,0.3668
-7.6,-34.6,,1.85,1.359312,66,2.0,1.86,4.0,6,0.12,0.2641,0.473,0.8001,0.3592,0.4446,0.7129
-7.6,-34.4,,2.31,1.315022,64,1.94,1.83,4.0,5,-0.11,0.2809,0.5099,0.7848,0.444,0.5517,0.7014
-7.4,-34.6,,1.91,1.364901,64,1.94,1.91,4.0,6,0.11,0.2578,0.4714,0.7954,0.368,0.4502,0.7132
-7.4,-34.4,,2.3,1.317,67,2.03,1.84,4.0,5,0.13,0.2773,0.5022,0.7921,0.4392,0.5444,0.703
-7.2,-34.6,,2.01,1.364615,63,1.91,1.83,4.0,5,0.1,0.2644,0.4968,0.7971,0.3882,0.4741,0.7135
-7.2,-34.4,,2.3,1.318361,62,1.88,1.85,4.0,5,0.15,0.2725,0.5175,0.7975,0.4383,0.5377,0.7042
-7.0,-34.8,,1.38,1.406612,67,2.03,1.76,4.0,4,0.13,0.2182,0.4402,0.827,0.2573,0.308,0.5346
-7.0,-34.6,,2.11,1.35179,60,1.82,1.88,4.0,5,-0.18,0.2581,0.4715,0.7939,0.4033,0.4922,0.7103
-7.0,-34.4,,2.28,1.326259,63,1.91,1.97,4.0,5,-0.02,0.2674,0.5064,0.7971,0.4334,0.524,0.7057
-6.8,-34.8,,1.43,1.391897,61,1.85,1.93,4.0,5,0.31,0.2173,0.4417,0.797,0.2685,0.3248,0.5798
-6.8,-34.6,,2.19,1.342656,61,1.85,1.85,4.0,5,-0.26,0.2607,0.463,0.7931,0.4198,0.513,0.7084
-6.6,-34.8,,1.86,1.373365,60,1.82,1.95,4.0,4,0.03,0.2277,0.4268,0.7947,0.3498,0.4171,0.6526
-6.6,-34.6,,2.21,1.3416,59,1.79,1.9,4.0,4,-0.2,0.2521,0.4554,0.7949,0.4185,0.5142,0.7085
-6.4,-34.8,,2.038,1.36534,57,1.73,2.04,4.0,5,0.02,0.2411,0.4373,0.7958,0.3882,0.4681,0.6713
-6.4,-34.6,,2.27,1.345935,58,1.76,1.97,4.0,5,-0.1,0.2489,0.4522,0.7984,0.431,0.5282,0.7099
-6.2,-35.0,,1.47,1.394526,66,2.0,1.8,4.0,4,-0.45,0.2081,0.3971,0.6974,0.2693,0.3188,0.4661
-6.2,-34.8,,2.12,1.361824,59,1.79,1.97,4.0,5,-0.1,0.2449,0.4496,0.7915,0.4043,0.5101,0.7028
-6.2,-34.6,,2.3,1.346455,65,1.97,1.85,4.0,5,-0.14,0.2448,0.4528,0.7911,0.4364,0.5387,0.7088
-6.0,-35.0,,1.87,1.390955,66,2.0,1.76,4.0,4,0.02,0.2235,0.4186,0.7344,0.3508,0.4268,0.557
-6.0,-34.8,,2.18,1.365858,67,2.03,1.85,4.0,4,0.01,0.2328,0.4388,0.7938,0.4115,0.4762,0.7059
-5.8,-35.0,,1.9,1.381765,72,2.18,1.75,4.0,4,-0.04,0.2269,0.4379,0.7475,0.3558,0.4418,0.5677
-5.8,-34.8,,2.24,1.363358,64,1.94,1.84,4.0,4,-0.19,0.2439,0.4599,0.79,0.4261,0.5321,0.701
-5.6,-35.0,,2.03,1.383637,69,2.09,1.68,4.0,4,-0.07,0.223,0.4592,0.7758,0.3808,0.4822,0.6063
-5.6,-34.8,,2.3,1.365896,61,1.85,1.93,4.0,4,0.25,0.2499,0.4944,0.7858,0.4406,0.5395,0.7082
-5.4,-35.2,,2.01,1.466034,71,2.15,1.72,4.0,4,-0.04,0.2376,0.4716,0.6909,0.393,0.4764,0.571
-5.4,-35.0,,2.21,1.384989,69,2.09,1.75,4.0,4,0.22,0.2324,0.4777,0.7752,0.4179,0.5131,0.6395
-5.4,-34.8,,2.34,1.366738,60,1.82,1.9,4.0,4,0.33,0.253,0.5239,0.7823,0.4504,0.552,0.7023
-5.2,-35.4,,1.87,1.56747,69,2.09,1.64,3.6,4,0.07,0.2366,0.4554,0.5553,0.3817,0.4401,0.4799
-5.2,-35.2,,2.06,1.442934,70,2.12,1.73,3.55,4,0.33,0.2245,0.4643,0.6792,0.3941,0.465,0.576
-5.2,-35.0,,2.27,1.386125,73,2.21,1.73,4.0,4,0.32,0.2341,0.4943,0.7621,0.4286,0.5106,0.6448
-5.0,-36.6,,1.42,1.644253,66,2.0,1.94,3.75,5,-0.29,0.2725,0.4601,0.6877,0.3245,0.386,0.5045
-5.0,-36.2,,1.36,1.729575,74,2.24,1.89,4.0,4,-0.38,0.2764,0.5247,0.7684,0.3317,0.4046,0.54
-5.0,-35.6,,1.72,1.515432,76,2.3,1.55,3.0,4,-0.11,0.2131,0.4247,0.5198,0.336,0.3892,0.4628
-5.0,-35.4,,1.93,1.476623,71,2.15,1.61,3.0,4,0.04,0.2166,0.4552,0.559,0.3718,0.4358,0.5183
-5.0,-35.2,,2.14,1.421647,66,2.0,1.71,3.75,4,0.32,0.2321,0.5113,0.657,0.4091,0.4903,0.5852
-5.0,-35.0,,2.29,1.370841,65,1.97,1.66,4.0,4,0.63,0.2363,0.55,0.7341,0.4312,0.5307,0.6383
-4.8,-37.2,,1.76,2.276873,88,2.67,1.61,3.0,5,-0.14,0.32,0.5342,0.5556,0.5152,0.5619,0.5884
-4.8,-37.0,,1.79,1.632679,82,2.49,1.55,3.0,5,-0.22,0.2302,0.3819,0.4586,0.3761,0.4167,0.4598
-4.8,-36.8,,1.86,1.571185,81,2.45,1.59,3.0,5,-0.36,0.2167,0.3701,0.539,0.3752,0.419,0.5053
-4.8,-36.6,,1.9,1.522251,79,2.39,1.63,3.0,3,-0.37,0.2164,0.3818,0.6252,0.3741,0.4241,0.5488
-4.8,-36.4,,1.91,1.476011,72,2.18,1.65,3.0,3,0.11,0.2118,0.3853,0.6724,0.3668,0.4247,0.5699
-4.8,-36.2,,1.91,1.46108,74,2.24,1.55,3.0,3,0.14,0.2065,0.3896,0.6953,0.3623,0.4235,0.5793
-4.8,-36.0,,1.93,1.454371,72,2.18,1.58,3.0,3,0.29,0.214,0.3955,0.7298,0.367,0.4257,0.5995
-4.8,-35.8,,1.98,1.449664,74,2.24,1.51,3.0,3,0.23,0.2152,0.4328,0.6426,0.3756,0.426,0.5639
-4.8,-35.6,,2.07,1.449795,65,1.97,1.6,3.0,4,0.18,0.2189,0.4558,0.576,0.3949,0.4681,0.5474
-4.8,-35.4,,2.17,1.433594,62,1.88,1.71,3.0,4,0.13,0.2335,0.5078,0.6581,0.418,0.516,0.6054
-4.6,-37.4,,1.52,1.688442,89,2.7,1.61,3.6,5,-0.12,0.2314,0.3886,0.4334,0.3374,0.3724,0.4126
-4.6,-37.2,,1.93,1.619092,83,2.52,1.52,3.0,5,-0.02,0.2334,0.3897,0.5438,0.4037,0.4474,0.5311
-4.6,-37.0,,2.06,1.527905,80,2.42,1.5,3.0,5,0.15,0.224,0.3939,0.5673,0.4081,0.4483,0.5526
-4.6,-36.8,,2.09,1.487054,75,2.27,1.61,3.0,4,0.29,0.2158,0.3979,0.5724,0.4047,0.4462,0.5556
-4.6,-36.6,,2.09,1.479166,75,2.27,1.6,3.0,4,0.08,0.2209,0.3974,0.611,0.4044,0.4471,0.5738
-4.6,-36.0,,2.12,1.450993,72,2.18,1.51,2.45,3,0.28,0.2156,0.4363,0.6822,0.404,0.4584,0.6111
-4.4,-37.6,,1.75,1.701803,83,2.52,1.59,3.0,5,-0.04,0.2428,0.4234,0.4956,0.3895,0.4346,0.453
-4.4,-37.4,,2.0,1.624544,86,2.61,1.53,3.0,5,0.0,0.2401,0.423,0.6101,0.4219,0.4693,0.5829
-4.4,-37.2,,2.1,1.524334,83,2.52,1.52,3.0,5,0.34,0.2341,0.4143,0.6056,0.4205,0.4708,0.5826
-4.4,-37.0,,2.15,1.495144,78,2.36,1.6,3.0,4,0.4,0.2323,0.4125,0.5994,0.4231,0.4718,0.5837
-4.2,-37.8,,1.63,1.700399,85,2.58,1.61,3.0,4,-0.24,0.2351,0.4292,0.5112,0.3642,0.4161,0.442
-4.2,-37.6,,1.91,1.633143,83,2.52,1.53,3.0,4,0.23,0.2351,0.4402,0.5278,0.4059,0.4609,0.5313
-4.2,-37.4,,2.14,1.548592,82,2.49,1.5,3.0,4,0.48,0.2384,0.4489,0.5977,0.4346,0.4976,0.5935
-4.2,-32.6,,2.43,1.284232,61,1.85,1.72,4.0,4,0.13,0.2659,0.5317,0.6722,0.4554,0.5602,0.5982
-4.2,-32.4,,2.41,1.277939,59,1.79,1.85,4.0,4,0.2,0.2677,0.5061,0.673,0.4505,0.5563,0.5887
-4.2,-32.2,,2.43,1.271915,62,1.88,1.74,4.0,4,0.21,0.2618,0.4853,0.6719,0.4497,0.539,0.5897
-4.0,-38.0,,1.71,1.685846,83,2.52,1.59,3.0,5,-0.17,0.232,0.4305,0.4979,0.375,0.4272,0.4438
-4.0,-37.8,,1.87,1.625822,84,2.55,1.58,3.0,4,-0.19,0.2335,0.4759,0.4895,0.3973,0.4613,0.5057
-4.0,-37.6,,2.11,1.553317,83,2.52,1.52,3.0,5,0.28,0.2366,0.466,0.5869,0.4317,0.5099,0.5872
-4.0,-32.8,,2.44,1.288779,60,1.82,1.7,4.0,4,0.18,0.2676,0.5494,0.6933,0.4584,0.562,0.6258
-4.0,-32.6,,2.41,1.281978,60,1.82,1.78,4.0,4,0.2,0.2692,0.5332,0.6788,0.45,0.5606,0.5909
-4.0,-32.4,,2.39,1.275085,60,1.82,1.87,4.0,4,0.08,0.2581,0.5075,0.6728,0.4414,0.5542,0.582
-4.0,-32.2,,2.42,1.270311,62,1.88,1.73,3.95,4,0.18,0.2584,0.4884,0.6776,0.4463,0.5373,0.5885
-4.0,-32.0,,2.44,1.264823,64,1.94,1.7,3.85,4,-0.16,0.2543,0.4992,0.6869,0.4486,0.559,0.5951
-3.8,-38.2,,1.77,1.656402,88,2.67,1.64,3.0,5,-0.16,0.2271,0.4439,0.4921,0.381,0.4307,0.4836
-3.8,-38.0,,1.95,1.609591,89,2.7,1.58,3.0,4,0.2,0.2308,0.472,0.5478,0.4092,0.4731,0.5142
-3.8,-32.8,,2.35,1.28878,61,1.85,1.7,4.0,4,0.05,0.2679,0.5468,0.6888,0.4409,0.5442,0.6295
-3.8,-32.6,,2.26,1.284521,60,1.82,1.68,3.05,4,0.17,0.2533,0.4942,0.6837,0.4168,0.5026,0.6156
-3.8,-32.4,,2.23,1.27897,64,1.94,1.67,3.0,4,-0.36,0.2401,0.4337,0.6676,0.4044,0.483,0.6002
-3.8,-32.2,,2.4,1.26972,65,1.97,1.68,3.8,4,-0.23,0.2457,0.4861,0.5883,0.4375,0.5311,0.5906
-3.8,-32.0,,2.43,1.262978,64,1.94,1.67,3.85,5,0.02,0.2564,0.4988,0.691,0.447,0.5566,0.5983
-3.6,-38.6,,1.62,1.638646,85,2.58,1.61,3.0,5,-0.25,0.2229,0.3896,0.4803,0.3467,0.3955,0.4093
-3.6,-38.4,,1.81,1.6188,88,2.67,1.6,3.0,5,-0.14,0.2272,0.425,0.4863,0.3815,0.4299,0.4656
-3.6,-38.2,,1.98,1.581122,84,2.55,1.55,3.0,4,0.33,0.2373,0.4504,0.5279,0.4107,0.4671,0.5124
-3.6,-38.0,,2.08,1.535603,88,2.67,1.48,3.0,4,0.14,0.2404,0.4723,0.8177,0.4245,0.4971,0.7514
-3.6,-32.8,,2.34,1.286744,63,1.91,1.71,3.9,4,0.13,0.2655,0.5404,0.6871,0.4365,0.5379,0.6312
-3.6,-32.6,,2.28,1.281922,58,1.76,1.66,3.15,4,-0.02,0.2501,0.4342,0.6854,0.4193,0.4983,0.619
-3.6,-32.4,,2.25,1.275161,62,1.88,1.56,3.0,5,-0.23,0.2384,0.4458,0.6793,0.4066,0.487,0.6086
-3.6,-32.2,,2.35,1.268622,63,1.91,1.62,3.0,5,0.0,0.2429,0.4758,0.6297,0.4267,0.5164,0.6015
-3.6,-32.0,,2.42,1.261804,59,1.79,1.68,3.1,5,-0.42,0.2574,0.5078,0.6001,0.4446,0.5523,0.5983
-3.4,-38.8,,1.79,1.617196,88,2.67,1.67,3.0,5,-0.23,0.2401,0.4256,0.8245,0.3826,0.427,0.769
-3.4,-38.6,,1.93,1.589889,85,2.58,1.59,3.0,4,0.12,0.2406,0.4359,0.8228,0.4062,0.4696,0.7632
-3.4,-38.4,,2.04,1.559873,87,2.64,1.57,3.0,4,0.05,0.2454,0.4588,0.8175,0.4232,0.4945,0.7563
-3.4,-38.2,,2.12,1.523372,85,2.58,1.58,3.0,4,-0.13,0.2531,0.4803,0.8141,0.434,0.5114,0.7483
-3.4,-32.4,,2.3,1.273987,58,1.76,1.66,3.0,5,-0.05,0.2449,0.505,0.6601,0.4185,0.5148,0.6083
-3.2,-39.2,,1.5,1.632463,94,2.85,1.56,3.0,4,-0.06,0.2318,0.3965,0.8288,0.326,0.3685,0.6794
-3.2,-39.0,,1.83,1.595319,84,2.55,1.62,3.0,4,-0.08,0.2477,0.4228,0.8227,0.3899,0.4425,0.7643
-3.2,-38.8,,2.02,1.562143,86,2.61,1.63,3.0,4,0.12,0.2455,0.4392,0.8161,0.4194,0.4867,0.7565
-3.2,-38.6,,2.12,1.524429,85,2.58,1.55,3.0,4,-0.13,0.2503,0.4636,0.8101,0.4329,0.5049,0.7479
-3.0,-39.4,,1.68,1.653955,97,2.94,1.57,3.0,3,0.0,0.2452,0.4195,0.8351,0.3677,0.4149,0.6885
-3.0,-39.2,,1.9,1.588162,86,2.61,1.57,3.0,3,-0.03,0.2494,0.415,0.8221,0.4019,0.4594,0.7628
-3.0,-39.0,,2.07,1.538296,86,2.61,1.64,3.0,5,0.08,0.253,0.4451,0.8133,0.4273,0.4991,0.7512
-3.0,-38.8,,2.14,1.506434,85,2.58,1.54,3.0,3,0.07,0.2503,0.466,0.8084,0.4335,0.506,0.744
-2.8,-41.6,,1.03,1.815257,94,2.85,1.54,3.0,4,-0.12,0.2797,0.4912,0.7469,0.3001,0.3453,0.4518
-2.8,-41.4,,1.17,1.811709,87,2.64,1.71,3.0,5,-0.3,0.2801,0.4809,0.7633,0.3115,0.373,0.4831
-2.8,-41.2,,1.45,1.805584,85,2.58,1.71,3.0,5,-0.47,0.2707,0.4502,0.7317,0.3591,0.4114,0.5182
-2.8,-41.0,,1.39,1.796068,84,2.55,1.74,3.0,5,-0.49,0.2638,0.4327,0.6894,0.3435,0.3991,0.4848
-2.8,-40.8,,1.3,1.783768,86,2.61,1.78,3.0,5,-0.57,0.2551,0.4154,0.6508,0.321,0.365,0.4484
-2.8,-40.6,,1.29,1.76777,87,2.64,1.7,3.7,5,-0.46,0.238,0.4272,0.6098,0.3096,0.35,0.4256
-2.8,-40.4,,1.44,1.740438,87,2.64,1.77,3.7,5,-0.31,0.2489,0.4471,0.5774,0.3356,0.385,0.4348
-2.8,-40.2,,1.58,1.730741,88,2.67,1.66,3.0,4,-0.1,0.2502,0.4784,0.5268,0.3625,0.4225,0.4788
-2.8,-40.0,,1.67,1.744129,81,2.45,1.78,3.0,5,-0.1,0.2589,0.4772,0.5177,0.3838,0.4354,0.4714
-2.8,-39.8,,1.79,1.717386,86,2.61,1.71,3.0,5,-0.21,0.2619,0.4695,0.861,0.4031,0.4555,0.6763
-2.8,-39.6,,1.9,1.672054,93,2.82,1.67,3.0,4,-0.01,0.2596,0.4265,0.848,0.4173,0.4707,0.7382
-2.8,-39.4,,1.99,1.612444,93,2.82,1.59,3.0,4,-0.28,0.2556,0.4378,0.8326,0.4243,0.4823,0.7694
-2.8,-39.2,,2.1,1.547843,93,2.82,1.61,3.0,4,-0.03,0.2557,0.4595,0.8185,0.434,0.5096,0.754
-2.6,-42.4,,1.49,1.819458,97,2.94,1.51,3.0,4,-0.52,0.2839,0.4837,0.6696,0.3765,0.4431,0.5094
-2.6,-42.2,,1.45,1.786817,97,2.94,1.53,3.0,4,-0.26,0.283,0.471,0.7372,0.362,0.4244,0.5287
-2.6,-42.0,,1.43,1.761956,96,2.91,1.54,3.0,4,-0.11,0.2809,0.4573,0.7853,0.3529,0.4161,0.5439
-2.6,-41.8,,1.45,1.756047,96,2.91,1.58,3.0,4,-0.01,0.2847,0.4667,0.8144,0.3556,0.4159,0.561
-2.6,-41.6,,1.66,1.753232,96,2.91,1.62,3.0,5,0.17,0.2908,0.4847,0.7985,0.3953,0.4522,0.5901
-2.6,-41.4,,1.46,1.749367,88,2.67,1.7,3.0,5,-0.36,0.2814,0.45,0.7941,0.3531,0.4106,0.5495
-2.6,-41.2,,1.85,1.74206,83,2.52,1.8,3.0,5,-0.28,0.2783,0.4466,0.7663,0.4237,0.4789,0.6063
-2.6,-41.0,,1.74,1.740842,84,2.55,1.79,3.0,5,-0.33,0.2765,0.4431,0.7465,0.4008,0.4483,0.5753
-2.6,-40.8,,1.62,1.732215,83,2.52,1.67,3.0,5,-0.31,0.2682,0.4262,0.7123,0.3733,0.4206,0.5362
-2.6,-40.6,,1.94,1.723508,78,2.36,1.77,3.0,5,-0.67,0.2768,0.4626,0.6653,0.4348,0.4898,0.5718
-2.6,-40.4,,1.97,1.710878,79,2.39,1.75,3.0,5,-0.7,0.2707,0.4656,0.6195,0.4367,0.4939,0.5549
-2.6,-40.2,,1.98,1.698056,82,2.49,1.68,3.0,5,-0.24,0.2665,0.4793,0.5685,0.4343,0.4916,0.5322
-2.6,-40.0,,1.97,1.673631,85,2.58,1.72,3.0,5,-0.4,0.2755,0.4745,0.8623,0.4319,0.4966,0.6896
-2.6,-39.8,,1.99,1.641402,88,2.67,1.68,3.0,4,-0.26,0.2698,0.4606,0.8546,0.4301,0.4832,0.735
-2.6,-39.6,,2.04,1.606823,92,2.79,1.53,3.0,4,-0.11,0.2574,0.4547,0.8407,0.4319,0.4843,0.7696
-2.4,-44.2,,0.82,2.460296,93,2.82,1.76,4.0,5,0.25,0.3243,0.5992,0.6324,0.4311,0.4697,0.4887
-2.4,-44.0,,1.05,2.82713,95,2.88,1.68,4.0,5,-0.14,0.4143,0.6176,0.6949,0.5044,0.5376,0.5659
-2.4,-43.0,,1.39,1.852884,88,2.67,1.78,3.0,5,-0.51,0.2991,0.4933,0.6215,0.3657,0.4183,0.5056
-2.4,-42.8,,1.7,1.809439,88,2.67,1.66,3.0,5,-0.23,0.2933,0.5018,0.6251,0.4168,0.4746,0.5533
-2.4,-42.6,,1.82,1.766124,91,2.76,1.58,3.0,4,0.03,0.29,0.5309,0.6722,0.4327,0.5237,0.568
-2.4,-42.4,,2.07,1.729517,92,2.79,1.62,3.0,5,0.03,0.3053,0.5226,0.715,0.4774,0.5547,0.627
-2.4,-42.2,,2.08,1.699527,91,2.76,1.64,3.0,5,-0.04,0.3066,0.5144,0.7835,0.4741,0.5431,0.6574
-2.4,-42.0,,2.08,1.673647,90,2.73,1.62,3.0,5,-0.12,0.2988,0.4925,0.8299,0.4671,0.5431,0.6769
-2.4,-41.8,,2.1,1.656974,94,2.85,1.63,3.35,5,0.04,0.2898,0.4802,0.8383,0.4621,0.5213,0.6835
-2.4,-41.6,,2.13,1.642839,87,2.64,1.7,3.7,5,-0.23,0.2831,0.4664,0.8247,0.4619,0.5221,0.6814
-2.4,-40.8,,2.16,1.64629,76,2.3,1.84,3.0,5,-0.68,0.2782,0.46,0.6925,0.466,0.5246,0.6205
-2.4,-40.6,,2.13,1.632103,76,2.3,1.82,3.0,5,-0.64,0.2728,0.4284,0.7071,0.4551,0.5079,0.6182
-2.4,-40.4,,2.12,1.618726,78,2.36,1.79,3.0,5,-0.05,0.2723,0.4422,0.7559,0.4506,0.5178,0.6389
-2.4,-40.2,,2.12,1.603954,80,2.42,1.73,3.0,5,0.04,0.2771,0.4586,0.8397,0.4499,0.5267,0.6791
-2.4,-40.0,,2.12,1.584558,88,2.67,1.6,3.0,4,0.0,0.2752,0.4899,0.8471,0.4459,0.4983,0.7167
-2.2,-44.2,,1.42,2.517594,87,2.64,1.8,4.0,5,-0.13,0.3931,0.6419,0.7656,0.5248,0.5988,0.6572
-2.2,-44.0,,1.66,2.45755,93,2.82,1.83,4.0,5,-0.08,0.39,0.602,0.7358,0.5563,0.6202,0.6804
-2.2,-43.8,,1.7,2.390021,95,2.88,1.72,3.3,5,-0.37,0.3774,0.6015,0.683,0.5476,0.6148,0.6507
-2.2,-43.6,,1.78,2.125359,100,3.03,1.59,3.0,5,-0.41,0.3307,0.5621,0.6176,0.5013,0.5754,0.6176
-2.2,-43.4,,1.88,2.01248,95,2.88,1.57,3.0,5,-0.17,0.3322,0.5483,0.6713,0.501,0.5722,0.675
-2.2,-43.2,,2.0,1.875409,93,2.82,1.62,3.0,5,-0.25,0.3277,0.5279,0.6576,0.4975,0.5637,0.6439
-2.2,-43.0,,2.0,1.783313,86,2.61,1.77,3.0,5,-0.38,0.333,0.5548,0.6905,0.4811,0.5489,0.6476
-2.2,-42.8,,2.07,1.709989,93,2.82,1.69,3.0,5,-0.16,0.3079,0.5215,0.6779,0.4748,0.5345,0.6424
-2.2,-42.6,,2.16,1.649236,93,2.82,1.63,3.0,5,-0.19,0.3031,0.5195,0.6786,0.4801,0.5665,0.6644
-2.0,-44.4,,1.05,2.568114,91,2.76,1.7,4.0,4,0.09,0.4033,0.636,0.761,0.4774,0.5382,0.5909
-2.0,-44.2,,1.58,2.498634,86,2.61,1.76,3.75,5,-0.15,0.4203,0.6781,0.7844,0.5592,0.6326,0.6895
-2.0,-44.0,,1.83,2.393951,94,2.85,1.72,3.35,5,-0.23,0.4028,0.6526,0.7757,0.5836,0.6597,0.7161
-2.0,-43.8,,1.92,2.254024,94,2.85,1.71,3.35,5,-0.49,0.3826,0.6219,0.7868,0.5697,0.647,0.7086
-2.0,-43.6,,1.99,2.076241,91,2.76,1.68,3.0,4,-0.44,0.3596,0.588,0.7794,0.5435,0.6166,0.684
-2.0,-43.4,,2.09,1.914966,92,2.79,1.63,3.0,5,-0.22,0.3357,0.551,0.7684,0.5258,0.5997,0.6696
-2.0,-43.2,,2.12,1.782821,87,2.64,1.63,3.0,5,-0.3,0.3313,0.5522,0.7405,0.5056,0.5729,0.6663
-2.0,-43.0,,2.15,1.687697,89,2.7,1.67,3.0,5,-0.24,0.3165,0.533,0.7172,0.491,0.5725,0.6726
-1.8,-44.4,,1.13,2.557262,96,2.91,1.55,3.0,4,0.21,0.4028,0.6293,0.7463,0.4837,0.5572,0.5959
-1.8,-44.2,,1.71,2.441425,90,2.73,1.64,4.0,4,0.01,0.4121,0.6471,0.7604,0.5695,0.6456,0.6977
-1.6,-44.6,,0.92,2.623687,102,3.09,1.51,3.0,4,0.09,0.4042,0.6608,0.7574,0.4818,0.5283,0.5734
-1.6,-44.4,,1.2,2.491871,103,3.12,1.51,3.0,4,-0.13,0.3829,0.6577,0.7426,0.4747,0.557,0.594
-1.6,-44.2,,1.72,2.341338,96,2.91,1.59,3.25,4,-0.2,0.3894,0.6177,0.6927,0.5454,0.6281,0.6596
-1.4,-48.6,,0.2,2.916728,100,3.03,1.94,4.0,5,-0.32,0.3218,0.5261,0.6838,0.4977,0.5,0.5
-1.4,-45.2,,0.94,3.366449,95,2.88,1.58,3.0,4,0.37,0.4692,0.6213,0.6838,0.505,0.5385,0.5769
-1.4,-45.0,,0.95,3.435941,93,2.82,1.47,3.0,4,0.24,0.467,0.6235,0.7059,0.5042,0.5315,0.5549
-1.4,-44.8,,1.1,2.636255,104,3.15,1.48,3.0,4,0.24,0.4208,0.6569,0.7647,0.4957,0.5663,0.6099
-1.4,-44.6,,1.14,2.481574,102,3.09,1.49,3.0,4,0.02,0.3787,0.6509,0.7647,0.4653,0.5451,0.7002
-1.4,-44.4,,1.51,2.368085,104,3.15,1.52,3.0,4,-0.28,0.3677,0.6266,0.6911,0.5054,0.5865,0.6274
-1.2,-48.6,,0.29,2.780554,85,2.58,1.87,4.0,5,-0.49,0.3221,0.5382,0.642,0.4895,0.5,0.5
-1.2,-45.6,,1.04,3.88673,87,2.64,1.39,2.7,4,0.24,0.4856,0.6213,0.7096,0.5079,0.541,0.5714
-1.2,-45.4,,1.5,2.599361,95,2.88,1.56,3.0,4,0.13,0.3941,0.6324,0.7022,0.5547,0.62,0.652
-1.2,-45.2,,1.49,2.629602,91,2.76,1.68,3.0,4,0.1,0.4003,0.6077,0.7353,0.5611,0.6269,0.6667
-1.2,-45.0,,1.48,2.534763,91,2.76,1.68,3.0,4,0.07,0.4045,0.6084,0.7574,0.543,0.6115,0.6631
-1.2,-44.8,,1.65,2.450218,93,2.82,1.67,3.0,4,-0.09,0.3901,0.6287,0.7727,0.5557,0.6436,0.682
-1.2,-44.6,,1.67,2.340531,98,2.97,1.58,3.0,4,-0.27,0.3778,0.6419,0.7257,0.534,0.6237,0.6484
-1.0,-48.4,,0.54,2.892058,89,2.7,1.9,4.0,4,-0.61,0.3416,0.5533,0.6066,0.4972,0.5,0.5
-1.0,-46.0,,1.2,2.705077,98,2.97,1.29,2.0,3,-0.01,0.4023,0.6116,0.6728,0.5111,0.5574,0.5989
-1.0,-45.8,,1.41,2.65022,100,3.03,1.44,3.0,4,-0.01,0.3874,0.629,0.6765,0.5449,0.6023,0.6475
-1.0,-45.6,,1.56,2.605506,97,2.94,1.52,3.0,4,-0.01,0.3875,0.6234,0.6728,0.5647,0.6299,0.6503
-1.0,-45.4,,1.65,2.548465,92,2.79,1.6,3.0,4,-0.15,0.3924,0.6082,0.6985,0.5743,0.6349,0.6675
-1.0,-45.2,,1.62,2.492702,91,2.76,1.63,3.0,4,-0.26,0.3905,0.6133,0.7353,0.5598,0.6308,0.6677
-1.0,-45.0,,1.61,2.422189,94,2.85,1.59,3.0,4,-0.21,0.3869,0.636,0.7619,0.5429,0.6234,0.6636
-1.0,-44.8,,1.62,2.314189,100,3.03,1.55,3.0,4,-0.16,0.3673,0.6423,0.7509,0.518,0.6038,0.6479
-1.0,-44.6,,1.63,2.200717,94,2.85,1.57,3.0,4,-0.28,0.3605,0.6379,0.7043,0.4974,0.5805,0.6166
-0.8,-48.4,,0.72,2.969755,86,2.61,1.9,4.0,5,-0.42,0.3437,0.5616,0.5956,0.4993,0.5,0.5
-0.8,-48.2,,0.61,3.01526,84,2.55,1.67,3.85,5,-0.73,0.3371,0.5568,0.636,0.4999,0.5,0.5
-0.8,-46.6,,1.3,2.778663,104,3.15,1.44,3.0,5,0.21,0.3795,0.6097,0.6949,0.5333,0.5855,0.6227
-0.8,-46.4,,1.37,2.698204,95,2.88,1.46,3.0,5,0.27,0.3843,0.6058,0.75,0.5422,0.5998,0.652
-0.8,-46.2,,1.23,2.653313,98,2.97,1.31,2.15,3,0.08,0.3834,0.6216,0.739,0.5101,0.5689,0.6209
-0.8,-46.0,,1.41,2.605238,96,2.91,1.36,2.0,3,-0.01,0.3789,0.6252,0.7132,0.5346,0.6,0.641
-0.8,-45.8,,1.54,2.545061,95,2.88,1.46,3.0,4,-0.18,0.381,0.621,0.7132,0.5489,0.623,0.6599
-0.8,-45.6,,1.6,2.475964,96,2.91,1.45,3.0,4,-0.17,0.371,0.6031,0.6927,0.5436,0.6113,0.6416
-0.8,-45.4,,1.6,2.413469,90,2.73,1.46,3.0,4,0.08,0.3689,0.5953,0.6544,0.5315,0.5958,0.607
-0.6,-48.4,,0.91,3.022492,90,2.73,1.83,4.0,5,-0.36,0.3672,0.5809,0.6213,0.5003,0.5,0.511
-0.6,-48.2,,0.938,2.910733,86,2.61,1.55,3.0,5,-0.37,0.3659,0.5895,0.6368,0.4986,0.5032,0.5165
-0.6,-48.0,,0.78,2.920796,89,2.7,1.55,3.0,5,-0.26,0.3528,0.5849,0.625,0.4974,0.5,0.5
-0.6,-47.2,,1.13,2.673391,92,2.79,1.6,3.0,5,0.09,0.3548,0.5973,0.6514,0.4907,0.5409,0.5678
-0.6,-47.0,,1.49,2.670555,88,2.67,1.7,3.65,6,0.26,0.3723,0.6121,0.6875,0.5596,0.6159,0.6683
-0.6,-46.8,,1.54,2.665459,89,2.7,1.67,3.6,5,0.51,0.3844,0.6092,0.7169,0.5724,0.6311,0.6748
-0.6,-46.6,,1.52,2.635919,103,3.12,1.5,3.0,4,0.31,0.376,0.6041,0.7353,0.5603,0.6255,0.6722
-0.6,-46.4,,1.54,2.593947,94,2.85,1.5,3.0,5,0.21,0.3815,0.6129,0.7684,0.5589,0.6311,0.6923
-0.6,-46.2,,1.51,2.536277,102,3.09,1.39,2.0,3,0.0,0.3729,0.6219,0.7647,0.5401,0.6195,0.685
-0.6,-46.0,,1.51,2.474071,104,3.15,1.36,2.85,3,-0.22,0.3617,0.6246,0.7206,0.5251,0.6076,0.6446
-0.4,-48.2,,1.08,2.721826,102,3.09,1.57,3.0,5,-0.36,0.3483,0.5879,0.6434,0.49,0.5311,0.5934
-0.4,-48.0,,1.23,2.524225,99,3.0,1.68,3.0,5,0.02,0.3265,0.5706,0.6581,0.4708,0.5462,0.5806
-0.4,-47.8,,1.37,2.552003,99,3.0,1.74,4.0,5,-0.03,0.335,0.596,0.6838,0.5083,0.5776,0.619
-0.4,-47.6,,1.47,2.581524,87,2.64,1.76,4.0,5,0.07,0.3532,0.6055,0.6838,0.5393,0.6088,0.6388
-0.4,-47.4,,1.57,2.582648,84,2.55,1.81,4.0,6,0.05,0.3589,0.6267,0.6976,0.5611,0.6378,0.6633
-0.4,-47.2,,1.61,2.58381,80,2.42,1.81,3.0,6,0.11,0.3731,0.6226,0.6801,0.571,0.6449,0.6733
-0.4,-47.0,,1.63,2.57116,85,2.58,1.75,3.0,6,0.18,0.3689,0.6147,0.7022,0.571,0.6343,0.6758
-0.4,-46.8,,1.6,2.551132,95,2.88,1.59,3.3,5,0.33,0.3703,0.5945,0.7353,0.5609,0.6277,0.6847
-0.4,-46.6,,1.53,2.514834,97,2.94,1.52,3.0,5,0.14,0.3686,0.598,0.7647,0.54,0.5999,0.6837
-0.2,-49.6,,0.31,2.582039,106,3.21,1.7,4.0,5,0.04,0.2676,0.5028,0.5522,0.4518,0.494,0.5
-0.2,-48.4,,0.85,2.564017,99,3.0,1.54,3.0,5,-0.22,0.3318,0.5831,0.6287,0.4555,0.5,0.5
-0.2,-48.2,,1.0,2.478498,107,3.24,1.55,3.0,5,-0.06,0.3187,0.5761,0.6507,0.4396,0.4911,0.5334
-0.2,-48.0,,1.37,2.496535,89,2.7,1.71,3.0,5,-0.09,0.3477,0.6032,0.6654,0.4967,0.5653,0.6099
-0.2,-47.8,,1.54,2.517968,90,2.73,1.73,3.55,5,-0.03,0.3439,0.6066,0.6801,0.5369,0.6076,0.6484
-0.2,-47.6,,1.6,2.519788,86,2.61,1.77,4.0,6,0.15,0.3482,0.612,0.6728,0.5495,0.629,0.6557
-0.2,-47.4,,1.68,2.508843,83,2.52,1.82,4.0,6,-0.01,0.3589,0.6351,0.6728,0.5666,0.6478,0.6703
-0.2,-47.2,,1.72,2.487865,82,2.49,1.84,4.0,6,0.0,0.3713,0.6382,0.6912,0.5737,0.6504,0.6815
-0.0,-50.4,,0.24,2.338264,127,3.85,2.02,5.0,9,0.0,0.2027,0.4118,0.5184,0.3926,0.4261,0.4468
-0.0,-50.2,,0.21,2.175593,114,3.45,1.97,4.0,6,-0.19,0.1877,0.3594,0.502,0.3572,0.3857,0.4095
-0.0,-50.0,,0.24,2.172607,100,3.03,1.71,4.0,4,-0.4,0.1818,0.3561,0.511,0.3554,0.3853,0.4091
-0.0,-49.2,,0.77,2.792452,111,3.36,1.54,3.0,4,-0.3,0.3424,0.568,0.6287,0.4884,0.5,0.5
-0.0,-49.0,,0.79,2.492086,114,3.45,1.54,3.0,5,-0.37,0.3415,0.5684,0.6234,0.4441,0.4928,0.5
-0.0,-48.8,,0.82,2.361672,109,3.3,1.55,3.0,4,-0.08,0.3309,0.5397,0.5993,0.4152,0.4601,0.4723
-0.0,-48.6,,0.9,2.320034,109,3.3,1.54,3.0,5,-0.38,0.3221,0.5691,0.6103,0.4057,0.4557,0.4636
-0.0,-48.4,,1.07,2.295277,107,3.24,1.52,3.0,5,-0.42,0.3245,0.5878,0.6434,0.406,0.4612,0.5038
-0.0,-48.2,,1.35,2.295095,96,2.91,1.75,4.0,5,-0.36,0.3427,0.6142,0.6654,0.4518,0.5294,0.5682
0.2,-50.6,,0.37,2.937865,101,3.06,2.2,4.0,6,-0.46,0.2704,0.5074,0.5453,0.4981,0.5,0.5
0.2,-49.6,,0.65,3.445564,100,3.03,1.47,3.0,4,0.01,0.2627,0.5188,0.5441,0.5005,0.5,0.5385
0.2,-49.4,,0.94,3.171699,103,3.12,1.69,3.0,4,-0.29,0.3823,0.6033,0.8897,0.5048,0.509,0.6429
0.2,-49.2,,1.23,2.707837,103,3.12,1.61,3.0,5,-0.42,0.3633,0.6132,0.9081,0.5105,0.5748,0.7051
0.2,-49.0,,1.18,2.482836,106,3.21,1.59,3.0,5,-0.58,0.3434,0.5904,0.8202,0.4592,0.5299,0.6275
0.2,-48.8,,1.18,2.248204,99,3.0,1.66,3.0,5,-0.21,0.3353,0.5731,0.7031,0.4081,0.4738,0.5363
0.2,-48.6,,1.33,2.107701,100,3.03,1.73,4.0,5,-0.51,0.3154,0.5799,0.6666,0.4052,0.4816,0.5232
0.4,-50.0,,0.59,3.43986,147,4.46,1.51,3.0,4,0.44,0.1691,0.3889,0.7546,0.5038,0.5,0.7839
0.4,-49.8,,0.71,3.713023,104,3.15,1.56,3.0,4,-0.13,0.3253,0.5314,0.9815,0.5053,0.5,0.7784
0.4,-49.6,,0.91,3.883468,97,2.94,1.69,3.2,4,0.13,0.4279,0.5993,1.0,0.5096,0.526,0.8095
0.4,-49.4,,1.36,3.02954,94,2.85,1.66,3.0,5,-0.17,0.4021,0.6276,1.0,0.5591,0.6142,0.8004
0.4,-49.2,,1.41,2.625571,97,2.94,1.67,4.0,5,-0.3,0.3728,0.6274,0.9926,0.538,0.6109,0.7802
0.4,-29.4,,2.3,1.178218,69,2.09,1.74,3.6,4,-0.54,0.2651,0.509,0.6972,0.4063,0.5313,0.5807
0.6,-50.4,,0.37,3.191443,121,3.67,1.92,4.0,5,-0.03,0.3063,0.5543,0.6324,0.5,0.5,0.5
0.6,-50.2,,0.62,3.40569,121,3.67,1.78,4.0,5,0.24,0.359,0.5625,1.0,0.5028,0.5,0.7363
0.6,-50.0,,1.03,3.569979,106,3.21,1.61,3.0,5,0.11,0.3741,0.6371,1.0,0.5148,0.5728,0.9579
0.6,-49.8,,1.19,3.676377,99,3.0,1.6,3.0,5,-0.16,0.4132,0.6221,1.0,0.5294,0.5846,0.9505
0.6,-49.6,,1.31,3.505059,95,2.88,1.67,3.3,5,-0.07,0.4182,0.6638,1.0,0.5485,0.5993,0.8901
0.6,-49.4,,1.42,2.857055,92,2.79,1.86,4.0,5,-0.51,0.4064,0.648,1.0,0.5689,0.6299,0.8626
0.6,-49.2,,1.47,2.460285,92,2.79,1.78,4.0,5,-0.51,0.3682,0.5898,0.9736,0.5167,0.5863,0.7937
0.6,-29.8,,2.29,1.190634,71,2.15,1.65,3.0,4,-0.14,0.2673,0.4978,0.7911,0.4081,0.5256,0.6053
0.6,-29.6,,2.29,1.185216,72,2.18,1.67,3.0,4,-0.19,0.2637,0.505,0.7405,0.4054,0.5299,0.5885
0.6,-29.4,,2.29,1.179491,70,2.12,1.73,3.55,4,-0.26,0.2622,0.5075,0.6933,0.403,0.5215,0.5838
0.6,-29.2,,2.29,1.172143,72,2.18,1.72,3.0,4,-0.14,0.2605,0.5063,0.667,0.3998,0.5134,0.5809
0.6,-29.0,,2.29,1.164805,70,2.12,1.74,3.0,4,-0.19,0.2603,0.5158,0.6688,0.3979,0.5097,0.5798
0.8,-50.2,,0.51,3.38087,118,3.58,1.89,4.0,5,-0.07,0.3548,0.5599,1.0,0.5013,0.5,0.652
0.8,-50.0,,0.73,3.360577,115,3.49,1.63,3.0,5,-0.1,0.3666,0.5772,1.0,0.5082,0.5,1.0
0.8,-49.8,,1.16,3.13093,108,3.27,1.62,3.0,5,-0.1,0.3854,0.5825,1.0,0.5233,0.5696,0.978
0.8,-49.6,,1.31,2.847937,99,3.0,1.82,4.0,5,-0.18,0.3612,0.6035,1.0,0.5436,0.5943,0.9176
0.8,-49.4,,1.42,2.508051,91,2.76,1.85,4.0,5,-0.34,0.3732,0.5994,1.0,0.5182,0.5839,0.8481
0.8,-29.8,,2.29,1.189774,68,2.06,1.68,3.0,4,-0.21,0.2702,0.5048,0.7785,0.4077,0.5313,0.5994
0.8,-29.6,,2.29,1.185459,70,2.12,1.67,3.0,4,-0.16,0.2594,0.5021,0.7289,0.4038,0.5258,0.5893
0.8,-29.4,,2.28,1.179945,70,2.12,1.7,3.0,4,-0.14,0.2623,0.5127,0.6871,0.4015,0.523,0.5847
0.8,-29.2,,2.29,1.172748,68,2.06,1.69,3.0,4,-0.15,0.2628,0.5177,0.6667,0.4016,0.5209,0.5835
0.8,-29.0,,2.29,1.164953,67,2.03,1.73,3.0,4,-0.22,0.2625,0.5216,0.6694,0.4002,0.5077,0.5823
1.0,-50.0,,0.57,3.254018,117,3.55,1.67,3.0,5,-0.09,0.3549,0.5545,1.0,0.5062,0.5,1.0
1.0,-49.8,,1.03,2.652983,97,2.94,1.84,4.0,5,-0.3,0.342,0.5596,1.0,0.4848,0.5277,0.9468
1.0,-49.6,,1.31,2.396328,92,2.79,1.92,4.0,5,-0.23,0.3258,0.5852,0.9853,0.4677,0.5236,0.8611
1.0,-29.8,,2.288,1.186765,68,2.06,1.63,3.0,4,-0.24,0.2687,0.5073,0.7672,0.4068,0.5343,0.5973
1.0,-29.6,,2.28,1.180222,72,2.18,1.62,3.0,4,-0.35,0.2597,0.5036,0.7237,0.4017,0.5217,0.5886
1.0,-29.4,,2.28,1.172966,71,2.15,1.65,3.0,4,-0.21,0.2584,0.5106,0.6823,0.3997,0.5227,0.5855
1.0,-29.2,,2.28,1.168074,70,2.12,1.7,3.0,4,-0.19,0.2604,0.5157,0.6697,0.3988,0.5156,0.5848
1.0,-29.0,,2.28,1.162712,69,2.09,1.72,3.0,4,-0.22,0.2637,0.5192,0.6753,0.3987,0.5033,0.5859
1.2,-49.8,,0.93,2.184619,85,2.58,1.87,4.0,5,-0.41,0.2932,0.5377,0.9376,0.3795,0.4109,0.7563
1.2,-49.6,,1.44,2.110416,75,2.27,2.17,4.0,5,-0.27,0.3404,0.5608,0.9689,0.4415,0.4973,0.8181
1.2,-29.6,,2.28,1.178697,71,2.15,1.69,3.0,4,-0.34,0.2665,0.5102,0.7257,0.4033,0.5282,0.5909
1.2,-29.4,,2.28,1.172248,71,2.15,1.69,3.0,4,-0.28,0.2651,0.5117,0.6759,0.402,0.5217,0.5878
1.2,-29.2,,2.28,1.166572,68,2.06,1.72,3.0,4,-0.29,0.2687,0.5172,0.6731,0.4022,0.5158,0.5888
1.4,-49.8,,1.36,2.37206,66,2.0,2.18,4.0,5,-0.23,0.3223,0.5516,0.986,0.4752,0.5205,0.8639
1.4,-49.6,,1.56,2.229506,70,2.12,2.16,5.0,5,-0.23,0.3372,0.5679,0.9926,0.4871,0.5438,0.8429
1.6,-49.8,,1.56,2.822708,56,1.7,2.41,4.0,5,-0.39,0.3925,0.6221,0.9261,0.6009,0.6433,0.8553
1.6,-49.6,,1.68,2.563276,57,1.73,2.42,5.0,5,-0.32,0.3823,0.6312,0.9037,0.5866,0.6597,0.8432
1.8,-50.0,,1.57,4.469534,62,1.88,2.34,4.95,6,-0.65,0.4351,0.654,0.9559,0.6061,0.641,0.7912
1.8,-49.8,,1.8,3.335715,66,2.0,2.36,5.0,5,-0.3,0.4064,0.6305,0.6797,0.6566,0.7193,0.7601
1.8,-49.6,,1.81,2.800962,63,1.91,2.33,4.9,5,-0.83,0.3693,0.6098,0.8605,0.6455,0.7014,0.8407
2.0,-50.2,,1.71,4.840381,60,1.82,2.3,4.05,5,-0.63,0.4562,0.6545,0.7316,0.6381,0.6982,0.8333
2.0,-50.0,,1.86,4.163719,61,1.85,2.38,5.0,6,-0.52,0.4443,0.6618,0.8235,0.6692,0.7381,0.8022
2.0,-49.8,,1.93,3.451926,62,1.88,2.42,5.0,6,-0.71,0.4099,0.6642,0.844,0.6848,0.7704,0.804
2.0,-49.6,,1.91,2.87164,64,1.94,2.34,4.85,6,-0.7,0.3609,0.6191,0.6581,0.6713,0.7266,0.7661
2.2,-50.6,,0.91,5.114398,64,1.94,2.41,5.0,5,-1.0,0.4219,0.5803,0.6029,0.5,0.5,0.5018
2.2,-50.4,,1.42,4.72716,61,1.85,2.38,5.0,5,-0.52,0.4298,0.6029,0.6397,0.5738,0.6099,0.6172
2.2,-50.2,,1.89,4.292613,61,1.85,2.25,5.0,6,-0.61,0.4437,0.6471,0.7684,0.6733,0.7234,0.7564
2.2,-50.0,,1.98,3.779945,58,1.76,2.43,5.0,6,-0.69,0.4357,0.6756,0.7794,0.692,0.7392,0.7784
2.4,-50.6,,1.69,4.826052,65,1.97,2.28,5.0,6,-0.11,0.4305,0.6272,0.6618,0.6275,0.674,0.6941
2.4,-50.4,,1.89,4.463787,61,1.85,2.26,5.0,6,-0.38,0.4464,0.6434,0.7463,0.6724,0.7216,0.7509
2.4,-50.2,,1.98,3.950745,64,1.94,2.2,5.0,5,-0.97,0.4384,0.6667,0.7757,0.6946,0.7625,0.7894
2.6,-50.8,,1.22,4.341881,65,1.97,2.17,5.0,6,-0.63,0.3945,0.5801,0.5993,0.5258,0.5491,0.5623
2.6,-50.6,,1.75,4.294597,65,1.97,2.26,5.0,6,-0.48,0.4194,0.6316,0.6544,0.6389,0.6853,0.7051
2.6,-50.4,,1.94,3.974536,62,1.88,2.31,5.0,6,-0.56,0.4167,0.6434,0.6728,0.6816,0.7288,0.7564
2.8,-50.8,,1.52,3.799896,62,1.88,2.39,4.95,6,-0.53,0.4039,0.6066,0.6213,0.5907,0.6245,0.6502
2.8,-50.6,,1.88,3.71825,60,1.82,2.3,5.05,6,-0.32,0.413,0.6436,0.6581,0.666,0.7167,0.7399
3.0,-50.8,,1.8,3.254374,60,1.82,2.3,4.05,6,0.25,0.4035,0.6399,0.6507,0.6506,0.7132,0.7454
3.0,-50.6,,1.98,3.089202,59,1.79,2.36,5.0,6,-0.08,0.3957,0.6548,0.6654,0.6875,0.7383,0.7875
3.2,-50.8,,1.95,2.739565,62,1.88,2.29,5.0,6,-0.19,0.3973,0.6217,0.6949,0.6728,0.7334,0.7564
3.2,-50.6,,2.07,2.541008,65,1.97,2.26,5.0,6,-0.35,0.3821,0.6087,0.6985,0.6608,0.7355,0.75
3.4,-50.8,,2.0,2.299516,59,1.79,2.51,5.1,6,-0.14,0.3755,0.6528,0.7279,0.5977,0.6734,0.6963
3.6,-51.0,,1.56,2.118012,66,2.0,2.24,5.0,6,-0.18,0.3595,0.5893,0.6765,0.4685,0.5279,0.5509
3.6,-50.8,,1.99,2.005435,63,1.91,2.21,5.0,6,-0.14,0.3658,0.5799,0.7249,0.533,0.6092,0.6307
3.8,-51.0,,1.29,1.907991,66,2.0,2.17,5.0,6,-1.06,0.3039,0.5026,0.6524,0.3584,0.4051,0.4512
3.8,-50.8,,1.9,1.80338,68,2.06,2.03,5.0,5,-0.19,0.3136,0.528,0.6765,0.4615,0.5379,0.5605
4.0,-51.0,,1.46,1.754551,70,2.12,2.1,4.0,5,-0.66,0.3001,0.4793,0.6664,0.3635,0.4167,0.4696
4.0,-50.8,,2.01,1.625797,65,1.97,2.0,4.8,5,-0.23,0.2962,0.5132,0.6419,0.4444,0.5267,0.5439
4.2,-51.2,,1.0,1.77256,75,2.27,1.79,4.0,4,-0.61,0.2988,0.5161,0.6562,0.293,0.3285,0.3812
4.2,-51.0,,1.39,1.56369,70,2.12,1.9,4.0,6,-0.61,0.2791,0.4528,0.6194,0.3071,0.356,0.4195
4.2,-50.8,,2.01,1.484009,60,1.82,1.98,4.05,6,-0.78,0.2905,0.5065,0.6034,0.4202,0.5053,0.5324
4.4,-51.6,,1.0,1.352993,73,2.21,1.85,4.4,5,-0.64,0.2353,0.4387,0.7185,0.1999,0.235,0.3617
4.4,-51.4,,1.33,1.566257,69,2.09,2.0,4.0,5,-0.61,0.2655,0.4654,0.5571,0.2983,0.3633,0.4002
4.4,-51.2,,1.35,1.50269,72,2.18,1.86,4.0,4,-0.5,0.2561,0.4733,0.5382,0.2857,0.3615,0.4136
4.4,-51.0,,1.38,1.418333,68,2.06,1.75,4.0,5,-0.41,0.2668,0.4632,0.5568,0.2807,0.3719,0.4074
4.6,-51.6,,1.92,1.469634,62,1.88,2.13,5.0,5,-0.19,0.2955,0.5578,0.6326,0.4019,0.4749,0.5212
4.6,-51.4,,1.99,1.41873,65,1.97,2.08,4.8,6,-0.58,0.2748,0.5173,0.6118,0.4011,0.4722,0.5256
4.6,-51.2,,1.76,1.353872,63,1.91,1.84,4.0,5,-0.41,0.2665,0.459,0.6297,0.3444,0.4241,0.5302
4.6,-51.0,,2.13,1.339174,58,1.76,1.81,4.0,5,-0.57,0.2845,0.519,0.6165,0.4171,0.5068,0.6252
4.8,-52.0,,1.86,1.451771,69,2.09,2.14,5.0,6,-0.62,0.2884,0.5325,0.6769,0.3826,0.4694,0.5139
4.8,-51.8,,2.14,1.400596,64,1.94,2.11,5.0,6,-0.45,0.2955,0.5275,0.6876,0.4285,0.5098,0.5631
4.8,-51.6,,2.21,1.354416,63,1.91,2.0,4.9,5,-0.48,0.2835,0.4952,0.6443,0.4326,0.5202,0.5562
4.8,-51.4,,2.3,1.32233,62,1.88,1.94,4.0,6,-0.81,0.2797,0.5009,0.6254,0.4456,0.5442,0.5841
5.0,-52.2,,1.53,1.379879,71,2.15,2.11,5.0,6,-0.86,0.2743,0.4962,0.6726,0.3007,0.3817,0.4334
5.0,-52.0,,1.92,1.346807,66,2.0,2.18,5.0,6,-0.7,0.2693,0.5017,0.6786,0.3697,0.4561,0.5101
5.0,-51.8,,2.25,1.318956,62,1.88,1.98,4.0,6,-0.44,0.2779,0.5042,0.6705,0.4316,0.5191,0.5697
5.0,-51.6,,2.34,1.296908,62,1.88,1.89,4.0,6,-0.55,0.2732,0.5004,0.6405,0.4464,0.557,0.5731
5.2,-52.6,,1.47,1.362447,73,2.21,2.12,5.0,6,-0.82,0.2644,0.4558,0.7204,0.2827,0.3533,0.4415
5.2,-52.4,,1.82,1.336597,66,2.0,2.24,5.0,7,-1.03,0.2814,0.5015,0.7235,0.3516,0.4453,0.507
5.2,-52.2,,1.92,1.307336,61,1.85,2.13,5.0,6,-0.8,0.2794,0.5035,0.6916,0.3649,0.4614,0.5104
5.2,-52.0,,2.21,1.287008,61,1.85,2.08,5.0,6,-0.64,0.2807,0.5226,0.6738,0.4201,0.5201,0.5577
5.4,-52.6,,1.84,1.302051,68,2.06,2.12,5.0,6,-0.43,0.2826,0.4808,0.6775,0.3482,0.4218,0.4726
5.4,-52.4,,1.94,1.272971,64,1.94,2.05,5.0,7,-0.67,0.2811,0.4913,0.6873,0.3633,0.4604,0.5089
5.6,-53.4,,1.49,1.359585,73,2.21,2.1,4.4,6,0.03,0.2544,0.4792,0.5926,0.2846,0.3411,0.3773
5.6,-53.2,,1.92,1.344861,68,2.06,2.12,4.0,5,-0.13,0.2789,0.4855,0.6523,0.3727,0.4423,0.4809
5.6,-53.0,,1.98,1.309902,66,2.0,2.11,4.75,5,-0.08,0.2935,0.4762,0.6661,0.3827,0.4546,0.492
5.6,-52.8,,2.0,1.26338,68,2.06,2.03,4.65,6,-0.29,0.2838,0.4693,0.675,0.3715,0.431,0.4963
5.6,-52.6,,1.94,1.249598,65,1.97,2.08,5.0,6,-0.31,0.2722,0.4688,0.6771,0.3562,0.4226,0.5
5.8,-53.6,,1.7,1.32715,67,2.03,1.97,4.0,5,-0.18,0.2617,0.5014,0.5605,0.3213,0.3842,0.4353
5.8,-53.4,,1.54,1.302512,69,2.09,1.93,3.0,6,0.0,0.2577,0.4741,0.563,0.282,0.3474,0.3821
5.8,-53.2,,2.12,1.272963,64,1.94,2.08,4.0,6,0.28,0.2898,0.4947,0.6622,0.4022,0.4789,0.5181
5.8,-53.0,,2.14,1.245488,66,2.0,2.08,4.0,6,-0.02,0.285,0.4689,0.6575,0.3977,0.4669,0.5167
5.8,-52.8,,2.12,1.218723,68,2.06,1.94,4.0,6,-0.37,0.2739,0.443,0.6532,0.3854,0.4579,0.5118
6.0,-54.2,,1.94,1.278194,58,1.76,2.09,4.0,5,-0.17,0.2685,0.5036,0.683,0.3566,0.4174,0.5482
6.0,-54.0,,2.07,1.28319,59,1.79,2.12,4.0,5,-0.27,0.2709,0.5239,0.6492,0.3843,0.4591,0.5552
6.0,-53.8,,2.16,1.27254,63,1.91,2.03,4.0,5,-0.49,0.272,0.5276,0.6126,0.4014,0.483,0.5501
6.0,-53.6,,2.2,1.260274,62,1.88,1.98,3.0,5,-0.44,0.2775,0.5237,0.589,0.4092,0.4929,0.5355
6.0,-53.4,,2.22,1.238143,60,1.82,1.97,3.05,5,-0.32,0.2833,0.5181,0.5937,0.4125,0.4951,0.5147
6.0,-53.2,,2.22,1.217483,62,1.88,1.97,4.0,5,-0.05,0.2802,0.4984,0.6062,0.4073,0.488,0.5086
