grid_lat,grid_lon,thr_hs_abs,thr_zos_abs,zos_mean,n_hs_episodes,n_zos_episodes,n_candidate_events,hat_m,n_rejected_by_hat,compound_count_total,compound_count_annual_mean,mean_overlap_duration,p95_overlap_duration,max_overlap_duration,mean_full_criterion_duration,p95_full_criterion_duration,mean_compound_intensity_norm,p95_compound_intensity_norm,max_compound_intensity_norm,mean_integrated_severity,p95_integrated_severity,max_integrated_severity
-35.0,-54.8,2.14,0.398495,0.131448,609,688,344,0.340699,0,344,10.43,1.56,3.0,9.0,1.56,3.0,0.5117,0.8941,1.0,0.7908,1.8625,4.1231
-35.0,-54.6,2.34,0.359741,0.124738,592,689,323,0.38758,14,309,9.36,1.61,3.0,6.0,1.59,3.0,0.4939,0.9105,1.0,0.7652,1.9801,3.4703
-35.0,-54.4,2.498,0.321151,0.115913,595,698,317,0.424577,30,287,8.7,1.62,3.0,5.0,1.53,3.0,0.4649,0.9214,1.0,0.6974,1.7194,3.6023
-35.0,-54.2,2.6,0.293137,0.108703,600,693,307,0.457002,55,252,7.64,1.66,3.0,5.0,1.5,3.0,0.4507,0.9206,1.0,0.6497,1.669,3.5255
-35.0,-54.0,2.67,0.27192,0.105329,596,666,295,0.481176,81,214,6.49,1.79,3.0,7.0,1.53,3.0,0.4362,0.8886,1.0,0.6349,1.7373,3.3994
-34.8,-54.4,2.19,0.401081,0.12998,606,678,325,0.414249,4,321,9.73,1.54,3.0,8.0,1.53,3.0,0.5039,0.91,1.0,0.7598,1.8603,3.8652
-34.8,-54.2,2.43,0.36329,0.123438,596,669,315,0.45069,21,294,8.91,1.62,3.0,7.0,1.57,3.0,0.4926,0.913,1.0,0.7466,1.9834,3.049
-34.8,-54.0,2.58,0.324033,0.11655,597,676,298,0.48048,46,252,7.64,1.69,3.0,6.0,1.59,3.0,0.4779,0.9157,1.0,0.7203,1.8368,3.5159
-34.8,-53.8,2.7,0.285091,0.104528,591,670,289,0.502553,66,223,6.76,1.74,3.0,6.0,1.52,3.0,0.4522,0.9081,1.0,0.6536,1.7327,3.4409
-34.8,-53.6,2.85,0.25258,0.09527,577,636,284,0.513066,91,193,5.85,1.76,3.0,5.0,1.42,3.0,0.4102,0.8546,0.951,0.5665,1.6394,3.1248
-34.6,-54.0,2.3,0.386609,0.126087,582,666,291,0.487323,15,276,8.36,1.59,3.0,9.0,1.53,3.0,0.4871,0.8918,1.0,0.7237,1.764,3.183
-34.6,-53.8,2.47,0.349696,0.119396,586,654,287,0.511101,36,251,7.61,1.68,3.0,7.0,1.58,3.0,0.484,0.8909,1.0,0.723,1.7058,2.9922
-34.6,-53.6,2.69,0.30852,0.107752,595,639,283,0.526462,54,229,6.94,1.78,3.6,6.0,1.55,3.0,0.4614,0.8997,1.0,0.6786,1.7795,3.2158
-34.6,-53.4,2.85,0.268576,0.098321,584,625,278,0.526763,78,200,6.06,1.78,4.0,6.0,1.47,3.0,0.427,0.864,0.9812,0.6023,1.8235,3.2323
-34.4,-53.8,1.59,0.399249,0.126765,628,682,309,0.535219,23,286,8.67,1.53,3.0,8.0,1.47,3.0,0.4175,0.7672,1.0,0.6012,1.4298,2.5338
-34.4,-53.6,2.25,0.363076,0.121071,585,658,282,0.557542,39,243,7.36,1.63,3.0,6.0,1.52,3.0,0.4436,0.8335,1.0,0.6447,1.5829,2.7683
-34.4,-53.4,2.63,0.320465,0.113736,584,645,282,0.558083,65,217,6.58,1.72,3.0,5.0,1.53,3.0,0.4492,0.8436,1.0,0.6561,1.6994,2.9575
-34.2,-53.6,1.95,0.393752,0.124793,595,685,254,0.603595,36,218,6.61,1.49,3.0,5.0,1.4,2.0,0.4174,0.7871,1.0,0.5734,1.3764,2.4098
-34.2,-53.4,2.44,0.355605,0.119814,595,657,276,0.603226,52,224,6.79,1.67,3.0,6.0,1.5,3.0,0.4417,0.8501,1.0,0.6381,1.6486,2.8562
-34.2,-53.2,2.69,0.314323,0.114078,579,647,277,0.581479,66,211,6.39,1.73,3.0,5.0,1.51,3.0,0.4382,0.8329,1.0,0.6376,1.6839,2.9349
-34.0,-53.4,2.15,0.385741,0.123465,589,677,261,0.650568,45,216,6.55,1.58,3.0,5.0,1.43,3.0,0.4189,0.7996,1.0,0.5895,1.4372,2.4726
-34.0,-53.2,2.45,0.351185,0.120021,595,651,278,0.629783,61,217,6.58,1.68,3.0,5.0,1.49,3.0,0.4294,0.8429,1.0,0.6212,1.6992,2.8449
-34.0,-53.0,2.72,0.310373,0.112387,576,634,281,0.598559,67,214,6.49,1.77,3.35,6.0,1.51,3.0,0.4305,0.8675,1.0,0.6215,1.7138,2.9726
-33.8,-53.4,1.7,0.41206,0.124568,616,700,258,0.689188,42,216,6.55,1.48,3.0,5.0,1.36,2.0,0.3805,0.7582,0.9901,0.5,1.2855,2.0337
-33.8,-53.2,2.12,0.383153,0.12211,589,683,278,0.672814,57,221,6.7,1.63,3.0,5.0,1.46,3.0,0.421,0.8116,1.0,0.602,1.6062,2.4281
-33.8,-53.0,2.49,0.350963,0.118129,576,661,292,0.642905,64,228,6.91,1.72,3.0,6.0,1.5,3.0,0.4258,0.8615,1.0,0.6214,1.7473,2.8702
-33.8,-52.8,2.74,0.317814,0.108563,574,639,292,0.607156,72,220,6.67,1.8,3.05,6.0,1.54,3.0,0.4376,0.8916,1.0,0.6476,1.7316,3.0685
-33.6,-53.0,1.63,0.388721,0.121074,606,687,298,0.677149,61,237,7.18,1.64,3.0,7.0,1.44,3.0,0.3906,0.7756,1.0,0.552,1.4284,2.2842
-33.6,-52.8,2.32,0.359737,0.114688,580,665,289,0.646935,62,227,6.88,1.73,3.0,7.0,1.52,3.0,0.4156,0.8619,1.0,0.6062,1.6391,2.772
-33.6,-52.6,2.68,0.322467,0.107205,583,646,289,0.606629,70,219,6.64,1.81,4.0,6.0,1.55,3.0,0.4308,0.8878,1.0,0.6398,1.7386,2.9658
-33.4,-52.8,1.91,0.39731,0.117572,609,689,294,0.680058,67,227,6.88,1.66,3.0,7.0,1.47,3.0,0.4244,0.7919,1.0,0.5996,1.5089,2.3527
-33.4,-52.6,2.27,0.358655,0.11226,591,669,292,0.642206,62,230,6.97,1.7,3.0,7.0,1.49,3.0,0.404,0.8277,0.9994,0.59,1.5946,2.7911
-33.4,-52.4,2.61,0.312581,0.106819,586,631,283,0.587714,74,209,6.33,1.79,4.0,7.0,1.53,3.0,0.4039,0.8344,1.0,0.5946,1.6948,2.8517
-33.2,-52.6,1.87,0.393234,0.114643,601,687,268,0.663173,60,208,6.3,1.59,3.0,7.0,1.43,2.0,0.3979,0.768,0.9723,0.5589,1.4547,2.6598
-33.2,-52.4,2.3,0.347864,0.111139,595,659,265,0.613792,57,208,6.3,1.68,3.0,7.0,1.49,3.0,0.3933,0.7941,0.9602,0.5743,1.529,2.6074
-33.2,-52.2,2.68,0.298496,0.107004,598,610,271,0.559928,82,189,5.73,1.78,3.6,7.0,1.52,3.0,0.3912,0.8101,1.0,0.5814,1.6398,2.7137
-33.0,-52.4,1.86,0.370603,0.11458,600,675,227,0.633565,48,179,5.42,1.55,3.0,6.0,1.4,2.1,0.3606,0.7107,0.8452,0.4958,1.292,2.4891
-33.0,-52.2,2.47,0.325951,0.110431,584,636,246,0.586189,65,181,5.49,1.69,3.0,7.0,1.45,3.0,0.3853,0.8021,0.984,0.55,1.5168,2.5421
-32.8,-52.4,1.84,0.39022,0.11447,604,697,196,0.642113,43,153,4.64,1.48,3.0,6.0,1.35,2.0,0.3713,0.7194,0.8807,0.4896,1.231,2.6564
-32.8,-52.2,2.16,0.350609,0.112836,594,657,218,0.602867,54,164,4.97,1.6,3.0,6.0,1.41,2.85,0.3767,0.7413,0.8866,0.5202,1.3894,2.5588
-32.8,-52.0,2.6,0.310739,0.107181,593,613,242,0.555541,70,172,5.21,1.72,3.45,6.0,1.48,3.0,0.3928,0.7941,1.0,0.5715,1.6094,2.5753
-32.6,-52.2,2.04,0.363758,0.115166,604,670,186,0.61308,50,136,4.12,1.53,3.0,6.0,1.32,2.0,0.3715,0.7102,0.9208,0.4858,1.214,2.6343
-32.6,-52.0,2.51,0.327647,0.109348,583,633,226,0.570541,64,162,4.91,1.7,3.0,6.0,1.44,3.0,0.4023,0.8274,1.0,0.5702,1.5597,2.5365
-32.4,-52.2,1.88,0.38549,0.117442,583,686,180,0.612179,37,143,4.33,1.49,3.0,6.0,1.31,2.0,0.3638,0.7002,0.8353,0.4654,1.2291,2.0222
-32.4,-52.0,2.22,0.347667,0.110113,593,657,221,0.572813,47,174,5.27,1.55,3.0,5.0,1.34,3.0,0.3704,0.7703,0.9587,0.5027,1.3595,2.6992
-32.4,-51.8,2.57,0.314133,0.09879,594,625,245,0.530149,56,189,5.73,1.66,3.6,5.0,1.46,3.0,0.4018,0.858,1.0,0.5815,1.6363,2.6436
-32.2,-52.0,1.99,0.383239,0.114421,619,681,245,0.562711,42,203,6.15,1.49,3.0,5.0,1.35,2.9,0.3854,0.7546,1.0,0.5207,1.3651,2.717
-32.2,-51.8,2.21,0.346649,0.105251,601,651,256,0.522609,42,214,6.49,1.59,3.0,5.0,1.44,3.0,0.3906,0.7729,1.0,0.5566,1.4277,2.6932
-32.2,-51.6,2.52,0.311231,0.098206,603,623,266,0.475387,50,216,6.55,1.69,4.0,5.0,1.51,3.0,0.3976,0.8393,1.0,0.5845,1.692,2.7545
-32.0,-51.8,1.52,0.383822,0.111584,617,678,268,0.50218,36,232,7.03,1.47,3.0,5.0,1.4,3.0,0.3733,0.7124,0.984,0.5145,1.3243,2.5407
-32.0,-51.6,2.0,0.346131,0.102784,588,649,251,0.460966,28,223,6.76,1.59,3.0,5.0,1.5,3.0,0.3951,0.7497,1.0,0.5689,1.4758,2.6552
-32.0,-51.4,2.56,0.303084,0.093313,586,611,256,0.421791,31,225,6.82,1.67,4.0,5.0,1.56,3.0,0.4074,0.8822,1.0,0.6101,1.6521,2.84
-32.0,-51.2,2.88,0.254321,0.085132,594,563,254,0.388714,49,205,6.21,1.79,4.0,5.0,1.62,3.0,0.4068,0.8578,1.0,0.6261,1.9839,2.8129
-31.8,-51.4,2.02,0.352066,0.09802,600,647,255,0.402355,7,248,7.52,1.54,3.0,5.0,1.51,3.0,0.4069,0.77,1.0,0.5932,1.5563,2.7597
-31.8,-51.2,2.63,0.298127,0.088323,587,597,252,0.381555,21,231,7.0,1.68,3.0,5.0,1.59,3.0,0.4222,0.8856,1.0,0.6381,1.6718,2.842
-31.8,-51.0,2.92,0.240462,0.082398,582,546,245,0.383175,58,187,5.67,1.85,4.0,5.0,1.61,3.0,0.4001,0.839,1.0,0.6136,1.8479,2.6911
-31.6,-51.2,2.03,0.345728,0.094876,598,634,249,0.376494,6,243,7.36,1.54,3.0,5.0,1.52,3.0,0.4014,0.7755,1.0,0.5911,1.5445,2.7951
-31.6,-51.0,2.63,0.283773,0.086368,580,580,246,0.380624,29,217,6.58,1.69,3.2,5.0,1.59,3.0,0.398,0.8865,1.0,0.6054,1.7572,2.7677
-31.6,-50.8,2.97,0.227201,0.089498,593,533,241,0.382144,77,164,4.97,1.9,4.0,5.0,1.6,3.0,0.3632,0.7905,1.0,0.5587,1.8078,2.4352
-31.4,-50.8,2.73,0.272576,0.088925,571,562,221,0.381983,32,189,5.73,1.7,3.6,5.0,1.57,3.0,0.3916,0.8631,1.0,0.5839,1.6896,2.6172
-31.4,-50.6,3.0,0.22405,0.097127,585,548,243,0.38644,99,144,4.36,1.97,4.0,5.0,1.58,3.0,0.3493,0.7472,0.9454,0.5219,1.6805,2.208
-31.2,-50.8,2.41,0.320875,0.093651,586,609,229,0.380958,10,219,6.64,1.53,3.0,5.0,1.51,3.0,0.3882,0.8075,1.0,0.561,1.4713,2.7106
-31.2,-50.6,2.61,0.259785,0.095343,589,548,240,0.387122,55,185,5.61,1.78,4.0,5.0,1.56,3.8,0.3503,0.7494,0.9809,0.5186,1.5678,2.6045
-31.2,-50.4,2.93,0.220443,0.104889,600,578,250,0.39104,131,119,3.61,1.94,4.1,5.0,1.51,3.0,0.3277,0.6944,0.8565,0.4831,1.5385,2.009
-31.0,-50.6,2.4,0.300475,0.09754,575,590,206,0.388655,21,185,5.61,1.57,3.0,5.0,1.5,3.0,0.3515,0.7942,0.9525,0.5037,1.3097,2.4751
-31.0,-50.4,2.73,0.251092,0.102053,597,552,234,0.392952,71,163,4.94,1.82,4.0,5.0,1.56,3.9,0.3366,0.7531,0.9621,0.5002,1.4735,2.8432
-31.0,-50.2,3.028,0.218686,0.107627,594,589,245,0.39588,146,99,3.0,2.05,5.0,5.0,1.55,3.0,0.3361,0.6794,0.817,0.499,1.499,2.2899
-30.8,-50.4,2.48,0.290833,0.102161,577,565,216,0.395301,34,182,5.52,1.64,3.0,5.0,1.53,3.0,0.346,0.7728,0.931,0.5063,1.2982,3.0224
-30.8,-50.2,2.85,0.247742,0.103453,585,555,240,0.398879,83,157,4.76,1.83,4.0,5.0,1.53,4.0,0.3322,0.7505,0.9207,0.4877,1.482,2.8264
-30.6,-50.4,1.94,0.322103,0.104434,571,592,129,0.39741,13,116,3.52,1.46,3.0,5.0,1.42,3.0,0.3149,0.6676,0.7928,0.4302,1.1266,2.4298
-30.6,-50.2,2.53,0.282551,0.102945,569,553,214,0.404066,40,174,5.27,1.68,3.0,5.0,1.53,3.0,0.3293,0.7061,0.8851,0.4726,1.2546,2.9707
-30.6,-50.0,2.89,0.244868,0.106092,580,552,235,0.406059,97,138,4.18,1.93,4.0,6.0,1.55,3.15,0.3394,0.7385,0.9097,0.4961,1.5296,2.766
-30.4,-50.2,2.1,0.30499,0.1047,556,570,157,0.412557,24,133,4.03,1.56,3.0,5.0,1.44,2.4,0.3083,0.6492,0.796,0.426,1.1164,2.4513
-30.4,-50.0,2.62,0.266964,0.106848,579,547,217,0.413877,59,158,4.79,1.79,4.0,6.0,1.51,3.0,0.3276,0.6946,0.8792,0.4727,1.2915,2.8617
-30.4,-49.8,2.97,0.235741,0.104427,587,571,238,0.413275,110,128,3.88,1.98,4.0,6.0,1.56,3.0,0.3451,0.7118,0.9019,0.5027,1.5568,2.7034
-30.2,-50.0,2.4,0.281295,0.105923,555,548,172,0.423298,36,136,4.12,1.72,3.0,5.0,1.51,3.0,0.3234,0.7238,0.8311,0.4459,1.274,2.7678
-30.2,-49.8,2.8,0.250672,0.103083,572,553,220,0.421627,79,141,4.27,1.87,4.0,6.0,1.55,3.0,0.3405,0.6876,0.9466,0.4938,1.318,2.7988
-30.0,-50.0,2.1,0.296335,0.1054,535,561,129,0.431692,29,100,3.03,1.59,3.0,5.0,1.42,2.05,0.3216,0.6795,0.7311,0.4325,1.1684,2.3238
-30.0,-49.8,2.64,0.261981,0.101242,574,548,206,0.430222,54,152,4.61,1.8,3.0,6.0,1.51,3.0,0.3306,0.7032,0.8946,0.4734,1.2863,2.9006
-29.8,-49.8,2.43,0.279454,0.100544,548,555,199,0.438053,36,163,4.94,1.67,3.0,6.0,1.47,3.0,0.3251,0.7338,0.8828,0.4538,1.3174,2.9714
-29.8,-49.6,2.74,0.250035,0.096261,567,546,230,0.435056,80,150,4.55,1.95,4.0,6.0,1.61,3.0,0.3531,0.7342,0.9377,0.5326,1.3531,2.9422
-29.6,-49.8,2.14,0.299768,0.100793,513,567,172,0.444409,24,148,4.49,1.55,3.0,6.0,1.43,2.0,0.3137,0.6612,0.8243,0.4204,1.1505,2.7274
-29.6,-49.6,2.58,0.267119,0.09474,562,554,216,0.44245,49,167,5.06,1.8,4.0,6.0,1.54,3.0,0.3359,0.7143,0.8712,0.4921,1.3718,3.0697
-29.6,-49.4,2.83,0.240375,0.093312,557,541,234,0.439253,89,145,4.39,2.01,4.0,6.0,1.63,3.8,0.3631,0.7045,0.9655,0.5491,1.383,2.9497
-29.4,-49.6,2.348,0.290769,0.096182,525,564,198,0.44899,30,168,5.09,1.67,3.0,6.0,1.54,3.0,0.3231,0.7253,0.9084,0.4682,1.3975,3.2725
-29.4,-49.4,2.66,0.257661,0.090965,557,546,232,0.445521,68,164,4.97,1.89,4.0,6.0,1.61,3.0,0.3419,0.7088,0.8832,0.5123,1.3861,3.1127
-29.4,-49.2,2.86,0.231666,0.0926,562,545,249,0.441797,104,145,4.39,2.1,4.0,6.0,1.61,3.0,0.3534,0.6962,0.977,0.5335,1.357,2.965
-29.2,-49.4,2.47,0.279629,0.090743,540,557,221,0.449673,36,185,5.61,1.77,3.0,6.0,1.58,3.0,0.3274,0.743,0.9199,0.4891,1.3527,3.3765
-29.2,-49.2,2.7,0.247735,0.087951,558,544,250,0.446082,81,169,5.12,1.98,4.0,6.0,1.63,3.6,0.3433,0.7039,0.8977,0.5242,1.3619,3.1708
-29.2,-49.0,2.9,0.224543,0.095278,562,541,255,0.443349,120,135,4.09,2.13,4.0,6.0,1.58,3.0,0.352,0.6803,0.9672,0.5179,1.2836,2.9486
-29.0,-49.4,2.12,0.310311,0.092442,507,578,202,0.449269,18,184,5.58,1.55,3.0,6.0,1.49,3.0,0.3206,0.6595,0.8792,0.4505,1.1293,3.2603
-29.0,-49.2,2.48,0.271116,0.085944,546,547,249,0.447561,41,208,6.3,1.83,4.0,6.0,1.63,3.0,0.3272,0.7467,0.9248,0.4984,1.3424,3.4156
-29.0,-49.0,2.72,0.239875,0.088502,546,546,260,0.445677,95,165,5.0,2.08,4.0,6.0,1.65,3.0,0.3499,0.6828,0.9192,0.5333,1.3359,3.1676
-29.0,-48.8,2.92,0.218683,0.097313,555,546,261,0.443778,147,114,3.45,2.22,4.0,6.0,1.56,3.0,0.3727,0.6544,0.9375,0.5482,1.3982,2.9235
-29.0,-48.6,3.06,0.203926,0.105334,561,548,264,0.442453,192,72,2.18,2.26,4.0,7.0,1.46,2.45,0.3766,0.6638,0.7887,0.5278,1.245,2.6826
-28.8,-49.0,2.468,0.272091,0.083165,529,546,261,0.445228,38,223,6.76,1.87,4.0,6.0,1.67,3.0,0.3411,0.7063,0.9418,0.5304,1.3634,3.593
-28.8,-48.8,2.74,0.239449,0.087761,551,544,269,0.444728,94,175,5.3,2.04,4.0,6.0,1.62,3.0,0.348,0.6781,0.9301,0.5306,1.307,3.1947
-28.8,-48.6,2.96,0.215826,0.097997,557,557,274,0.444776,165,109,3.3,2.12,4.0,6.0,1.52,3.0,0.3771,0.656,0.884,0.5372,1.4046,2.8758
-28.8,-48.4,3.08,0.200776,0.107444,555,545,258,0.444843,197,61,1.85,2.23,5.0,7.0,1.34,2.0,0.3775,0.6505,0.7319,0.4906,1.2257,2.3211
-28.6,-48.8,2.45,0.279791,0.083504,532,555,278,0.441854,36,242,7.33,1.88,4.0,6.0,1.68,4.0,0.3525,0.7441,0.9549,0.5522,1.4149,3.69
-28.6,-48.6,2.71,0.236073,0.091288,555,549,266,0.446283,97,169,5.12,2.05,4.0,6.0,1.58,3.0,0.3311,0.6929,0.8831,0.487,1.2894,3.194
-28.6,-48.4,2.95,0.212027,0.102172,553,562,270,0.448277,182,88,2.67,2.16,4.0,7.0,1.53,3.0,0.3728,0.668,0.7976,0.5348,1.2942,2.764
-28.4,-48.6,2.34,0.256445,0.088191,550,555,249,0.447478,60,189,5.73,1.83,4.0,6.0,1.58,3.0,0.295,0.6716,0.8518,0.4401,1.3418,3.1771
-28.4,-48.4,2.81,0.224089,0.098764,556,556,274,0.451957,142,132,4.0,2.08,4.0,6.0,1.51,3.0,0.3323,0.6793,0.8233,0.4639,1.3065,2.8782
-28.2,-48.6,2.14,0.271338,0.087313,566,566,203,0.449557,35,168,5.09,1.57,3.0,6.0,1.43,3.0,0.297,0.6293,0.8468,0.3942,1.0244,2.7722
-28.2,-48.4,2.58,0.235924,0.096169,568,556,262,0.455688,104,158,4.79,1.93,4.0,6.0,1.51,3.0,0.3021,0.6498,0.8588,0.4207,1.203,3.0864
-28.2,-48.2,2.87,0.213064,0.104498,564,575,284,0.459175,182,102,3.09,2.04,4.0,6.0,1.46,3.0,0.3339,0.6615,0.7788,0.453,1.1862,2.7417
-28.0,-48.4,2.46,0.247908,0.09408,560,560,246,0.46389,77,169,5.12,1.75,3.0,6.0,1.46,3.0,0.2937,0.6249,0.894,0.4021,1.1609,3.143
-28.0,-48.2,2.78,0.220515,0.103058,567,567,282,0.468105,166,116,3.52,1.92,4.0,6.0,1.46,3.0,0.3238,0.6504,0.8282,0.4395,1.2582,2.994
-27.8,-48.4,2.23,0.257979,0.092964,563,563,230,0.476086,68,162,4.91,1.59,3.0,6.0,1.37,3.0,0.2677,0.6049,0.7849,0.3541,1.07,2.7935
-27.8,-48.2,2.64,0.227608,0.101687,578,568,278,0.481567,138,140,4.24,1.79,4.0,6.0,1.39,3.0,0.2854,0.6029,0.8674,0.3806,1.091,3.0387
-27.6,-48.4,1.9,0.269996,0.093046,560,577,217,0.492605,66,151,4.58,1.43,3.0,6.0,1.3,2.5,0.255,0.5598,0.8144,0.328,0.9457,2.4289
-27.6,-48.2,2.55,0.23548,0.10046,569,574,264,0.500705,128,136,4.12,1.74,4.0,7.0,1.38,3.0,0.2872,0.5818,0.8824,0.3727,1.0401,3.036
-27.6,-48.0,2.81,0.210822,0.104667,572,568,283,0.501159,191,92,2.79,1.85,4.0,6.0,1.4,3.0,0.3163,0.6003,0.8248,0.4285,1.0797,2.9208
-27.4,-48.4,1.5,0.272949,0.096727,602,576,181,0.537301,65,116,3.52,1.33,2.25,4.0,1.23,2.0,0.221,0.4871,0.6141,0.2717,0.6488,1.3652
-27.4,-48.2,2.5,0.242918,0.101803,576,582,250,0.528236,121,129,3.91,1.62,3.0,6.0,1.36,3.0,0.2803,0.5872,0.7733,0.371,0.9962,2.7431
-27.4,-48.0,2.77,0.21435,0.102672,583,577,291,0.524446,190,101,3.06,1.71,3.0,6.0,1.38,3.0,0.2929,0.6084,0.8452,0.3902,1.1472,2.4407
-27.2,-48.4,1.64,0.273394,0.097551,597,582,157,0.582978,62,95,2.88,1.27,2.3,3.0,1.22,2.0,0.2176,0.4648,0.648,0.2571,0.6691,0.9967
-27.2,-48.2,2.29,0.247106,0.103762,580,582,229,0.566661,115,114,3.45,1.51,3.0,6.0,1.28,2.0,0.2422,0.5277,0.6868,0.307,0.8068,2.1213
-27.2,-48.0,2.68,0.220099,0.102155,581,580,284,0.552473,174,110,3.33,1.67,3.55,7.0,1.28,2.0,0.2735,0.6092,0.8303,0.3504,1.0465,2.6462
-27.0,-48.4,1.82,0.269343,0.104245,543,588,139,0.629906,66,73,2.21,1.23,2.0,3.0,1.14,2.0,0.201,0.4211,0.6048,0.2343,0.6217,0.7804
-27.0,-48.2,2.33,0.249826,0.104683,584,583,221,0.611887,120,101,3.06,1.49,3.0,6.0,1.24,2.0,0.2559,0.5554,0.6528,0.3131,0.7481,2.0378
-26.8,-48.4,1.93,0.26993,0.104052,568,594,177,0.677386,92,85,2.58,1.32,3.0,4.0,1.16,2.0,0.2259,0.4918,0.6484,0.2664,0.6484,0.8487
-26.8,-48.2,2.32,0.253116,0.104442,580,584,237,0.657062,135,102,3.09,1.49,3.0,6.0,1.24,2.0,0.2527,0.5538,0.6743,0.3085,0.764,1.9734
-26.6,-48.6,1.69,0.29291,0.104919,565,613,162,0.750584,80,82,2.49,1.24,2.0,3.0,1.13,2.0,0.2081,0.4383,0.61,0.2381,0.651,0.805
-26.6,-48.4,1.94,0.272845,0.103449,570,595,200,0.728177,112,88,2.67,1.34,3.0,4.0,1.15,2.0,0.2234,0.5127,0.6524,0.2625,0.6706,0.8679
-26.6,-48.2,2.29,0.255433,0.103524,588,588,249,0.707378,151,98,2.97,1.5,3.0,6.0,1.22,2.0,0.252,0.5445,0.6759,0.3048,0.7664,1.8951
-26.4,-48.4,1.63,0.279368,0.103151,598,601,212,0.786422,122,90,2.73,1.43,3.0,4.0,1.18,2.0,0.229,0.496,0.654,0.2547,0.6424,0.9605
-26.4,-48.2,2.24,0.260656,0.102609,573,594,246,0.763106,159,87,2.64,1.49,3.0,5.0,1.2,2.0,0.259,0.5687,0.6555,0.308,0.7677,1.6967
-26.2,-48.4,1.34,0.286512,0.103907,592,614,201,0.868401,117,84,2.55,1.36,2.85,4.0,1.11,2.0,0.208,0.4474,0.6504,0.2207,0.5294,0.7691
-26.2,-48.2,2.0,0.269416,0.102032,590,597,252,0.825459,163,89,2.7,1.49,3.0,5.0,1.19,2.0,0.2515,0.5421,0.6206,0.2951,0.7009,1.6136
-26.0,-48.4,1.26,0.295223,0.103868,609,624,199,0.940288,121,78,2.36,1.35,2.15,4.0,1.09,2.0,0.2153,0.4687,0.6634,0.2227,0.5257,0.7937
-26.0,-48.2,1.85,0.279148,0.101391,595,599,242,0.890884,154,88,2.67,1.5,3.0,4.0,1.18,2.0,0.245,0.5379,0.6173,0.278,0.6997,1.1036
-25.8,-48.2,1.8,0.28848,0.101785,623,613,256,0.951877,169,87,2.64,1.43,3.0,3.0,1.15,2.0,0.2512,0.5368,0.6557,0.2764,0.634,1.2408
-25.8,-48.0,2.15,0.271432,0.101349,601,593,278,0.893305,183,95,2.88,1.53,3.0,5.0,1.19,2.0,0.2683,0.5828,0.6944,0.3199,0.7435,1.7429
-25.6,-48.4,1.33,0.313349,0.104679,631,631,268,1.065991,177,91,2.76,1.4,2.5,5.0,1.14,2.0,0.2281,0.4969,0.6326,0.2551,0.7137,1.2911
-25.6,-48.2,1.67,0.299426,0.101752,619,625,270,1.007499,174,96,2.91,1.43,3.0,5.0,1.12,2.0,0.2387,0.5186,0.6572,0.2621,0.6382,1.3331
-25.6,-48.0,2.06,0.281381,0.101261,604,597,278,0.94467,187,91,2.76,1.55,3.0,5.0,1.18,2.0,0.2738,0.577,0.7158,0.3198,0.7776,1.3827
-25.6,-47.8,2.27,0.264722,0.10065,604,588,286,0.889423,191,95,2.88,1.6,3.0,6.0,1.22,2.0,0.275,0.6076,0.723,0.3395,0.9075,2.0157
-25.4,-48.0,1.89,0.295627,0.101044,605,617,295,0.972441,183,112,3.39,1.55,3.0,6.0,1.16,2.0,0.2644,0.5887,0.7158,0.2981,0.7397,1.4237
-25.4,-47.8,2.06,0.278879,0.100596,608,602,293,0.928446,189,104,3.15,1.61,3.0,5.0,1.19,2.0,0.2718,0.5715,0.7168,0.3233,0.847,1.4139
-25.4,-47.6,2.31,0.262731,0.099648,602,583,298,0.876343,192,106,3.21,1.61,3.0,5.0,1.25,2.0,0.2804,0.6183,0.7332,0.3404,0.9551,1.5046
-25.2,-47.8,1.85,0.295915,0.100738,591,617,294,0.953431,178,116,3.52,1.58,3.0,5.0,1.25,2.0,0.2705,0.5872,0.7127,0.3263,0.8837,1.4572
-25.2,-47.6,2.18,0.276937,0.100392,591,606,303,0.909957,183,120,3.64,1.61,3.0,5.0,1.21,2.0,0.2788,0.6204,0.7597,0.3327,0.9639,1.5862
-25.0,-47.8,1.29,0.3108,0.102003,573,631,267,0.960678,150,117,3.55,1.44,3.0,4.0,1.21,2.0,0.244,0.516,0.6356,0.2913,0.7495,1.3437
-25.0,-47.6,2.04,0.293015,0.101287,568,614,300,0.92836,176,124,3.76,1.61,3.0,5.0,1.26,2.0,0.2848,0.6163,0.7682,0.347,1.0373,1.6091
-25.0,-47.4,2.2,0.277156,0.098849,588,603,316,0.886895,191,125,3.79,1.65,3.0,5.0,1.3,2.0,0.2953,0.6476,0.7918,0.3638,1.0138,1.7079
-25.0,-47.2,2.34,0.260433,0.096849,589,575,308,0.842559,190,118,3.58,1.73,3.15,5.0,1.31,2.0,0.3001,0.6625,0.7852,0.3654,1.0117,1.7559
-24.8,-47.4,2.04,0.297006,0.099977,569,619,307,0.90016,172,135,4.09,1.62,3.0,4.0,1.3,3.0,0.2991,0.6219,0.8052,0.3746,1.0979,1.6784
-24.8,-47.2,2.25,0.279124,0.097118,579,600,313,0.861248,181,132,4.0,1.67,3.0,5.0,1.3,2.45,0.3051,0.6706,0.8189,0.3838,1.1083,1.7997
-24.8,-47.0,2.36,0.262459,0.094113,581,581,308,0.823436,183,125,3.79,1.73,3.0,5.0,1.34,2.8,0.3024,0.6565,0.8113,0.3877,1.1057,1.8389
-24.8,-46.8,2.45,0.245756,0.092133,579,558,308,0.791171,194,114,3.45,1.84,4.0,5.0,1.38,3.0,0.3024,0.6434,0.8151,0.3932,1.1146,1.8189
-24.6,-47.2,1.99,0.304334,0.098852,570,617,305,0.864213,160,145,4.39,1.67,3.0,5.0,1.35,2.0,0.3131,0.663,0.7713,0.4023,0.986,1.7306
-24.6,-47.0,2.21,0.285336,0.095993,585,594,311,0.835846,166,145,4.39,1.76,3.0,5.0,1.38,3.0,0.3137,0.6591,0.8329,0.407,1.096,1.8343
-24.6,-46.8,2.31,0.265091,0.092933,566,575,303,0.807554,167,136,4.12,1.79,3.0,5.0,1.39,3.0,0.3025,0.6622,0.8272,0.3987,1.151,1.8036
-24.6,-46.6,2.44,0.247735,0.089954,573,569,319,0.779478,194,125,3.79,1.9,4.0,5.0,1.4,3.0,0.3087,0.6742,0.8683,0.4162,1.2478,1.7922
-24.4,-46.8,2.14,0.284283,0.093872,565,592,316,0.818604,164,152,4.61,1.78,3.0,6.0,1.41,3.0,0.3083,0.6481,0.8268,0.4184,1.11,2.6048
-24.4,-46.6,2.25,0.268549,0.090568,560,573,319,0.793456,167,152,4.61,1.84,3.45,6.0,1.41,3.0,0.3065,0.6537,0.8866,0.4189,1.1454,2.8056
-24.4,-46.4,2.36,0.253914,0.087318,556,561,316,0.766807,175,141,4.27,1.88,4.0,5.0,1.43,3.0,0.3245,0.6991,0.8977,0.4443,1.2835,1.8722
-24.4,-46.2,2.43,0.241483,0.084103,558,548,305,0.740575,169,136,4.12,2.01,4.0,5.0,1.46,3.0,0.3254,0.719,0.9344,0.4506,1.308,1.8961
-24.4,-46.0,2.5,0.226557,0.080115,562,541,303,0.718592,176,127,3.85,2.03,4.0,5.0,1.47,3.0,0.3201,0.7255,0.9246,0.4475,1.3021,1.8976
-24.4,-45.2,2.75,0.193941,0.100415,556,443,257,0.628043,201,56,1.7,2.21,4.0,7.0,1.48,3.0,0.3135,0.671,0.7368,0.4422,1.1819,2.6978
-24.2,-46.6,2.13,0.288781,0.090908,555,600,318,0.800581,148,170,5.15,1.86,3.0,6.0,1.48,3.0,0.3161,0.6291,0.8668,0.4437,1.1827,2.9264
-24.2,-46.4,2.22,0.275237,0.088211,551,578,322,0.77656,153,169,5.12,1.88,4.0,6.0,1.51,3.0,0.319,0.6597,0.9346,0.4564,1.229,3.1425
-24.2,-46.2,2.27,0.261151,0.085181,560,562,316,0.750144,150,166,5.03,1.92,4.0,6.0,1.54,3.0,0.3192,0.6542,0.9706,0.4596,1.2517,3.1928
-24.2,-46.0,2.37,0.246321,0.080917,554,544,302,0.728185,147,155,4.7,2.0,4.0,6.0,1.55,3.0,0.3263,0.6827,0.9592,0.4697,1.2554,3.1013
-24.2,-45.8,2.48,0.232944,0.077208,555,535,305,0.706449,152,153,4.64,2.08,4.0,6.0,1.53,3.0,0.3289,0.6958,0.9388,0.468,1.2976,3.1038
-24.2,-45.6,2.52,0.221916,0.078832,542,519,294,0.682859,157,137,4.15,2.09,4.0,6.0,1.5,3.0,0.3235,0.6793,0.8832,0.4643,1.2589,2.99
-24.2,-45.4,2.61,0.211505,0.083446,546,509,293,0.65938,177,116,3.52,2.09,4.0,6.0,1.53,3.0,0.3244,0.6938,0.839,0.4708,1.1902,2.9235
-24.2,-45.2,2.67,0.201581,0.087915,540,499,275,0.638479,183,92,2.79,2.08,4.0,6.0,1.55,2.45,0.3115,0.6746,0.7971,0.4606,1.0732,2.7886
-24.2,-45.0,2.718,0.19306,0.096161,531,459,257,0.622446,196,61,1.85,2.2,4.0,7.0,1.51,3.0,0.3184,0.6638,0.7528,0.4501,1.0416,2.8324
-24.0,-46.4,1.83,0.295822,0.088691,577,611,355,0.774999,154,201,6.09,1.94,4.0,6.0,1.54,3.0,0.3254,0.651,0.8822,0.4843,1.2981,3.2445
-24.0,-46.2,1.92,0.28569,0.084999,569,597,339,0.749386,140,199,6.03,1.92,4.0,7.0,1.54,3.0,0.316,0.6421,0.8946,0.4678,1.2447,3.2867
-24.0,-46.0,2.22,0.270699,0.082989,552,581,331,0.732638,143,188,5.7,2.01,4.0,6.0,1.56,3.0,0.3372,0.7015,0.9963,0.5021,1.3509,3.5057
-24.0,-45.8,2.23,0.258003,0.079571,571,556,331,0.713567,145,186,5.64,1.98,4.0,6.0,1.59,3.0,0.3379,0.6926,1.0,0.5092,1.3615,3.3029
-24.0,-45.6,2.29,0.245552,0.076269,558,548,325,0.691409,145,180,5.46,2.03,4.0,6.0,1.59,3.0,0.3337,0.6934,0.9789,0.4989,1.3092,3.2279
-24.0,-45.4,2.43,0.239448,0.074367,540,540,303,0.665422,127,176,5.33,2.09,4.0,6.0,1.61,3.0,0.3349,0.7154,0.9586,0.504,1.3268,3.2925
-24.0,-45.2,2.53,0.226985,0.074887,539,515,292,0.643223,136,156,4.73,2.08,4.0,6.0,1.56,3.0,0.3148,0.6759,0.8907,0.4636,1.2755,3.1245
-24.0,-45.0,2.61,0.208136,0.083797,530,511,283,0.632645,178,105,3.18,2.12,4.0,6.0,1.55,3.0,0.3123,0.614,0.8106,0.4611,1.1262,2.8782
-24.0,-44.8,2.68,0.195671,0.092953,531,485,267,0.622273,191,76,2.3,2.14,4.0,6.0,1.54,3.0,0.3087,0.6037,0.7748,0.4538,1.0448,2.86
-23.8,-45.8,1.89,0.279764,0.079724,573,595,360,0.716081,131,229,6.94,2.06,4.0,7.0,1.65,3.0,0.3483,0.7113,0.9994,0.5497,1.4458,3.7122
-23.8,-45.6,1.698,0.275761,0.076551,571,588,362,0.700519,128,234,7.09,2.11,4.0,7.0,1.66,3.0,0.3432,0.7084,1.0,0.5481,1.4755,3.5936
-23.8,-45.4,1.3,0.262622,0.07688,576,576,341,0.679261,126,215,6.52,2.08,4.0,7.0,1.66,3.0,0.2925,0.6223,0.9162,0.4653,1.2073,3.3801
-23.8,-45.2,1.65,0.24495,0.079159,571,541,269,0.64868,109,160,4.85,1.86,4.0,6.0,1.5,3.0,0.2435,0.5698,0.8208,0.3582,1.0496,2.7376
-23.8,-45.0,2.4,0.227094,0.0797,529,515,264,0.641958,120,144,4.36,2.06,4.0,6.0,1.58,3.0,0.2933,0.6458,0.9047,0.428,1.206,3.0007
-23.8,-44.8,2.54,0.211581,0.083346,534,510,279,0.633815,169,110,3.33,2.13,4.0,6.0,1.57,3.0,0.3185,0.6337,0.8491,0.4772,1.1751,2.9924
-23.8,-44.6,2.63,0.200707,0.089246,529,486,275,0.626118,184,91,2.76,2.2,4.0,6.0,1.52,2.5,0.3141,0.6066,0.8041,0.4539,1.1004,2.9711
-23.6,-45.2,1.39,0.256151,0.076362,574,564,206,0.657104,74,132,4.0,1.52,3.0,3.0,1.34,2.45,0.2299,0.5184,0.6765,0.2931,0.8389,1.3498
-23.6,-45.0,1.97,0.238276,0.076185,530,532,253,0.649852,101,152,4.61,1.95,3.45,6.0,1.52,3.0,0.2569,0.589,0.8046,0.375,1.0741,2.7969
-23.6,-44.8,2.32,0.227238,0.077235,528,518,276,0.643862,124,152,4.61,2.09,4.0,6.0,1.59,3.0,0.2964,0.6686,0.9013,0.4394,1.2257,3.103
-23.6,-44.6,2.48,0.217073,0.080236,526,501,283,0.638136,144,139,4.21,2.15,4.0,6.0,1.55,3.0,0.3078,0.6424,0.8736,0.4541,1.2332,3.1039
-23.6,-44.4,2.58,0.206476,0.083608,518,497,283,0.632744,169,114,3.45,2.2,4.35,6.0,1.59,3.0,0.3189,0.6216,0.8348,0.479,1.2421,3.0627
-23.6,-44.2,2.64,0.198908,0.088367,524,481,280,0.627519,188,92,2.79,2.25,5.0,6.0,1.55,3.0,0.3237,0.6358,0.8217,0.4774,1.1946,3.045
-23.6,-44.0,2.68,0.193658,0.093444,526,474,277,0.623142,200,77,2.33,2.26,4.2,7.0,1.58,3.0,0.3184,0.6337,0.811,0.4748,1.1425,3.2053
-23.4,-44.4,2.4,0.223759,0.076993,532,514,294,0.647998,135,159,4.82,2.13,4.0,6.0,1.58,3.0,0.303,0.6696,0.9004,0.4611,1.3085,3.3985
-23.4,-44.2,2.49,0.21393,0.079425,523,500,295,0.644203,161,134,4.06,2.28,5.0,6.0,1.63,3.0,0.3217,0.6432,0.8822,0.5033,1.324,3.2311
-23.4,-44.0,2.548,0.205939,0.081787,516,496,288,0.638865,168,120,3.64,2.33,5.0,6.0,1.62,3.0,0.3293,0.6264,0.8987,0.4963,1.2812,3.2204
-23.4,-43.8,2.59,0.19983,0.083449,524,487,289,0.631576,192,97,2.94,2.35,5.0,6.0,1.66,3.0,0.335,0.6783,0.8877,0.5163,1.3416,3.2008
-23.4,-43.6,2.63,0.194967,0.085872,518,478,283,0.625777,196,87,2.64,2.37,5.0,7.0,1.61,3.0,0.3282,0.6616,0.8787,0.4932,1.2547,3.3034
-23.4,-43.4,2.668,0.191715,0.088391,517,472,277,0.622132,205,72,2.18,2.33,5.0,7.0,1.6,3.0,0.3407,0.6481,0.8494,0.5023,1.2209,3.2106
-23.4,-43.2,2.7,0.189242,0.092378,523,458,269,0.620257,208,61,1.85,2.33,5.0,7.0,1.62,3.0,0.338,0.6363,0.8059,0.5067,1.218,3.1004
-23.4,-43.0,2.73,0.1914,0.101685,537,454,259,0.619911,208,51,1.55,2.29,4.5,7.0,1.63,2.5,0.3282,0.6195,0.7577,0.5065,1.2213,3.0079
-23.4,-42.8,2.76,0.197937,0.115117,537,443,242,0.620806,203,39,1.18,2.38,4.1,7.0,1.64,3.0,0.3454,0.606,0.7096,0.5147,1.2152,2.9503
-23.4,-42.6,2.79,0.205333,0.125938,540,432,224,0.62258,191,33,1.0,2.33,4.4,7.0,1.67,2.4,0.312,0.604,0.667,0.4928,1.2617,2.915
-23.4,-42.2,2.84,0.20612,0.126278,547,408,209,0.631304,180,29,0.88,2.31,4.0,7.0,1.59,2.0,0.3152,0.589,0.6454,0.4405,1.0494,2.3223
-23.4,-42.0,2.87,0.201215,0.116984,557,414,214,0.63872,181,33,1.0,2.27,4.4,7.0,1.52,2.4,0.3075,0.5805,0.6604,0.4097,1.0642,2.3081
-23.2,-44.4,1.88,0.238935,0.076103,536,521,302,0.671855,129,173,5.24,2.17,4.0,6.0,1.65,3.0,0.2906,0.6025,0.8725,0.4609,1.2985,3.4381
-23.2,-44.2,2.08,0.232202,0.073048,533,518,305,0.654414,132,173,5.24,2.28,4.4,7.0,1.71,3.0,0.3111,0.6634,0.9256,0.504,1.3961,3.5861
-23.2,-44.0,2.13,0.225776,0.071939,532,510,296,0.655431,137,159,4.82,2.21,4.1,6.0,1.65,3.0,0.3031,0.647,0.8782,0.4779,1.3464,3.3889
-23.2,-43.8,2.34,0.21996,0.072611,521,499,294,0.642301,146,148,4.49,2.22,4.0,6.0,1.65,3.0,0.3189,0.6712,0.8901,0.5015,1.3772,3.2753
-23.2,-43.6,2.45,0.213783,0.07345,519,486,292,0.635576,154,138,4.18,2.24,5.0,6.0,1.64,3.0,0.3237,0.6665,0.947,0.5111,1.3533,3.2876
-23.2,-43.4,2.51,0.206644,0.074073,518,472,286,0.633069,161,125,3.79,2.38,5.0,6.0,1.69,3.0,0.3326,0.6718,0.9817,0.5178,1.3731,3.2804
-23.2,-43.2,2.56,0.200856,0.073207,527,462,284,0.632665,174,110,3.33,2.41,5.0,6.0,1.66,3.0,0.3364,0.7024,0.953,0.5152,1.3791,3.2443
-23.2,-43.0,2.59,0.196588,0.07587,531,458,281,0.633021,182,99,3.0,2.51,5.0,7.0,1.6,3.0,0.3428,0.7033,0.9134,0.5049,1.4176,3.3366
-23.2,-42.8,2.63,0.195469,0.085791,535,452,276,0.63375,202,74,2.24,2.41,5.0,7.0,1.61,3.0,0.3519,0.6772,0.8668,0.5267,1.3482,3.2305
-23.2,-42.6,2.67,0.198072,0.097424,541,460,275,0.635982,214,61,1.85,2.28,4.0,7.0,1.61,3.0,0.3317,0.6442,0.8202,0.4988,1.2707,3.1483
-23.2,-42.4,2.7,0.200248,0.10425,547,472,270,0.640332,220,50,1.52,2.34,4.0,7.0,1.66,3.0,0.3453,0.6265,0.7791,0.5153,1.2228,2.5789
-23.2,-42.2,2.748,0.200646,0.104448,540,478,265,0.647502,218,47,1.42,2.34,4.0,7.0,1.66,3.0,0.3322,0.6049,0.7636,0.5013,1.2016,2.4662
-23.2,-42.0,2.77,0.198236,0.100016,552,487,271,0.65814,223,48,1.45,2.23,4.0,7.0,1.58,3.0,0.3256,0.603,0.7589,0.4902,1.1915,2.4294
-23.2,-41.8,2.81,0.194796,0.094509,549,495,264,0.669163,220,44,1.33,2.16,4.85,7.0,1.57,3.0,0.3225,0.5972,0.7551,0.4845,1.1759,2.4331
-23.0,-44.4,0.77,0.248897,0.074324,603,542,331,0.697688,130,201,6.09,2.05,4.0,6.0,1.62,3.0,0.2109,0.4739,0.6824,0.3282,0.9217,2.4704
-23.0,-44.0,1.01,0.248421,0.070787,602,535,309,0.752706,144,165,5.0,1.95,4.0,5.0,1.5,3.0,0.2257,0.5245,0.7337,0.3327,0.9987,2.2381
-23.0,-43.4,1.79,0.233271,0.067241,540,502,310,0.637959,140,170,5.15,2.26,4.55,6.0,1.74,3.0,0.3044,0.6352,0.9037,0.4911,1.3088,3.3547
-23.0,-43.2,1.93,0.228156,0.066532,540,495,301,0.647089,145,156,4.73,2.27,4.0,6.0,1.77,4.0,0.3113,0.6797,0.9162,0.5074,1.392,3.3975
-23.0,-43.0,2.19,0.223334,0.0645,544,486,296,0.643499,147,149,4.52,2.32,4.6,6.0,1.75,3.0,0.3276,0.6866,0.9778,0.5317,1.3615,3.4624
-23.0,-42.8,2.34,0.216791,0.06449,541,472,297,0.641843,150,147,4.46,2.26,4.7,6.0,1.65,3.0,0.3254,0.6678,1.0,0.5088,1.3299,3.4496
-23.0,-42.6,2.42,0.211555,0.06902,546,465,299,0.643954,169,130,3.94,2.32,5.0,7.0,1.66,3.0,0.3247,0.6971,0.9939,0.4928,1.4093,3.5705
-23.0,-42.4,2.48,0.210004,0.073523,539,471,299,0.648192,184,115,3.49,2.37,5.0,7.0,1.65,3.0,0.3261,0.705,0.9611,0.4928,1.4826,3.5284
-23.0,-42.2,2.52,0.20899,0.077186,543,470,304,0.656045,197,107,3.24,2.34,5.0,7.0,1.56,3.0,0.324,0.7037,0.946,0.473,1.4957,2.9423
-23.0,-42.0,2.57,0.20661,0.080343,544,479,291,0.677808,203,88,2.67,2.28,5.0,6.0,1.47,3.0,0.3022,0.6689,0.9186,0.426,1.3058,2.2571
-23.0,-41.8,2.65,0.205499,0.086782,547,491,283,0.697625,220,63,1.91,2.19,4.9,7.0,1.56,3.0,0.3,0.6331,0.8771,0.4353,1.2058,2.4738
-23.0,-41.6,2.73,0.20152,0.088549,555,493,280,0.706657,227,53,1.61,2.26,4.4,7.0,1.58,3.0,0.315,0.6363,0.8433,0.4454,1.2107,2.4519
-22.8,-41.8,2.04,0.212426,0.081481,550,492,228,0.739432,172,56,1.7,1.98,4.0,5.0,1.39,3.0,0.2224,0.5124,0.7707,0.3177,1.1712,1.4566
-22.8,-41.6,2.5,0.207346,0.084002,541,493,264,0.741352,214,50,1.52,2.22,5.0,6.0,1.64,3.55,0.292,0.6419,0.8988,0.448,1.4559,1.9616
-22.6,-41.8,1.81,0.214863,0.077958,503,489,177,0.776155,136,41,1.24,1.88,3.0,4.0,1.44,3.0,0.2073,0.4234,0.5686,0.2885,0.6628,1.0191
-22.6,-41.6,2.31,0.211413,0.079104,525,495,252,0.773195,197,55,1.67,2.15,4.0,6.0,1.53,3.0,0.2732,0.5876,0.8171,0.4086,1.3201,1.846
-22.6,-41.4,2.48,0.205978,0.078402,544,483,265,0.769919,207,58,1.76,2.09,4.15,6.0,1.57,3.0,0.2764,0.6304,0.871,0.4206,1.2892,1.9878
-22.4,-41.6,1.78,0.216784,0.074417,519,494,239,0.796984,180,59,1.79,2.25,4.0,5.0,1.54,3.0,0.2407,0.5176,0.7172,0.3544,0.9778,1.3847
-22.4,-41.4,2.19,0.213051,0.073609,527,495,252,0.795288,196,56,1.7,2.36,4.25,7.0,1.62,3.0,0.279,0.5917,0.802,0.4373,1.3291,1.9297
-22.4,-41.2,2.42,0.207227,0.075151,536,486,257,0.790209,199,58,1.76,2.21,4.15,6.0,1.59,3.0,0.2779,0.6145,0.8259,0.4247,1.2883,2.0132
-22.4,-41.0,2.55,0.203314,0.090727,553,458,255,0.78413,212,43,1.3,2.23,4.0,7.0,1.56,3.0,0.2728,0.6156,0.7792,0.4202,1.2983,2.0163
-22.4,-40.8,2.66,0.205397,0.109212,553,387,215,0.775374,188,27,0.82,2.37,4.7,7.0,1.48,3.0,0.3048,0.6524,0.7215,0.4091,1.5674,1.9667
-22.2,-41.4,1.35,0.223718,0.06814,545,521,266,0.813512,199,67,2.03,2.18,4.0,5.0,1.6,3.0,0.2254,0.4986,0.6702,0.346,0.9333,1.3358
-22.2,-41.2,2.13,0.219858,0.066784,515,517,255,0.813636,195,60,1.82,2.33,4.0,5.0,1.6,3.0,0.2869,0.5756,0.7678,0.4309,1.0725,1.7016
-22.2,-41.0,2.38,0.211982,0.076442,543,489,252,0.810288,199,53,1.61,2.19,4.0,5.0,1.55,3.0,0.2789,0.5961,0.7652,0.4106,1.1,1.7467
-22.2,-40.8,2.54,0.207457,0.090461,543,465,244,0.806583,206,38,1.15,2.34,4.15,6.0,1.58,3.0,0.2781,0.6232,0.7242,0.4285,1.2956,1.7957
-22.2,-40.6,2.62,0.204931,0.100495,556,418,219,0.798453,194,25,0.76,2.44,4.8,6.0,1.6,3.0,0.3137,0.6127,0.6889,0.4457,1.633,1.7669
-22.0,-40.8,2.27,0.219477,0.082928,536,503,242,0.854338,200,42,1.27,2.02,4.0,4.0,1.52,3.0,0.2448,0.5219,0.6155,0.3515,0.949,1.4418
-22.0,-40.6,2.48,0.212702,0.090093,545,476,235,0.83564,198,37,1.12,2.08,4.0,4.0,1.51,3.0,0.2683,0.5531,0.6345,0.3745,0.9554,1.5774
-21.8,-40.8,1.928,0.224021,0.088736,528,501,185,0.903909,157,28,0.85,1.82,3.0,3.0,1.5,3.0,0.2371,0.4483,0.5941,0.2957,0.7232,0.9782
-21.8,-40.6,2.28,0.219633,0.097986,548,473,216,0.879408,186,30,0.91,2.23,4.0,4.0,1.5,3.0,0.2645,0.5115,0.5552,0.3174,0.7913,1.2399
-21.6,-40.8,1.81,0.226347,0.093247,533,495,136,0.934757,115,21,0.64,1.95,3.0,4.0,1.48,3.0,0.2151,0.344,0.5871,0.2251,0.5535,0.7172
-21.6,-40.6,2.16,0.221039,0.107174,529,444,181,0.907387,158,23,0.7,2.35,4.0,4.0,1.52,2.9,0.2475,0.4143,0.5322,0.2803,0.6347,0.8957
-21.4,-40.8,1.73,0.228933,0.090808,499,501,123,0.948337,103,20,0.61,1.65,2.0,2.0,1.4,2.0,0.1788,0.305,0.3132,0.1979,0.455,0.4815
-21.4,-40.6,2.02,0.220727,0.103684,528,449,167,0.920794,146,21,0.64,2.29,4.0,4.0,1.48,3.0,0.2211,0.3482,0.378,0.2656,0.542,0.7501
-21.2,-40.8,1.658,0.235542,0.085202,460,525,122,0.95555,101,21,0.64,1.71,3.0,3.0,1.38,2.0,0.1861,0.314,0.3398,0.2278,0.485,0.5012
-21.2,-40.6,1.86,0.224314,0.100793,498,463,148,0.928676,128,20,0.61,2.25,4.0,4.0,1.35,3.0,0.2104,0.3082,0.3384,0.2311,0.5373,0.6164
-21.2,-40.4,2.13,0.222954,0.131564,507,371,150,0.886068,136,14,0.42,2.43,4.0,4.0,1.5,2.0,0.1875,0.3087,0.3347,0.269,0.5755,0.5776
-21.0,-40.8,1.47,0.243586,0.087034,446,535,146,0.951343,119,27,0.82,1.81,3.0,4.0,1.37,2.0,0.1864,0.3584,0.5911,0.2154,0.529,0.5551
-21.0,-40.6,1.68,0.23033,0.103195,483,475,161,0.932945,141,20,0.61,2.3,4.05,5.0,1.5,3.0,0.2113,0.3469,0.4836,0.2336,0.5287,0.55
-21.0,-40.4,2.02,0.224311,0.126646,507,388,167,0.898775,151,16,0.48,2.56,4.0,4.0,1.44,2.25,0.1833,0.2954,0.3032,0.2395,0.5228,0.5894
-21.0,-40.2,2.29,0.236394,0.158401,511,290,120,0.871251,110,10,0.3,2.8,5.0,5.0,1.3,2.0,0.196,0.2696,0.3013,0.2227,0.4781,0.5871
-21.0,-29.4,2.93,0.25865,0.19255,515,62,24,0.770816,23,1,0.03,6.0,6.0,6.0,1.0,1.0,0.185,0.185,0.185,0.0137,0.0137,0.0137
-21.0,-29.2,2.93,0.256112,0.189978,513,65,23,0.764102,22,1,0.03,6.0,6.0,6.0,1.0,1.0,0.1695,0.1695,0.1695,0.0,0.0,0.0
-20.8,-40.4,1.86,0.228063,0.116691,486,425,174,0.910979,158,16,0.48,2.69,5.0,5.0,1.38,2.25,0.2002,0.2989,0.3091,0.2431,0.535,0.6218
-20.8,-40.2,2.16,0.228763,0.142521,513,331,149,0.890282,137,12,0.36,2.5,4.45,5.0,1.42,2.0,0.188,0.2768,0.2885,0.2249,0.4836,0.5891
-20.8,-40.0,2.39,0.250423,0.176918,522,242,100,0.875556,93,7,0.21,2.57,4.7,5.0,1.43,2.0,0.203,0.2559,0.2718,0.2555,0.4883,0.5531
-20.8,-29.6,2.92,0.261644,0.194201,516,58,24,0.790647,24,0,0.0,,,,,,,,,0.0,0.0,0.0
-20.8,-29.4,2.92,0.259664,0.192634,516,58,19,0.782981,19,0,0.0,,,,,,,,,0.0,0.0,0.0
-20.8,-29.2,2.92,0.255782,0.189812,510,60,18,0.774233,18,0,0.0,,,,,,,,,0.0,0.0,0.0
-20.8,-29.0,2.92,0.252327,0.186499,512,75,22,0.769028,22,0,0.0,,,,,,,,,0.0,0.0,0.0
-20.8,-28.8,2.92,0.248789,0.184031,515,68,18,0.765312,18,0,0.0,,,,,,,,,0.0,0.0,0.0
-20.8,-28.6,2.92,0.247071,0.18235,516,62,18,0.762137,18,0,0.0,,,,,,,,,0.0,0.0,0.0
-20.6,-40.4,1.57,0.237372,0.107236,444,474,172,0.91261,152,20,0.61,2.2,5.05,6.0,1.45,3.05,0.1592,0.298,0.3427,0.2059,0.4612,0.5869
-20.6,-40.2,1.94,0.228375,0.129715,491,389,178,0.907403,162,16,0.48,2.19,4.0,4.0,1.5,3.0,0.1686,0.2698,0.2749,0.2107,0.4871,0.5817
-20.6,-40.0,2.27,0.241462,0.163419,520,279,128,0.89504,119,9,0.27,2.44,4.6,5.0,1.44,2.0,0.1803,0.2532,0.2684,0.2181,0.4724,0.5554
-20.6,-29.8,2.91,0.260855,0.193309,512,55,17,0.810998,17,0,0.0,,,,,,,,,0.0,0.0,0.0
-20.6,-29.6,2.91,0.260665,0.193038,508,59,21,0.804873,21,0,0.0,,,,,,,,,0.0,0.0,0.0
-20.6,-29.4,2.91,0.258951,0.192132,516,64,22,0.79752,22,0,0.0,,,,,,,,,0.0,0.0,0.0
-20.6,-29.2,2.91,0.254461,0.189232,510,66,22,0.794126,22,0,0.0,,,,,,,,,0.0,0.0,0.0
-20.6,-29.0,2.91,0.25074,0.185154,510,68,21,0.78518,20,1,0.03,2.0,2.0,2.0,1.0,1.0,0.0154,0.0154,0.0154,0.0034,0.0034,0.0034
-20.6,-28.8,2.91,0.246485,0.182085,513,70,21,0.777077,20,1,0.03,1.0,1.0,1.0,1.0,1.0,0.0,0.0,0.0,0.0068,0.0068,0.0068
-20.6,-28.6,2.92,0.244529,0.179973,510,66,23,0.775593,22,1,0.03,2.0,2.0,2.0,1.0,1.0,0.003,0.003,0.003,0.0049,0.0049,0.0049
-20.4,-40.2,1.65,0.232371,0.121862,477,422,183,0.917585,165,18,0.55,2.22,4.3,6.0,1.44,3.0,0.1817,0.2876,0.295,0.2301,0.5025,0.569
-20.4,-40.0,2.17,0.235713,0.152222,494,322,146,0.907028,135,11,0.33,2.09,3.0,3.0,1.36,2.0,0.1792,0.273,0.2756,0.2111,0.4731,0.5655
-20.4,-39.8,2.4,0.253084,0.183255,505,220,99,0.894402,93,6,0.18,2.5,4.0,4.0,1.33,2.0,0.1736,0.247,0.2471,0.2223,0.4331,0.4834
-20.4,-29.6,2.9,0.256897,0.189982,505,63,19,0.820567,19,0,0.0,,,,,,,,,0.0,0.0,0.0
-20.4,-29.4,2.9,0.254991,0.188882,509,68,22,0.819149,22,0,0.0,,,,,,,,,0.0,0.0,0.0
-20.4,-29.2,2.9,0.251102,0.186187,507,68,20,0.815344,20,0,0.0,,,,,,,,,0.0,0.0,0.0
-20.4,-29.0,2.9,0.246956,0.18256,509,70,20,0.813267,20,0,0.0,,,,,,,,,0.0,0.0,0.0
-20.4,-28.8,2.91,0.243242,0.179635,508,73,18,0.802867,17,1,0.03,2.0,2.0,2.0,1.0,1.0,0.0005,0.0005,0.0005,0.0022,0.0022,0.0022
-20.4,-28.6,2.91,0.240405,0.177482,509,70,18,0.791805,17,1,0.03,2.0,2.0,2.0,1.0,1.0,0.006,0.006,0.006,0.0081,0.0081,0.0081
-20.2,-40.0,2.08,0.235969,0.144534,475,366,157,0.917964,141,16,0.48,2.12,4.25,5.0,1.44,3.0,0.1567,0.2909,0.2937,0.1885,0.4901,0.6072
-20.2,-39.8,2.32,0.24692,0.173014,501,262,120,0.902548,113,7,0.21,2.71,4.4,5.0,1.71,2.0,0.1796,0.2608,0.2629,0.2427,0.436,0.4847
-20.2,-29.6,2.89,0.251814,0.185897,500,61,21,0.833773,21,0,0.0,,,,,,,,,0.0,0.0,0.0
-20.2,-29.4,2.89,0.249102,0.184233,504,60,22,0.830219,22,0,0.0,,,,,,,,,0.0,0.0,0.0
-20.2,-29.2,2.89,0.246468,0.181945,502,63,22,0.82612,22,0,0.0,,,,,,,,,0.0,0.0,0.0
-20.2,-29.0,2.89,0.242537,0.179321,503,69,18,0.820817,17,1,0.03,9.0,9.0,9.0,1.0,1.0,0.2683,0.2683,0.2683,0.0051,0.0051,0.0051
-20.2,-28.8,2.89,0.239126,0.177051,507,67,18,0.813605,17,1,0.03,9.0,9.0,9.0,1.0,1.0,0.27,0.27,0.27,0.0102,0.0102,0.0102
-20.2,-28.6,2.89,0.237522,0.175269,506,65,18,0.804866,17,1,0.03,9.0,9.0,9.0,1.0,1.0,0.2698,0.2698,0.2698,0.0166,0.0166,0.0166
-20.0,-40.0,2.01,0.23896,0.136669,468,405,190,0.927341,171,19,0.58,2.32,4.1,5.0,1.58,3.0,0.1903,0.3275,0.4069,0.2344,0.5764,0.6769
-20.0,-39.8,2.24,0.240118,0.157486,493,309,146,0.912863,135,11,0.33,2.27,4.0,5.0,1.45,2.0,0.1527,0.2824,0.283,0.205,0.4754,0.5423
-20.0,-39.6,2.4,0.249153,0.178778,494,225,105,0.908498,100,5,0.15,3.2,4.8,5.0,1.6,2.0,0.1992,0.2692,0.277,0.2128,0.4237,0.4626
-19.8,-40.0,1.718,0.246638,0.129643,482,438,215,0.935606,189,26,0.79,2.42,4.75,6.0,1.5,2.75,0.1971,0.322,0.3719,0.2549,0.6214,0.66
-19.8,-39.8,2.04,0.240177,0.140038,494,397,192,0.931915,175,17,0.52,2.41,4.2,5.0,1.59,3.0,0.1838,0.3165,0.3188,0.2506,0.5937,0.609
-19.8,-39.6,2.29,0.241149,0.160036,496,314,143,0.918094,133,10,0.3,3.0,5.55,6.0,1.5,2.0,0.1976,0.3505,0.397,0.2011,0.4542,0.5178
-19.8,-39.4,2.42,0.246956,0.174987,490,232,111,0.918504,106,5,0.15,3.6,5.0,5.0,1.6,2.0,0.2055,0.2833,0.2898,0.2472,0.4551,0.5107
-19.6,-39.6,2.09,0.243374,0.147066,495,367,177,0.982108,162,15,0.45,2.33,5.0,5.0,1.47,2.3,0.1807,0.3027,0.3049,0.2324,0.5592,0.5623
-19.6,-39.4,2.25,0.241924,0.160308,495,310,144,0.965226,136,8,0.24,3.0,5.0,5.0,1.62,2.0,0.2416,0.3643,0.3884,0.1903,0.4416,0.5011
-19.4,-39.6,1.7,0.248343,0.143362,491,407,187,1.115143,170,17,0.52,2.06,4.2,5.0,1.29,2.0,0.1332,0.2721,0.2867,0.1602,0.4839,0.5159
-19.4,-39.4,2.1,0.243286,0.152701,482,345,156,1.095759,150,6,0.18,3.17,4.75,5.0,1.67,2.0,0.1967,0.286,0.2898,0.2286,0.463,0.5052
-19.2,-39.6,1.66,0.251859,0.145541,490,400,168,1.322787,161,7,0.21,2.0,3.4,4.0,1.29,2.0,0.1835,0.2437,0.2513,0.2017,0.3757,0.4266
-19.2,-39.4,2.06,0.244783,0.150887,492,356,165,1.272525,161,4,0.12,2.5,3.85,4.0,1.75,2.0,0.1849,0.2625,0.2659,0.2498,0.4515,0.4822
-19.0,-39.6,1.56,0.252816,0.144878,469,400,161,1.481503,156,5,0.15,1.4,2.0,2.0,1.0,1.0,0.1738,0.2056,0.207,0.1708,0.2267,0.2291
-19.0,-39.4,2.02,0.245723,0.149763,473,362,170,1.433717,165,5,0.15,2.2,3.0,3.0,1.2,1.8,0.1682,0.2733,0.2867,0.1957,0.3832,0.4279
-18.8,-39.6,1.33,0.25494,0.144824,487,401,176,1.620159,171,5,0.15,1.6,2.8,3.0,1.0,1.0,0.1595,0.1985,0.1995,0.1623,0.2203,0.2212
-18.8,-39.4,1.88,0.247405,0.14954,472,362,171,1.571999,167,4,0.12,2.25,3.0,3.0,1.25,1.85,0.1845,0.2699,0.2799,0.2122,0.3717,0.3997
-18.6,-39.6,1.34,0.258612,0.144373,492,404,193,1.739896,188,5,0.15,1.6,2.8,3.0,1.0,1.0,0.18,0.2223,0.2227,0.184,0.2458,0.246
-18.6,-39.4,1.8,0.249858,0.14803,480,372,184,1.684572,180,4,0.12,2.0,2.85,3.0,1.25,1.85,0.2035,0.2991,0.3106,0.2295,0.3863,0.4125
-18.4,-39.6,1.45,0.263514,0.143022,476,419,206,1.841177,200,6,0.18,1.67,2.75,3.0,1.0,1.0,0.2175,0.3578,0.3919,0.1918,0.2416,0.2447
-18.4,-39.4,1.79,0.254322,0.145254,475,399,206,1.785987,201,5,0.15,1.8,2.8,3.0,1.0,1.0,0.2617,0.3938,0.3995,0.2116,0.2826,0.2857
-18.2,-39.4,1.62,0.261256,0.14188,462,412,230,1.862386,224,6,0.18,1.83,2.75,3.0,1.0,1.0,0.278,0.3928,0.399,0.2057,0.3109,0.3234
-18.2,-39.2,1.85,0.255313,0.144437,458,402,226,1.780442,220,6,0.18,2.17,3.0,3.0,1.17,1.75,0.2882,0.3976,0.3983,0.2387,0.4322,0.4593
-18.2,-39.0,2.0,0.253706,0.14565,468,396,220,1.690964,214,6,0.18,2.17,3.0,3.0,1.17,1.75,0.2868,0.4198,0.4238,0.2314,0.4164,0.4337
-18.0,-39.4,1.34,0.270931,0.137817,456,425,254,1.905866,247,7,0.21,2.14,3.0,3.0,1.29,2.0,0.2804,0.4105,0.4116,0.2708,0.3818,0.3986
-18.0,-39.2,1.71,0.263802,0.139275,460,417,253,1.824537,246,7,0.21,2.57,3.0,3.0,1.57,2.0,0.3203,0.4795,0.4972,0.3158,0.4883,0.5093
-18.0,-39.0,1.86,0.260262,0.141995,474,403,243,1.729094,234,9,0.27,2.56,3.6,4.0,1.33,2.0,0.2589,0.4949,0.5284,0.2115,0.4613,0.4821
-18.0,-38.8,1.87,0.255135,0.144966,479,385,221,1.637309,214,7,0.21,2.86,4.0,4.0,1.57,2.7,0.2671,0.4504,0.4815,0.2296,0.4432,0.4586
-17.8,-39.0,1.65,0.262264,0.14428,478,396,244,1.712443,235,9,0.27,2.67,4.0,4.0,1.44,2.6,0.2332,0.4424,0.4795,0.2155,0.4517,0.4642
-17.8,-38.8,1.72,0.256267,0.152091,487,362,199,1.616846,192,7,0.21,2.71,4.0,4.0,1.43,2.7,0.217,0.3877,0.419,0.18,0.3639,0.3912
-17.6,-39.0,1.208,0.262813,0.155088,483,371,210,1.633249,204,6,0.18,2.0,3.0,3.0,1.17,1.75,0.2002,0.3421,0.3658,0.1412,0.2706,0.2991
-17.6,-38.8,1.72,0.256302,0.163049,470,311,161,1.538098,158,3,0.09,2.0,2.9,3.0,1.33,1.9,0.2149,0.3321,0.3452,0.1121,0.1487,0.1539
-17.4,-39.0,1.41,0.262813,0.161027,472,348,152,1.547085,148,4,0.12,2.0,2.85,3.0,1.0,1.0,0.1676,0.2015,0.204,0.1067,0.1912,0.2039
-17.4,-38.8,1.82,0.257227,0.168466,446,285,142,1.456344,140,2,0.06,2.0,2.0,2.0,1.0,1.0,0.2633,0.3392,0.3476,0.0747,0.0876,0.089
-17.2,-39.0,1.56,0.264168,0.165297,449,326,148,1.474319,146,2,0.06,3.0,3.9,4.0,2.0,2.9,0.2348,0.2974,0.3043,0.1967,0.267,0.2748
-17.2,-38.8,1.83,0.257742,0.175932,449,242,128,1.373565,126,2,0.06,2.0,2.0,2.0,1.0,1.0,0.2293,0.3124,0.3216,0.0473,0.0542,0.0549
-17.0,-39.0,1.5,0.266732,0.1663,438,320,160,1.415185,157,3,0.09,2.33,2.9,3.0,1.67,2.0,0.233,0.278,0.2798,0.1742,0.3124,0.3265
-17.0,-38.8,1.81,0.257697,0.17962,441,225,116,1.312467,114,2,0.06,2.0,2.9,3.0,1.5,1.95,0.2628,0.2931,0.2965,0.1168,0.1811,0.1882
-16.8,-39.0,1.5,0.268807,0.171997,414,307,150,1.366177,147,3,0.09,2.33,2.9,3.0,1.67,2.0,0.2113,0.249,0.2512,0.1697,0.3055,0.3195
-16.8,-38.8,1.83,0.259235,0.180782,437,221,119,1.306837,118,1,0.03,3.0,3.0,3.0,2.0,2.0,0.2061,0.2061,0.2061,0.2265,0.2265,0.2265
-16.6,-39.0,1.25,0.272469,0.174012,410,311,152,1.357535,149,3,0.09,2.33,2.9,3.0,1.67,2.0,0.1934,0.2493,0.252,0.1862,0.352,0.3714
-16.6,-38.8,1.88,0.261208,0.179433,403,237,121,1.324238,119,2,0.06,2.0,2.9,3.0,1.5,1.95,0.2436,0.2853,0.2899,0.162,0.2428,0.2518
-16.4,-38.8,1.8,0.264891,0.17702,399,258,138,1.338481,136,2,0.06,2.0,2.0,2.0,1.5,1.95,0.2429,0.2711,0.2742,0.1978,0.2812,0.2905
-16.4,-38.6,1.98,0.258682,0.180393,407,201,104,1.295215,103,1,0.03,2.0,2.0,2.0,1.0,1.0,0.1503,0.1503,0.1503,0.1526,0.1526,0.1526
-16.2,-38.8,1.54,0.26961,0.175332,400,276,145,1.355504,143,2,0.06,2.0,2.0,2.0,1.5,1.95,0.2456,0.2471,0.2472,0.2378,0.3389,0.3501
-16.2,-38.6,1.92,0.261717,0.178842,408,222,121,1.323611,120,1,0.03,2.0,2.0,2.0,2.0,2.0,0.1683,0.1683,0.1683,0.2371,0.2371,0.2371
-16.0,-38.8,1.46,0.272761,0.176236,392,282,138,1.351447,135,3,0.09,2.33,2.9,3.0,1.33,1.9,0.187,0.2327,0.2339,0.1593,0.3064,0.3263
-16.0,-38.6,1.94,0.263058,0.184015,394,211,111,1.323896,110,1,0.03,2.0,2.0,2.0,1.0,1.0,0.135,0.135,0.135,0.1499,0.1499,0.1499
-15.8,-38.8,1.4,0.270123,0.183285,395,250,119,1.310747,118,1,0.03,2.0,2.0,2.0,2.0,2.0,0.1507,0.1507,0.1507,0.1832,0.1832,0.1832
-15.8,-38.6,2.01,0.262774,0.192251,385,168,80,1.290048,79,1,0.03,2.0,2.0,2.0,1.0,1.0,0.0673,0.0673,0.0673,0.0804,0.0804,0.0804
-15.8,-38.4,2.07,0.26828,0.204095,395,131,58,1.290004,58,0,0.0,,,,,,,,,0.0,0.0,0.0
-15.6,-38.8,1.62,0.267928,0.187608,400,211,98,1.3051,97,1,0.03,2.0,2.0,2.0,1.0,1.0,0.0961,0.0961,0.0961,0.1033,0.1033,0.1033
-15.6,-38.6,2.01,0.264999,0.1975,391,155,71,1.289537,70,1,0.03,2.0,2.0,2.0,1.0,1.0,0.0208,0.0208,0.0208,0.0306,0.0306,0.0306
-15.4,-38.8,1.76,0.267544,0.191112,390,193,88,1.301436,88,0,0.0,,,,,,,,,0.0,0.0,0.0
-15.4,-38.6,2.02,0.268741,0.202938,390,147,60,1.292143,60,0,0.0,,,,,,,,,0.0,0.0,0.0
-15.2,-38.8,1.76,0.268576,0.196381,395,176,83,1.295797,83,0,0.0,,,,,,,,,0.0,0.0,0.0
-15.2,-38.6,2.04,0.271145,0.207514,388,144,56,1.295563,56,0,0.0,,,,,,,,,0.0,0.0,0.0
-15.0,-38.8,1.87,0.269283,0.200121,401,168,74,1.297176,74,0,0.0,,,,,,,,,0.0,0.0,0.0
-15.0,-38.6,2.06,0.272347,0.210182,386,139,53,1.300468,53,0,0.0,,,,,,,,,0.0,0.0,0.0
-14.8,-38.8,1.9,0.270801,0.203163,397,165,73,1.303494,73,0,0.0,,,,,,,,,0.0,0.0,0.0
-14.8,-38.6,2.07,0.272824,0.210939,389,138,54,1.306485,54,0,0.0,,,,,,,,,0.0,0.0,0.0
-14.6,-38.8,1.938,0.27109,0.204407,388,161,69,1.310174,69,0,0.0,,,,,,,,,0.0,0.0,0.0
-14.6,-38.6,2.08,0.272047,0.2105,390,134,55,1.313147,55,0,0.0,,,,,,,,,0.0,0.0,0.0
-14.4,-38.8,1.95,0.271703,0.204815,394,166,71,1.316916,71,0,0.0,,,,,,,,,0.0,0.0,0.0
-14.4,-38.6,2.1,0.271261,0.209373,390,132,53,1.320095,53,0,0.0,,,,,,,,,0.0,0.0,0.0
-14.2,-38.8,1.87,0.272322,0.203552,390,174,76,1.323417,76,0,0.0,,,,,,,,,0.0,0.0,0.0
-14.2,-38.6,2.1,0.270083,0.208024,382,135,55,1.326971,55,0,0.0,,,,,,,,,0.0,0.0,0.0
-14.0,-38.8,1.8,0.273689,0.203892,396,173,84,1.330248,84,0,0.0,,,,,,,,,0.0,0.0,0.0
-14.0,-38.6,2.08,0.268625,0.207051,386,145,60,1.333567,60,0,0.0,,,,,,,,,0.0,0.0,0.0
-13.8,-38.8,1.73,0.276116,0.203897,389,175,86,1.3407,86,0,0.0,,,,,,,,,0.0,0.0,0.0
-13.8,-38.6,2.08,0.268781,0.206741,374,143,60,1.339513,60,0,0.0,,,,,,,,,0.0,0.0,0.0
-13.6,-38.8,1.71,0.279738,0.206297,381,171,90,1.343764,90,0,0.0,,,,,,,,,0.0,0.0,0.0
-13.6,-38.6,2.07,0.270088,0.206858,369,152,65,1.344172,64,1,0.03,4.0,4.0,4.0,1.0,1.0,0.0967,0.0967,0.0967,0.0486,0.0486,0.0486
-13.4,-38.8,1.71,0.282958,0.206623,374,172,92,1.34829,91,1,0.03,5.0,5.0,5.0,1.0,1.0,0.0888,0.0888,0.0888,0.0574,0.0574,0.0574
-13.4,-38.6,2.05,0.273293,0.206286,355,161,79,1.347042,78,1,0.03,4.0,4.0,4.0,1.0,1.0,0.0952,0.0952,0.0952,0.0576,0.0576,0.0576
-13.4,-38.4,2.14,0.265411,0.204509,366,142,60,1.350069,59,1,0.03,4.0,4.0,4.0,1.0,1.0,0.118,0.118,0.118,0.0582,0.0582,0.0582
-13.2,-38.6,1.99,0.281181,0.204848,353,166,92,1.351313,91,1,0.03,5.0,5.0,5.0,1.0,1.0,0.1065,0.1065,0.1065,0.0668,0.0668,0.0668
-13.2,-38.4,2.11,0.27033,0.203496,352,168,79,1.350203,78,1,0.03,5.0,5.0,5.0,1.0,1.0,0.1178,0.1178,0.1178,0.0653,0.0653,0.0653
-13.2,-38.2,2.17,0.260825,0.200369,359,147,59,1.350511,58,1,0.03,4.0,4.0,4.0,1.0,1.0,0.1219,0.1219,0.1219,0.0593,0.0593,0.0593
-13.2,-38.0,2.2,0.255684,0.194694,362,142,54,1.350577,54,0,0.0,,,,,,,,,0.0,0.0,0.0
-13.0,-38.4,1.96,0.282711,0.201955,358,175,102,1.348136,101,1,0.03,5.0,5.0,5.0,1.0,1.0,0.1157,0.1157,0.1157,0.0596,0.0596,0.0596
-13.0,-38.2,2.1,0.269589,0.201245,357,163,83,1.348924,83,0,0.0,,,,,,,,,0.0,0.0,0.0
-13.0,-38.0,2.17,0.258492,0.197739,352,157,66,1.349592,66,0,0.0,,,,,,,,,0.0,0.0,0.0
-13.0,-37.8,2.23,0.251533,0.190653,351,133,53,1.350038,53,0,0.0,,,,,,,,,0.0,0.0,0.0
-12.8,-38.0,2.1,0.267769,0.200284,343,159,79,1.34956,79,0,0.0,,,,,,,,,0.0,0.0,0.0
-12.8,-37.8,2.19,0.255388,0.195262,342,151,60,1.349639,60,0,0.0,,,,,,,,,0.0,0.0,0.0
-12.6,-37.8,2.12,0.264652,0.199515,338,161,68,1.349527,68,0,0.0,,,,,,,,,0.0,0.0,0.0
-12.6,-37.6,2.21,0.252491,0.192322,341,138,53,1.351438,53,0,0.0,,,,,,,,,0.0,0.0,0.0
-12.4,-37.8,1.78,0.27338,0.201528,346,159,79,1.373806,79,0,0.0,,,,,,,,,0.0,0.0,0.0
-12.4,-37.6,2.14,0.260133,0.196985,333,150,59,1.352773,59,0,0.0,,,,,,,,,0.0,0.0,0.0
-12.4,-37.4,2.24,0.249054,0.188905,339,129,50,1.354573,50,0,0.0,,,,,,,,,0.0,0.0,0.0
-12.2,-37.6,1.97,0.268988,0.199839,336,153,76,1.360619,76,0,0.0,,,,,,,,,0.0,0.0,0.0
-12.2,-37.4,2.19,0.255146,0.193985,337,139,54,1.356948,54,0,0.0,,,,,,,,,0.0,0.0,0.0
-12.0,-37.4,2.12,0.262948,0.198422,337,151,67,1.359817,67,0,0.0,,,,,,,,,0.0,0.0,0.0
-12.0,-37.2,2.23,0.251289,0.19096,340,131,49,1.360825,49,0,0.0,,,,,,,,,0.0,0.0,0.0
-11.8,-37.4,2.01,0.269803,0.201015,328,156,72,1.370144,72,0,0.0,,,,,,,,,0.0,0.0,0.0
-11.8,-37.2,2.19,0.255789,0.195055,346,142,52,1.363171,52,0,0.0,,,,,,,,,0.0,0.0,0.0
-11.6,-37.4,1.84,0.275946,0.203258,344,166,78,1.602126,78,0,0.0,,,,,,,,,0.0,0.0,0.0
-11.6,-37.2,2.07,0.264692,0.199272,339,154,65,1.365042,65,0,0.0,,,,,,,,,0.0,0.0,0.0
-11.6,-37.0,2.23,0.252144,0.192599,338,134,49,1.365911,49,0,0.0,,,,,,,,,0.0,0.0,0.0
-11.4,-37.2,1.86,0.273297,0.202991,328,160,69,1.388061,69,0,0.0,,,,,,,,,0.0,0.0,0.0
-11.4,-37.0,2.19,0.261116,0.197975,337,146,57,1.367612,57,0,0.0,,,,,,,,,0.0,0.0,0.0
-11.4,-36.8,2.26,0.249743,0.190849,348,135,46,1.368654,46,0,0.0,,,,,,,,,0.0,0.0,0.0
-11.2,-37.0,2.0,0.271554,0.202253,340,155,67,1.376672,67,0,0.0,,,,,,,,,0.0,0.0,0.0
-11.2,-36.8,2.22,0.259547,0.197201,342,146,55,1.370282,55,0,0.0,,,,,,,,,0.0,0.0,0.0
-11.0,-37.0,1.45,0.281625,0.207078,355,165,75,1.390123,75,0,0.0,,,,,,,,,0.0,0.0,0.0
-11.0,-36.8,2.19,0.271114,0.20147,340,157,64,1.374372,64,0,0.0,,,,,,,,,0.0,0.0,0.0
-11.0,-36.6,2.24,0.259713,0.196778,334,145,54,1.372764,54,0,0.0,,,,,,,,,0.0,0.0,0.0
-10.8,-36.8,1.66,0.282496,0.205188,340,162,75,1.392731,75,0,0.0,,,,,,,,,0.0,0.0,0.0
-10.8,-36.6,2.11,0.272567,0.199707,329,156,64,1.394202,64,0,0.0,,,,,,,,,0.0,0.0,0.0
-10.8,-36.4,2.23,0.260456,0.195846,336,141,53,1.37753,53,0,0.0,,,,,,,,,0.0,0.0,0.0
-10.8,-36.2,2.31,0.24787,0.188413,340,125,40,1.378938,40,0,0.0,,,,,,,,,0.0,0.0,0.0
-10.6,-36.6,1.86,0.282533,0.201982,336,168,84,1.422749,84,0,0.0,,,,,,,,,0.0,0.0,0.0
-10.6,-36.4,2.08,0.271614,0.196731,342,162,72,1.38846,72,0,0.0,,,,,,,,,0.0,0.0,0.0
-10.6,-36.2,2.22,0.261598,0.195147,346,154,57,1.383781,57,0,0.0,,,,,,,,,0.0,0.0,0.0
-10.6,-36.0,2.32,0.245918,0.186451,342,136,43,1.384103,43,0,0.0,,,,,,,,,0.0,0.0,0.0
-10.4,-36.2,1.9,0.269956,0.1983,356,163,71,1.416001,71,0,0.0,,,,,,,,,0.0,0.0,0.0
-10.4,-36.0,2.23,0.259041,0.19314,347,149,57,1.388901,57,0,0.0,,,,,,,,,0.0,0.0,0.0
-10.4,-35.8,2.32,0.243985,0.184821,350,141,42,1.389181,42,0,0.0,,,,,,,,,0.0,0.0,0.0
-10.2,-36.0,2.0,0.267635,0.195241,348,157,65,1.411976,65,0,0.0,,,,,,,,,0.0,0.0,0.0
-10.2,-35.8,2.26,0.253947,0.189775,354,148,55,1.392141,55,0,0.0,,,,,,,,,0.0,0.0,0.0
-10.2,-35.6,2.33,0.242115,0.183547,357,133,45,1.393638,45,0,0.0,,,,,,,,,0.0,0.0,0.0
-10.0,-35.8,2.01,0.261726,0.192554,354,154,69,1.405856,69,0,0.0,,,,,,,,,0.0,0.0,0.0
-10.0,-35.6,2.27,0.251656,0.189189,353,145,57,1.396168,57,0,0.0,,,,,,,,,0.0,0.0,0.0
-10.0,-35.4,2.35,0.239998,0.182,349,132,45,1.398335,45,0,0.0,,,,,,,,,0.0,0.0,0.0
-9.8,-35.8,2.13,0.266531,0.193949,358,153,72,1.436392,72,0,0.0,,,,,,,,,0.0,0.0,0.0
-9.8,-35.6,2.19,0.257992,0.190763,355,152,66,1.418245,66,0,0.0,,,,,,,,,0.0,0.0,0.0
-9.8,-35.4,2.28,0.249121,0.187452,351,153,58,1.403642,58,0,0.0,,,,,,,,,0.0,0.0,0.0
-9.6,-35.6,1.6,0.264005,0.192467,371,156,75,1.525435,75,0,0.0,,,,,,,,,0.0,0.0,0.0
-9.6,-35.4,2.13,0.254871,0.188841,352,158,67,1.439302,67,0,0.0,,,,,,,,,0.0,0.0,0.0
-9.6,-35.2,2.26,0.244161,0.18443,353,150,54,1.407447,54,0,0.0,,,,,,,,,0.0,0.0,0.0
-9.4,-35.4,1.52,0.261399,0.191507,362,157,69,1.505995,69,0,0.0,,,,,,,,,0.0,0.0,0.0
-9.4,-35.2,2.15,0.249266,0.186527,348,155,62,1.442442,62,0,0.0,,,,,,,,,0.0,0.0,0.0
-9.4,-35.0,2.3,0.236885,0.179621,358,137,48,1.408616,48,0,0.0,,,,,,,,,0.0,0.0,0.0
-9.2,-35.2,1.83,0.255292,0.188958,365,156,68,1.488888,68,0,0.0,,,,,,,,,0.0,0.0,0.0
-9.2,-35.0,2.2,0.243477,0.18341,366,159,61,1.427484,61,0,0.0,,,,,,,,,0.0,0.0,0.0
-9.2,-34.8,2.34,0.228422,0.172688,357,131,39,1.414111,39,0,0.0,,,,,,,,,0.0,0.0,0.0
-9.0,-35.0,2.11,0.247749,0.185746,347,157,64,1.441883,64,0,0.0,,,,,,,,,0.0,0.0,0.0
-9.0,-34.8,2.3,0.234564,0.177705,358,150,54,1.417307,54,0,0.0,,,,,,,,,0.0,0.0,0.0
-8.8,-35.0,1.96,0.253182,0.18851,355,158,66,1.461161,66,0,0.0,,,,,,,,,0.0,0.0,0.0
-8.8,-34.8,2.25,0.239019,0.180763,352,155,59,1.421714,59,0,0.0,,,,,,,,,0.0,0.0,0.0
-8.6,-34.8,2.19,0.242803,0.183494,358,158,65,1.436247,65,0,0.0,,,,,,,,,0.0,0.0,0.0
-8.6,-34.6,2.34,0.227725,0.172119,353,149,56,1.424191,56,0,0.0,,,,,,,,,0.0,0.0,0.0
-8.4,-34.8,1.97,0.246746,0.186156,354,162,68,1.448603,68,0,0.0,,,,,,,,,0.0,0.0,0.0
-8.4,-34.6,2.29,0.230696,0.174928,351,150,53,1.429391,53,0,0.0,,,,,,,,,0.0,0.0,0.0
-8.2,-34.8,2.08,0.250896,0.189144,354,159,68,1.464965,68,0,0.0,,,,,,,,,0.0,0.0,0.0
-8.2,-34.6,2.24,0.234331,0.177795,353,166,56,1.436222,56,0,0.0,,,,,,,,,0.0,0.0,0.0
-8.0,-34.8,1.93,0.253608,0.192247,363,170,63,1.481607,63,0,0.0,,,,,,,,,0.0,0.0,0.0
-8.0,-34.6,2.17,0.2373,0.180163,350,158,54,1.459484,54,0,0.0,,,,,,,,,0.0,0.0,0.0
-8.0,-34.4,2.35,0.220697,0.165682,360,159,51,1.445025,51,0,0.0,,,,,,,,,0.0,0.0,0.0
-7.8,-34.8,1.75,0.255866,0.19542,369,179,71,1.506723,71,0,0.0,,,,,,,,,0.0,0.0,0.0
-7.8,-34.6,2.03,0.238882,0.181605,366,159,57,1.478786,57,0,0.0,,,,,,,,,0.0,0.0,0.0
-7.8,-34.4,2.33,0.222162,0.167217,368,152,52,1.453005,52,0,0.0,,,,,,,,,0.0,0.0,0.0
-7.6,-34.8,1.4,0.256086,0.197335,391,185,73,1.57282,73,0,0.0,,,,,,,,,0.0,0.0,0.0
-7.6,-34.6,1.85,0.239966,0.182638,368,173,57,1.495883,57,0,0.0,,,,,,,,,0.0,0.0,0.0
-7.6,-34.4,2.31,0.222963,0.16802,375,157,49,1.457574,49,0,0.0,,,,,,,,,0.0,0.0,0.0
-7.4,-34.6,1.91,0.23826,0.181755,370,176,53,1.500972,53,0,0.0,,,,,,,,,0.0,0.0,0.0
-7.4,-34.4,2.3,0.220477,0.165867,375,157,55,1.462508,55,0,0.0,,,,,,,,,0.0,0.0,0.0
-7.2,-34.6,2.01,0.233535,0.178283,383,167,52,1.504667,52,0,0.0,,,,,,,,,0.0,0.0,0.0
-7.2,-34.4,2.3,0.215155,0.160614,375,165,59,1.468047,59,0,0.0,,,,,,,,,0.0,0.0,0.0
-7.0,-34.8,1.38,0.246393,0.191582,434,193,64,1.546305,64,0,0.0,,,,,,,,,0.0,0.0,0.0
-7.0,-34.6,2.11,0.230769,0.175794,377,167,51,1.490822,51,0,0.0,,,,,,,,,0.0,0.0,0.0
-7.0,-34.4,2.28,0.218573,0.163519,395,155,54,1.474373,54,0,0.0,,,,,,,,,0.0,0.0,0.0
-6.8,-34.8,1.43,0.240963,0.185733,417,185,55,1.525076,54,1,0.03,7.0,7.0,7.0,1.0,1.0,0.0493,0.0493,0.0493,0.0,0.0,0.0
-6.8,-34.6,2.19,0.225801,0.171232,367,162,51,1.483497,51,0,0.0,,,,,,,,,0.0,0.0,0.0
-6.6,-34.8,1.86,0.238273,0.182621,392,182,54,1.505313,53,1,0.03,7.0,7.0,7.0,1.0,1.0,0.0247,0.0247,0.0247,0.0171,0.0171,0.0171
-6.6,-34.6,2.21,0.22012,0.16577,372,172,56,1.486998,56,0,0.0,,,,,,,,,0.0,0.0,0.0
-6.4,-34.8,2.038,0.235984,0.180119,379,179,60,1.497272,59,1,0.03,21.0,21.0,21.0,1.0,1.0,0.1578,0.1578,0.1578,0.0247,0.0247,0.0247
-6.4,-34.6,2.27,0.219873,0.164893,382,159,52,1.491658,51,1,0.03,2.0,2.0,2.0,1.0,1.0,0.0123,0.0123,0.0123,0.0103,0.0103,0.0103
-6.2,-35.0,1.47,0.246394,0.190358,430,192,65,1.519458,64,1,0.03,9.0,9.0,9.0,1.0,1.0,0.0154,0.0154,0.0154,0.024,0.024,0.024
-6.2,-34.8,2.12,0.229019,0.174104,390,177,58,1.497613,57,1,0.03,4.0,4.0,4.0,1.0,1.0,0.0216,0.0216,0.0216,0.0205,0.0205,0.0205
-6.2,-34.6,2.3,0.21454,0.160037,388,161,53,1.496253,53,0,0.0,,,,,,,,,0.0,0.0,0.0
-6.0,-35.0,1.87,0.244453,0.188116,432,192,60,1.51699,59,1,0.03,7.0,7.0,7.0,1.0,1.0,0.0247,0.0247,0.0247,0.0308,0.0308,0.0308
-6.0,-34.8,2.18,0.227485,0.172533,393,170,57,1.50305,56,1,0.03,3.0,3.0,3.0,1.0,1.0,0.0216,0.0216,0.0216,0.024,0.024,0.024
-5.8,-35.0,1.9,0.240608,0.18435,408,196,62,1.509022,61,1,0.03,9.0,9.0,9.0,1.0,1.0,0.0407,0.0407,0.0407,0.0537,0.0537,0.0537
-5.8,-34.8,2.24,0.219906,0.165835,394,172,56,1.506931,55,1,0.03,4.0,4.0,4.0,1.0,1.0,0.0216,0.0216,0.0216,0.0308,0.0308,0.0308
-5.6,-35.0,2.03,0.235347,0.179823,404,186,63,1.513292,62,1,0.03,7.0,7.0,7.0,1.0,1.0,0.0456,0.0456,0.0456,0.0591,0.0591,0.0591
-5.6,-34.8,2.3,0.215567,0.162221,395,178,51,1.511965,51,0,0.0,,,,,,,,,0.0,0.0,0.0
-5.4,-35.2,2.01,0.240752,0.18726,431,180,57,1.60568,57,0,0.0,,,,,,,,,0.0,0.0,0.0
-5.4,-35.0,2.21,0.227595,0.173118,401,173,54,1.520551,53,1,0.03,4.0,4.0,4.0,1.0,1.0,0.044,0.044,0.044,0.0574,0.0574,0.0574
-5.4,-34.8,2.34,0.210494,0.157498,400,173,55,1.516327,55,0,0.0,,,,,,,,,0.0,0.0,0.0
-5.2,-35.4,1.87,0.223622,0.173969,422,178,48,1.73851,48,0,0.0,,,,,,,,,0.0,0.0,0.0
-5.2,-35.2,2.06,0.221416,0.169999,421,172,47,1.594263,47,0,0.0,,,,,,,,,0.0,0.0,0.0
-5.2,-35.0,2.27,0.218085,0.164647,416,173,55,1.530478,54,1,0.03,7.0,7.0,7.0,1.0,1.0,0.0432,0.0432,0.0432,0.0548,0.0548,0.0548
-5.0,-36.6,1.42,0.234444,0.180246,415,214,43,1.840329,43,0,0.0,,,,,,,,,0.0,0.0,0.0
-5.0,-36.2,1.36,0.221321,0.168888,410,218,42,1.97077,42,0,0.0,,,,,,,,,0.0,0.0,0.0
-5.0,-35.6,1.72,0.214166,0.164347,526,177,42,1.6972,42,0,0.0,,,,,,,,,0.0,0.0,0.0
-5.0,-35.4,1.93,0.210272,0.160162,493,174,48,1.64942,48,0,0.0,,,,,,,,,0.0,0.0,0.0
-5.0,-35.2,2.14,0.204157,0.15359,443,164,50,1.587488,50,0,0.0,,,,,,,,,0.0,0.0,0.0
-5.0,-35.0,2.29,0.186163,0.134739,420,163,46,1.545186,46,0,0.0,,,,,,,,,0.0,0.0,0.0
-4.8,-37.2,1.76,0.263642,0.20818,524,226,44,2.560722,44,0,0.0,,,,,,,,,0.0,0.0,0.0
-4.8,-37.0,1.79,0.248787,0.193824,526,220,36,1.806893,36,0,0.0,,,,,,,,,0.0,0.0,0.0
-4.8,-36.8,1.86,0.240327,0.186307,523,223,38,1.73733,38,0,0.0,,,,,,,,,0.0,0.0,0.0
-4.8,-36.6,1.9,0.233027,0.179867,491,227,40,1.683603,40,0,0.0,,,,,,,,,0.0,0.0,0.0
-4.8,-36.4,1.91,0.228019,0.175549,485,217,40,1.627938,40,0,0.0,,,,,,,,,0.0,0.0,0.0
-4.8,-36.2,1.91,0.223337,0.171709,499,213,40,1.615296,40,0,0.0,,,,,,,,,0.0,0.0,0.0
-4.8,-36.0,1.93,0.219111,0.167736,506,198,42,1.610028,42,0,0.0,,,,,,,,,0.0,0.0,0.0
-4.8,-35.8,1.98,0.21403,0.163059,506,190,44,1.612341,44,0,0.0,,,,,,,,,0.0,0.0,0.0
-4.8,-35.6,2.07,0.208027,0.157427,474,177,42,1.618963,42,0,0.0,,,,,,,,,0.0,0.0,0.0
-4.8,-35.4,2.17,0.203751,0.15305,449,169,46,1.603576,46,0,0.0,,,,,,,,,0.0,0.0,0.0
-4.6,-37.4,1.52,0.26357,0.208166,553,226,43,1.853448,43,0,0.0,,,,,,,,,0.0,0.0,0.0
-4.6,-37.2,1.93,0.251917,0.197244,529,228,37,1.780435,37,0,0.0,,,,,,,,,0.0,0.0,0.0
-4.6,-37.0,2.06,0.242439,0.188369,525,230,38,1.678176,38,0,0.0,,,,,,,,,0.0,0.0,0.0
-4.6,-36.8,2.09,0.236958,0.183296,514,222,34,1.631472,34,0,0.0,,,,,,,,,0.0,0.0,0.0
-4.6,-36.6,2.09,0.231878,0.178935,517,220,39,1.626712,39,0,0.0,,,,,,,,,0.0,0.0,0.0
-4.6,-36.0,2.12,0.215278,0.164376,477,202,40,1.61029,40,0,0.0,,,,,,,,,0.0,0.0,0.0
-4.4,-37.6,1.75,0.265067,0.210214,525,227,48,1.858766,48,0,0.0,,,,,,,,,0.0,0.0,0.0
-4.4,-37.4,2.0,0.25345,0.198773,537,232,49,1.779353,49,0,0.0,,,,,,,,,0.0,0.0,0.0
-4.4,-37.2,2.1,0.245987,0.191573,548,231,38,1.666838,38,0,0.0,,,,,,,,,0.0,0.0,0.0
-4.4,-37.0,2.15,0.239814,0.185897,535,240,38,1.636325,38,0,0.0,,,,,,,,,0.0,0.0,0.0
-4.2,-37.8,1.63,0.264082,0.209607,539,216,55,1.854103,54,1,0.03,17.0,17.0,17.0,1.0,1.0,0.0647,0.0647,0.0647,0.0,0.0,0.0
-4.2,-37.6,1.91,0.255074,0.200578,559,223,54,1.782573,54,0,0.0,,,,,,,,,0.0,0.0,0.0
-4.2,-37.4,2.14,0.247978,0.193629,538,223,49,1.690868,49,0,0.0,,,,,,,,,0.0,0.0,0.0
-4.2,-32.6,2.43,0.145451,0.093624,421,117,26,1.490892,26,0,0.0,,,,,,,,,0.0,0.0,0.0
-4.2,-32.4,2.41,0.143615,0.092195,410,131,30,1.48497,30,0,0.0,,,,,,,,,0.0,0.0,0.0
-4.2,-32.2,2.43,0.142424,0.090933,414,130,33,1.479976,33,0,0.0,,,,,,,,,0.0,0.0,0.0
-4.0,-38.0,1.71,0.261238,0.207565,546,206,61,1.836123,60,1,0.03,20.0,20.0,20.0,1.0,1.0,0.0709,0.0709,0.0709,0.0,0.0,0.0
-4.0,-37.8,1.87,0.25373,0.199599,557,212,55,1.772287,54,1,0.03,21.0,21.0,21.0,1.0,1.0,0.0617,0.0617,0.0617,0.0,0.0,0.0
-4.0,-37.6,2.11,0.247566,0.193576,553,214,53,1.693911,52,1,0.03,23.0,23.0,23.0,1.0,1.0,0.0647,0.0647,0.0647,0.0,0.0,0.0
-4.0,-32.8,2.44,0.142509,0.090554,437,116,29,1.500969,29,0,0.0,,,,,,,,,0.0,0.0,0.0
-4.0,-32.6,2.41,0.140678,0.088876,434,118,31,1.493792,31,0,0.0,,,,,,,,,0.0,0.0,0.0
-4.0,-32.4,2.39,0.138847,0.08732,403,120,33,1.487338,33,0,0.0,,,,,,,,,0.0,0.0,0.0
-4.0,-32.2,2.42,0.137883,0.086454,419,124,36,1.482734,36,0,0.0,,,,,,,,,0.0,0.0,0.0
-4.0,-32.0,2.44,0.136418,0.085138,444,128,41,1.477778,41,0,0.0,,,,,,,,,0.0,0.0,0.0
-3.8,-38.2,1.77,0.253524,0.200718,541,188,52,1.806007,51,1,0.03,30.0,30.0,30.0,1.0,1.0,0.074,0.074,0.074,0.0,0.0,0.0
-3.8,-38.0,1.95,0.25041,0.196824,556,203,53,1.755204,52,1,0.03,29.0,29.0,29.0,1.0,1.0,0.0809,0.0809,0.0809,0.0026,0.0026,0.0026
-3.8,-32.8,2.35,0.138156,0.086276,446,126,34,1.505154,34,0,0.0,,,,,,,,,0.0,0.0,0.0
-3.8,-32.6,2.26,0.136757,0.084839,457,131,42,1.501549,42,0,0.0,,,,,,,,,0.0,0.0,0.0
-3.8,-32.4,2.23,0.134885,0.083149,471,141,45,1.497121,45,0,0.0,,,,,,,,,0.0,0.0,0.0
-3.8,-32.2,2.4,0.134108,0.082305,432,143,39,1.486614,39,0,0.0,,,,,,,,,0.0,0.0,0.0
-3.8,-32.0,2.43,0.132267,0.080699,446,144,41,1.481335,41,0,0.0,,,,,,,,,0.0,0.0,0.0
-3.6,-38.6,1.62,0.252108,0.199525,547,180,52,1.784805,52,0,0.0,,,,,,,,,0.0,0.0,0.0
-3.6,-38.4,1.81,0.243862,0.19141,554,179,51,1.769613,51,0,0.0,,,,,,,,,0.0,0.0,0.0
-3.6,-38.2,1.98,0.240195,0.187527,535,181,55,1.730015,55,0,0.0,,,,,,,,,0.0,0.0,0.0
-3.6,-38.0,2.08,0.238716,0.185679,541,181,50,1.678095,50,0,0.0,,,,,,,,,0.0,0.0,0.0
-3.6,-32.8,2.34,0.133908,0.081873,456,143,38,1.508328,38,0,0.0,,,,,,,,,0.0,0.0,0.0
-3.6,-32.6,2.28,0.132875,0.08054,463,138,44,1.503295,44,0,0.0,,,,,,,,,0.0,0.0,0.0
-3.6,-32.4,2.25,0.131779,0.079109,457,138,42,1.497304,42,0,0.0,,,,,,,,,0.0,0.0,0.0
-3.6,-32.2,2.35,0.13007,0.07764,441,141,41,1.490777,41,0,0.0,,,,,,,,,0.0,0.0,0.0
-3.6,-32.0,2.42,0.128727,0.076329,442,144,41,1.484888,41,0,0.0,,,,,,,,,0.0,0.0,0.0
-3.4,-38.8,1.79,0.249709,0.196521,563,178,57,1.759959,57,0,0.0,,,,,,,,,0.0,0.0,0.0
-3.4,-38.6,1.93,0.240606,0.18748,540,177,52,1.73782,52,0,0.0,,,,,,,,,0.0,0.0,0.0
-3.4,-38.4,2.04,0.235771,0.182701,539,178,57,1.707105,57,0,0.0,,,,,,,,,0.0,0.0,0.0
-3.4,-38.2,2.12,0.229275,0.176086,533,181,52,1.671651,52,0,0.0,,,,,,,,,0.0,0.0,0.0
-3.4,-32.4,2.3,0.1284,0.074882,447,139,43,1.499928,43,0,0.0,,,,,,,,,0.0,0.0,0.0
-3.2,-39.2,1.5,0.253238,0.199455,560,175,63,1.774932,63,0,0.0,,,,,,,,,0.0,0.0,0.0
-3.2,-39.0,1.83,0.246834,0.192811,542,180,56,1.737566,56,0,0.0,,,,,,,,,0.0,0.0,0.0
-3.2,-38.8,2.02,0.239775,0.185921,526,181,58,1.704213,58,0,0.0,,,,,,,,,0.0,0.0,0.0
-3.2,-38.6,2.12,0.23283,0.1795,526,181,51,1.666362,51,0,0.0,,,,,,,,,0.0,0.0,0.0
-3.0,-39.4,1.68,0.24731,0.192986,563,179,59,1.803254,59,0,0.0,,,,,,,,,0.0,0.0,0.0
-3.0,-39.2,1.9,0.240901,0.186744,538,174,54,1.733309,54,0,0.0,,,,,,,,,0.0,0.0,0.0
-3.0,-39.0,2.07,0.235298,0.180912,559,175,54,1.680708,53,1,0.03,29.0,29.0,29.0,1.0,1.0,0.1034,0.1034,0.1034,0.0263,0.0263,0.0263
-3.0,-38.8,2.14,0.232477,0.177409,534,180,57,1.646006,57,0,0.0,,,,,,,,,0.0,0.0,0.0
-2.8,-41.6,1.03,0.251285,0.1873,558,129,55,2.004612,55,0,0.0,,,,,,,,,0.0,0.0,0.0
-2.8,-41.4,1.17,0.240449,0.177714,503,130,47,2.015229,47,0,0.0,,,,,,,,,0.0,0.0,0.0
-2.8,-41.2,1.45,0.234543,0.172727,486,130,35,2.013555,35,0,0.0,,,,,,,,,0.0,0.0,0.0
-2.8,-41.0,1.39,0.230451,0.16873,486,129,28,2.007533,28,0,0.0,,,,,,,,,0.0,0.0,0.0
-2.8,-40.8,1.3,0.225507,0.164066,477,136,29,1.997641,29,0,0.0,,,,,,,,,0.0,0.0,0.0
-2.8,-40.6,1.29,0.219392,0.158599,484,135,30,1.984487,30,0,0.0,,,,,,,,,0.0,0.0,0.0
-2.8,-40.4,1.44,0.216093,0.155817,485,135,33,1.956,33,0,0.0,,,,,,,,,0.0,0.0,0.0
-2.8,-40.2,1.58,0.213964,0.15461,460,141,29,1.943465,29,0,0.0,,,,,,,,,0.0,0.0,0.0
-2.8,-40.0,1.67,0.216364,0.158541,487,140,33,1.948853,33,0,0.0,,,,,,,,,0.0,0.0,0.0
-2.8,-39.8,1.79,0.232234,0.175583,503,146,48,1.899586,48,0,0.0,,,,,,,,,0.0,0.0,0.0
-2.8,-39.6,1.9,0.238247,0.182589,525,157,57,1.832702,56,1,0.03,35.0,35.0,35.0,1.0,1.0,0.1342,0.1342,0.1342,0.0426,0.0426,0.0426
-2.8,-39.4,1.99,0.235351,0.180401,540,160,54,1.764647,54,0,0.0,,,,,,,,,0.0,0.0,0.0
-2.8,-39.2,2.1,0.232619,0.177443,546,164,51,1.691989,50,1,0.03,35.0,35.0,35.0,1.0,1.0,0.1495,0.1495,0.1495,0.0392,0.0392,0.0392
-2.6,-42.4,1.49,0.266563,0.200274,526,147,64,1.975753,63,1,0.03,26.0,26.0,26.0,1.0,1.0,0.1137,0.1137,0.1137,0.0112,0.0112,0.0112
-2.6,-42.2,1.45,0.256585,0.191351,538,148,53,1.951352,52,1,0.03,35.0,35.0,35.0,1.0,1.0,0.0832,0.0832,0.0832,0.0,0.0,0.0
-2.6,-42.0,1.43,0.250618,0.186399,535,142,48,1.930328,48,0,0.0,,,,,,,,,0.0,0.0,0.0
-2.6,-41.8,1.45,0.247517,0.1837,530,139,50,1.928852,50,0,0.0,,,,,,,,,0.0,0.0,0.0
-2.6,-41.6,1.66,0.241326,0.177417,517,133,48,1.934676,48,0,0.0,,,,,,,,,0.0,0.0,0.0
-2.6,-41.4,1.46,0.234943,0.172047,528,131,48,1.938719,48,0,0.0,,,,,,,,,0.0,0.0,0.0
-2.6,-41.2,1.85,0.228535,0.16665,464,130,38,1.937048,38,0,0.0,,,,,,,,,0.0,0.0,0.0
-2.6,-41.0,1.74,0.225898,0.164323,487,135,44,1.940247,44,0,0.0,,,,,,,,,0.0,0.0,0.0
-2.6,-40.8,1.62,0.220583,0.159809,482,134,38,1.934839,38,0,0.0,,,,,,,,,0.0,0.0,0.0
-2.6,-40.6,1.94,0.216765,0.156351,445,135,38,1.928443,38,0,0.0,,,,,,,,,0.0,0.0,0.0
-2.6,-40.4,1.97,0.211921,0.152241,453,143,35,1.917338,35,0,0.0,,,,,,,,,0.0,0.0,0.0
-2.6,-40.2,1.98,0.209973,0.150663,480,146,34,1.902774,34,0,0.0,,,,,,,,,0.0,0.0,0.0
-2.6,-40.0,1.97,0.209284,0.150463,507,147,40,1.87312,40,0,0.0,,,,,,,,,0.0,0.0,0.0
-2.6,-39.8,1.99,0.214602,0.156695,511,137,41,1.825626,40,1,0.03,38.0,38.0,38.0,1.0,1.0,0.1414,0.1414,0.1414,0.0535,0.0535,0.0535
-2.6,-39.6,2.04,0.225319,0.168318,528,147,53,1.768004,53,0,0.0,,,,,,,,,0.0,0.0,0.0
-2.4,-44.2,0.82,0.322811,0.251024,613,193,100,2.614275,97,3,0.09,9.33,22.7,25.0,1.33,1.9,0.1115,0.2282,0.244,0.1358,0.2784,0.2978
-2.4,-44.0,1.05,0.308298,0.238117,617,179,86,3.150891,84,2,0.06,9.0,15.3,16.0,1.0,1.0,0.1194,0.1795,0.1862,0.0979,0.126,0.1292
-2.4,-43.0,1.39,0.278329,0.211204,526,173,74,2.001206,73,1,0.03,34.0,34.0,34.0,1.0,1.0,0.1552,0.1552,0.1552,0.0524,0.0524,0.0524
-2.4,-42.8,1.7,0.269671,0.203345,508,171,73,1.955848,72,1,0.03,29.0,29.0,29.0,1.0,1.0,0.13,0.13,0.13,0.0321,0.0321,0.0321
-2.4,-42.6,1.82,0.262027,0.19587,512,159,63,1.913208,62,1,0.03,32.0,32.0,32.0,1.0,1.0,0.1254,0.1254,0.1254,0.0207,0.0207,0.0207
-2.4,-42.4,2.07,0.255493,0.189279,492,157,57,1.879237,56,1,0.03,36.0,36.0,36.0,1.0,1.0,0.1202,0.1202,0.1202,0.0377,0.0377,0.0377
-2.4,-42.2,2.08,0.248687,0.183461,516,156,59,1.852244,58,1,0.03,39.0,39.0,39.0,1.0,1.0,0.1202,0.1202,0.1202,0.0479,0.0479,0.0479
-2.4,-42.0,2.08,0.242964,0.178611,512,150,53,1.827438,53,0,0.0,,,,,,,,,0.0,0.0,0.0
-2.4,-41.8,2.1,0.239214,0.175131,499,152,51,1.811669,51,0,0.0,,,,,,,,,0.0,0.0,0.0
-2.4,-41.6,2.13,0.234678,0.170912,481,144,44,1.800203,44,0,0.0,,,,,,,,,0.0,0.0,0.0
-2.4,-40.8,2.16,0.217101,0.155964,447,134,36,1.826859,36,0,0.0,,,,,,,,,0.0,0.0,0.0
-2.4,-40.6,2.13,0.213713,0.152924,443,134,39,1.813602,39,0,0.0,,,,,,,,,0.0,0.0,0.0
-2.4,-40.4,2.12,0.210094,0.149721,459,140,34,1.802334,34,0,0.0,,,,,,,,,0.0,0.0,0.0
-2.4,-40.2,2.12,0.205341,0.145641,491,142,37,1.78946,37,0,0.0,,,,,,,,,0.0,0.0,0.0
-2.4,-40.0,2.12,0.203375,0.143374,524,145,43,1.769113,43,0,0.0,,,,,,,,,0.0,0.0,0.0
-2.2,-44.2,1.42,0.312313,0.242157,580,199,103,2.693342,101,2,0.06,14.5,25.75,27.0,1.0,1.0,0.1706,0.2619,0.2721,0.1362,0.1833,0.1886
-2.2,-44.0,1.66,0.299374,0.229476,580,186,94,2.664917,93,1,0.03,22.0,22.0,22.0,1.0,1.0,0.2526,0.2526,0.2526,0.1453,0.1453,0.1453
-2.2,-43.8,1.7,0.28952,0.221467,572,168,84,2.623215,83,1,0.03,34.0,34.0,34.0,1.0,1.0,0.2071,0.2071,0.2071,0.0936,0.0936,0.0936
-2.2,-43.6,1.78,0.28255,0.215362,548,164,75,2.320195,75,0,0.0,,,,,,,,,0.0,0.0,0.0
-2.2,-43.4,1.88,0.276405,0.209738,532,155,65,2.197052,64,1,0.03,31.0,31.0,31.0,1.0,1.0,0.2013,0.2013,0.2013,0.0633,0.0633,0.0633
-2.2,-43.2,2.0,0.27048,0.204223,543,163,66,2.034414,65,1,0.03,36.0,36.0,36.0,2.0,2.0,0.2629,0.2629,0.2629,0.1688,0.1688,0.1688
-2.2,-43.0,2.0,0.264034,0.198098,526,164,68,1.929457,67,1,0.03,39.0,39.0,39.0,2.0,2.0,0.2296,0.2296,0.2296,0.1683,0.1683,0.1683
-2.2,-42.8,2.07,0.25816,0.192179,518,160,65,1.845262,64,1,0.03,40.0,40.0,40.0,2.0,2.0,0.2395,0.2395,0.2395,0.1789,0.1789,0.1789
-2.2,-42.6,2.16,0.252327,0.186508,516,161,57,1.783193,56,1,0.03,41.0,41.0,41.0,2.0,2.0,0.2182,0.2182,0.2182,0.1378,0.1378,0.1378
-2.0,-44.4,1.05,0.324692,0.252914,615,237,136,2.759919,133,3,0.09,12.0,29.0,32.0,1.33,1.9,0.1186,0.2376,0.2571,0.1471,0.2938,0.3181
-2.0,-44.2,1.58,0.304075,0.234063,573,198,105,2.703656,104,1,0.03,35.0,35.0,35.0,2.0,2.0,0.2591,0.2591,0.2591,0.2721,0.2721,0.2721
-2.0,-44.0,1.83,0.292367,0.222854,562,182,92,2.60369,91,1,0.03,49.0,49.0,49.0,2.0,2.0,0.2726,0.2726,0.2726,0.2285,0.2285,0.2285
-2.0,-43.8,1.92,0.283211,0.21484,550,163,81,2.45852,80,1,0.03,49.0,49.0,49.0,2.0,2.0,0.2909,0.2909,0.2909,0.202,0.202,0.202
-2.0,-43.6,1.99,0.276303,0.208626,541,151,68,2.261335,67,1,0.03,46.0,46.0,46.0,2.0,2.0,0.328,0.328,0.328,0.2236,0.2236,0.2236
-2.0,-43.4,2.09,0.270076,0.202888,540,155,62,2.084741,61,1,0.03,41.0,41.0,41.0,2.0,2.0,0.3076,0.3076,0.3076,0.2253,0.2253,0.2253
-2.0,-43.2,2.12,0.264596,0.197471,531,158,63,1.924317,62,1,0.03,40.0,40.0,40.0,2.0,2.0,0.2798,0.2798,0.2798,0.2247,0.2247,0.2247
-2.0,-43.0,2.15,0.259102,0.192215,525,162,65,1.81563,64,1,0.03,42.0,42.0,42.0,2.0,2.0,0.2701,0.2701,0.2701,0.223,0.223,0.223
-1.8,-44.4,1.13,0.308835,0.238774,665,212,126,2.786406,125,1,0.03,32.0,32.0,32.0,2.0,2.0,0.2239,0.2239,0.2239,0.2333,0.2333,0.2333
-1.8,-44.2,1.71,0.295949,0.226238,583,183,102,2.659747,101,1,0.03,36.0,36.0,36.0,2.0,2.0,0.2469,0.2469,0.2469,0.2038,0.2038,0.2038
-1.6,-44.6,0.92,0.293217,0.224869,742,210,126,2.888404,125,1,0.03,41.0,41.0,41.0,2.0,2.0,0.2143,0.2143,0.2143,0.1636,0.1636,0.1636
-1.6,-44.4,1.2,0.287828,0.219024,715,187,104,2.736742,103,1,0.03,41.0,41.0,41.0,2.0,2.0,0.2098,0.2098,0.2098,0.1823,0.1823,0.1823
-1.6,-44.2,1.72,0.284091,0.214992,633,174,92,2.558309,90,2,0.06,27.0,45.9,48.0,1.5,1.95,0.2151,0.2818,0.2892,0.1179,0.2053,0.215
-1.4,-48.6,0.2,0.422303,0.328597,572,334,112,3.063851,111,1,0.03,13.0,13.0,13.0,1.0,1.0,0.0421,0.0421,0.0421,0.0399,0.0399,0.0399
-1.4,-45.2,0.94,0.26268,0.196257,729,156,77,4.057414,77,0,0.0,,,,,,,,,0.0,0.0,0.0
-1.4,-45.0,0.95,0.256038,0.189715,695,152,81,4.085818,81,0,0.0,,,,,,,,,0.0,0.0,0.0
-1.4,-44.8,1.1,0.251337,0.185901,765,152,78,2.990314,77,1,0.03,40.0,40.0,40.0,2.0,2.0,0.1832,0.1832,0.1832,0.1169,0.1169,0.1169
-1.4,-44.6,1.14,0.25635,0.190229,769,153,75,2.763478,74,1,0.03,46.0,46.0,46.0,2.0,2.0,0.1911,0.1911,0.1911,0.0795,0.0795,0.0795
-1.4,-44.4,1.51,0.265953,0.199139,687,162,88,2.615062,86,2,0.06,26.5,42.25,44.0,1.0,1.0,0.1931,0.2619,0.2695,0.0834,0.1364,0.1423
-1.2,-48.6,0.29,0.417965,0.325633,461,330,88,2.93269,87,1,0.03,5.0,5.0,5.0,1.0,1.0,0.104,0.104,0.104,0.0661,0.0661,0.0661
-1.2,-45.6,1.04,0.257562,0.188484,762,151,68,4.560236,68,0,0.0,,,,,,,,,0.0,0.0,0.0
-1.2,-45.4,1.5,0.256086,0.18836,692,146,71,2.918687,70,1,0.03,30.0,30.0,30.0,1.0,1.0,0.1808,0.1808,0.1808,0.0683,0.0683,0.0683
-1.2,-45.2,1.49,0.25151,0.183768,685,147,75,2.954317,74,1,0.03,38.0,38.0,38.0,2.0,2.0,0.2017,0.2017,0.2017,0.1147,0.1147,0.1147
-1.2,-45.0,1.48,0.24554,0.177306,697,146,72,2.84069,71,1,0.03,43.0,43.0,43.0,1.0,1.0,0.2549,0.2549,0.2549,0.0899,0.0899,0.0899
-1.2,-44.8,1.65,0.241658,0.174952,649,140,64,2.736868,63,1,0.03,44.0,44.0,44.0,1.0,1.0,0.2831,0.2831,0.2831,0.1207,0.1207,0.1207
-1.2,-44.6,1.67,0.244229,0.177657,654,142,66,2.608679,64,2,0.06,33.5,46.55,48.0,1.0,1.0,0.2214,0.2815,0.2882,0.0774,0.1362,0.1427
-1.0,-48.4,0.54,0.401977,0.308084,480,282,69,3.092678,67,2,0.06,2.5,3.85,4.0,1.5,1.95,0.0618,0.0907,0.0939,0.0747,0.1055,0.1089
-1.0,-46.0,1.2,0.252693,0.182353,781,135,53,3.031009,52,1,0.03,32.0,32.0,32.0,1.0,1.0,0.1301,0.1301,0.1301,0.0591,0.0591,0.0591
-1.0,-45.8,1.41,0.247871,0.178646,762,134,57,2.968626,56,1,0.03,29.0,29.0,29.0,1.0,1.0,0.1266,0.1266,0.1266,0.0561,0.0561,0.0561
-1.0,-45.6,1.56,0.2425,0.17422,731,136,57,2.928292,56,1,0.03,26.0,26.0,26.0,1.0,1.0,0.1418,0.1418,0.1418,0.0445,0.0445,0.0445
-1.0,-45.4,1.65,0.2378,0.169282,734,129,53,2.860276,53,0,0.0,,,,,,,,,0.0,0.0,0.0
-1.0,-45.2,1.62,0.23614,0.167455,664,137,60,2.797509,59,1,0.03,41.0,41.0,41.0,1.0,1.0,0.2591,0.2591,0.2591,0.0904,0.0904,0.0904
-1.0,-45.0,1.61,0.236213,0.167379,675,140,64,2.715078,63,1,0.03,44.0,44.0,44.0,1.0,1.0,0.3043,0.3043,0.3043,0.1296,0.1296,0.1296
-1.0,-44.8,1.62,0.23426,0.166292,675,140,58,2.588355,57,1,0.03,46.0,46.0,46.0,1.0,1.0,0.3297,0.3297,0.3297,0.1504,0.1504,0.1504
-1.0,-44.6,1.63,0.232917,0.16552,649,134,55,2.451983,54,1,0.03,47.0,47.0,47.0,2.0,2.0,0.3324,0.3324,0.3324,0.2456,0.2456,0.2456
-0.8,-48.4,0.72,0.395466,0.302229,544,283,81,3.195137,80,1,0.03,4.0,4.0,4.0,1.0,1.0,0.1379,0.1379,0.1379,0.158,0.158,0.158
-0.8,-48.2,0.61,0.381385,0.2845,572,241,86,3.260997,84,2,0.06,6.5,8.75,9.0,1.0,1.0,0.0972,0.1652,0.1728,0.1009,0.1873,0.1968
-0.8,-46.6,1.3,0.265004,0.189535,751,148,68,3.11249,67,1,0.03,10.0,10.0,10.0,1.0,1.0,0.103,0.103,0.103,0.1079,0.1079,0.1079
-0.8,-46.4,1.37,0.252666,0.179902,755,134,54,3.022545,51,3,0.09,7.67,11.7,12.0,1.0,1.0,0.1502,0.2797,0.3005,0.0857,0.1136,0.1141
-0.8,-46.2,1.23,0.244168,0.17353,807,130,54,2.966771,53,1,0.03,31.0,31.0,31.0,1.0,1.0,0.1252,0.1252,0.1252,0.0202,0.0202,0.0202
-0.8,-46.0,1.41,0.239387,0.16916,770,121,51,2.918617,50,1,0.03,30.0,30.0,30.0,1.0,1.0,0.1127,0.1127,0.1127,0.0477,0.0477,0.0477
-0.8,-45.8,1.54,0.234074,0.164391,747,127,55,2.858238,53,2,0.06,15.0,27.6,29.0,1.0,1.0,0.0539,0.1025,0.1079,0.0257,0.0488,0.0514
-0.8,-45.6,1.6,0.230229,0.160677,732,124,50,2.774863,50,0,0.0,,,,,,,,,0.0,0.0,0.0
-0.8,-45.4,1.6,0.228322,0.158807,720,119,50,2.70845,50,0,0.0,,,,,,,,,0.0,0.0,0.0
-0.6,-48.4,0.91,0.384833,0.293061,584,271,83,3.257537,83,0,0.0,,,,,,,,,0.0,0.0,0.0
-0.6,-48.2,0.938,0.369094,0.267368,598,214,86,3.184237,84,2,0.06,6.5,7.85,8.0,1.0,1.0,0.1012,0.1105,0.1115,0.1085,0.1297,0.1321
-0.6,-48.0,0.78,0.348338,0.244063,656,186,85,3.23461,84,1,0.03,3.0,3.0,3.0,2.0,2.0,0.09,0.09,0.09,0.1057,0.1057,0.1057
-0.6,-47.2,1.13,0.281838,0.197097,712,129,69,2.959708,67,2,0.06,14.5,20.35,21.0,2.0,2.9,0.171,0.1774,0.1781,0.1251,0.1553,0.1587
-0.6,-47.0,1.49,0.268123,0.185737,598,136,64,2.972664,60,4,0.12,12.0,19.8,21.0,1.5,2.7,0.2021,0.3284,0.3509,0.1348,0.1855,0.187
-0.6,-46.8,1.54,0.25583,0.177755,652,132,63,2.976737,60,3,0.09,9.0,12.0,12.0,1.0,1.0,0.2094,0.3489,0.3668,0.1246,0.1729,0.1744
-0.6,-46.6,1.52,0.247269,0.172401,733,133,59,2.950558,56,3,0.09,7.67,10.9,11.0,1.0,1.0,0.1734,0.3142,0.3345,0.1083,0.1398,0.1403
-0.6,-46.4,1.54,0.23987,0.167372,745,127,48,2.905302,44,4,0.12,10.75,19.5,21.0,1.0,1.0,0.1271,0.2648,0.2925,0.0542,0.1041,0.1062
-0.6,-46.2,1.51,0.234561,0.162845,782,124,53,2.835536,52,1,0.03,27.0,27.0,27.0,1.0,1.0,0.1381,0.1381,0.1381,0.0514,0.0514,0.0514
-0.6,-46.0,1.51,0.230952,0.159449,795,121,59,2.771571,58,1,0.03,28.0,28.0,28.0,1.0,1.0,0.117,0.117,0.117,0.0596,0.0596,0.0596
-0.4,-48.2,1.08,0.353369,0.25183,663,183,74,2.960708,73,1,0.03,2.0,2.0,2.0,1.0,1.0,0.0622,0.0622,0.0622,0.0749,0.0749,0.0749
-0.4,-48.0,1.23,0.331761,0.231063,643,155,69,2.72851,64,5,0.15,6.4,11.4,12.0,1.6,2.0,0.0952,0.1438,0.146,0.0694,0.1442,0.155
-0.4,-47.8,1.37,0.314042,0.215824,622,139,73,2.774426,66,7,0.21,9.0,20.2,22.0,1.29,2.0,0.1509,0.2731,0.3215,0.1205,0.1774,0.1885
-0.4,-47.6,1.47,0.296753,0.203116,617,124,70,2.835506,64,6,0.18,10.67,21.5,22.0,1.17,1.75,0.1626,0.2717,0.299,0.1128,0.2182,0.2439
-0.4,-47.4,1.57,0.280379,0.191846,572,120,63,2.847995,57,6,0.18,12.0,24.25,25.0,1.67,3.0,0.1669,0.2389,0.239,0.1328,0.2598,0.296
-0.4,-47.2,1.61,0.266681,0.182594,558,126,61,2.870207,56,5,0.15,11.6,21.8,23.0,1.8,3.6,0.2052,0.3096,0.3265,0.1749,0.2444,0.2489
-0.4,-47.0,1.63,0.254573,0.174204,593,125,58,2.866034,53,5,0.15,10.6,19.4,21.0,1.4,2.6,0.1946,0.3353,0.3662,0.151,0.2151,0.2238
-0.4,-46.8,1.6,0.244735,0.167724,642,115,55,2.847996,51,4,0.12,8.0,13.0,13.0,1.25,1.85,0.1841,0.344,0.3704,0.1345,0.1777,0.1787
-0.4,-46.6,1.53,0.238528,0.164082,699,122,59,2.81404,56,3,0.09,9.33,13.7,14.0,1.33,1.9,0.1738,0.3121,0.3324,0.1116,0.1334,0.1353
-0.2,-49.6,0.31,0.476692,0.370453,573,406,120,2.594349,117,3,0.09,8.67,12.0,12.0,2.0,2.9,0.1291,0.1514,0.1547,0.1859,0.2205,0.2232
-0.2,-48.4,0.85,0.364241,0.259119,701,188,75,2.767483,71,4,0.12,7.0,11.7,12.0,1.0,1.0,0.1092,0.1703,0.1765,0.0794,0.1479,0.1539
-0.2,-48.2,1.0,0.342301,0.238683,680,151,72,2.667735,66,6,0.18,6.67,15.25,16.0,1.5,2.75,0.072,0.1364,0.1441,0.0917,0.2103,0.2193
-0.2,-48.0,1.37,0.319333,0.221328,621,146,71,2.708041,65,6,0.18,6.5,16.25,18.0,1.5,2.0,0.1066,0.1311,0.1312,0.1233,0.1466,0.1506
-0.2,-47.8,1.54,0.300208,0.206332,585,136,76,2.748529,69,7,0.21,9.29,20.6,23.0,1.29,2.4,0.1407,0.2709,0.3218,0.0995,0.1763,0.179
-0.2,-47.6,1.6,0.283073,0.193605,576,123,66,2.760031,59,7,0.21,9.57,21.8,23.0,1.29,2.0,0.1532,0.2807,0.31,0.0998,0.2001,0.2261
-0.2,-47.4,1.68,0.268252,0.183301,567,121,59,2.768685,53,6,0.18,12.17,24.25,25.0,1.83,3.5,0.1776,0.2745,0.2871,0.1464,0.2499,0.2581
-0.2,-47.2,1.72,0.256556,0.175094,539,135,62,2.76283,57,5,0.15,11.8,23.0,25.0,1.8,3.6,0.1944,0.3211,0.3432,0.18,0.2633,0.2711
-0.0,-50.4,0.24,0.532853,0.422092,643,522,218,2.19094,209,9,0.27,9.0,18.6,19.0,1.33,2.0,0.0929,0.176,0.1929,0.1093,0.2588,0.2963
-0.0,-50.2,0.21,0.517411,0.409617,588,495,171,2.009903,164,7,0.21,5.0,7.7,8.0,1.57,2.7,0.0896,0.1895,0.2034,0.1246,0.2117,0.2171
-0.0,-50.0,0.24,0.500809,0.395767,565,469,150,2.026225,143,7,0.21,4.71,9.8,11.0,1.43,2.0,0.0576,0.1607,0.1984,0.0733,0.2104,0.2639
-0.0,-49.2,0.77,0.433487,0.326816,641,328,164,2.970676,157,7,0.21,2.14,3.7,4.0,1.0,1.0,0.062,0.1111,0.1164,0.0667,0.1134,0.1164
-0.0,-49.0,0.79,0.411084,0.304028,720,289,146,2.638095,138,8,0.24,3.25,8.25,10.0,1.12,1.65,0.0715,0.1401,0.1407,0.0859,0.1599,0.1613
-0.0,-48.8,0.82,0.392162,0.284761,737,243,118,2.498322,111,7,0.21,5.86,17.3,20.0,1.29,2.0,0.0829,0.1682,0.1926,0.1006,0.1927,0.2161
-0.0,-48.6,0.9,0.374585,0.266646,716,205,100,2.464769,92,8,0.24,7.0,18.5,22.0,1.25,2.3,0.0844,0.1479,0.1506,0.0943,0.1969,0.2108
-0.0,-48.4,1.07,0.353879,0.246931,667,168,82,2.456981,76,6,0.18,10.83,22.5,25.0,1.5,2.75,0.1338,0.2379,0.2413,0.124,0.178,0.1803
-0.0,-48.2,1.35,0.329955,0.227705,610,148,79,2.458865,68,11,0.33,7.27,20.5,24.0,1.55,3.0,0.1196,0.2544,0.2611,0.1154,0.245,0.246
0.2,-50.6,0.37,0.54469,0.431991,488,543,191,2.878966,183,8,0.24,3.5,6.95,8.0,1.38,2.0,0.0742,0.1498,0.1523,0.0907,0.2225,0.264
0.2,-49.6,0.65,0.457478,0.355506,631,402,196,3.52509,191,5,0.15,3.2,4.0,4.0,1.2,1.8,0.0576,0.1565,0.1801,0.0988,0.3009,0.3593
0.2,-49.4,0.94,0.438038,0.334045,616,347,182,3.404997,181,1,0.03,2.0,2.0,2.0,1.0,1.0,0.0688,0.0688,0.0688,0.082,0.082,0.082
0.2,-49.2,1.23,0.417197,0.313647,599,307,149,2.886956,147,2,0.06,2.0,2.9,3.0,1.0,1.0,0.0145,0.0247,0.0258,0.008,0.0152,0.016
0.2,-49.0,1.18,0.398755,0.294285,623,272,135,2.641126,129,6,0.18,5.33,16.5,20.0,1.0,1.0,0.1,0.2063,0.2473,0.0907,0.2321,0.2816
0.2,-48.8,1.18,0.381519,0.276251,634,233,113,2.370161,107,6,0.18,7.33,19.5,22.0,1.67,2.0,0.1154,0.2502,0.2713,0.1323,0.2782,0.3037
0.2,-48.6,1.33,0.363564,0.258098,600,200,103,2.219122,95,8,0.24,7.5,21.15,25.0,1.25,2.0,0.1374,0.1931,0.1952,0.1263,0.2134,0.2151
0.4,-50.0,0.59,0.489395,0.387932,648,465,217,3.331347,214,3,0.09,4.33,5.9,6.0,1.33,1.9,0.1063,0.1969,0.2117,0.1337,0.2654,0.2872
0.4,-49.8,0.71,0.4717,0.369455,608,434,210,3.806559,207,3,0.09,5.33,7.9,8.0,1.67,2.0,0.0538,0.1177,0.127,0.1064,0.2328,0.2511
0.4,-49.6,0.91,0.447104,0.346721,591,391,200,4.162305,197,3,0.09,1.67,2.8,3.0,1.0,1.0,0.1767,0.4528,0.5,0.1681,0.4504,0.5
0.4,-49.4,1.36,0.422996,0.322012,548,333,165,3.250249,163,2,0.06,1.0,1.0,1.0,1.0,1.0,0.2471,0.4333,0.454,0.2778,0.488,0.5114
0.4,-49.2,1.41,0.404161,0.303104,549,294,140,2.800498,139,1,0.03,1.0,1.0,1.0,1.0,1.0,0.3419,0.3419,0.3419,0.388,0.388,0.388
0.4,-29.4,2.3,0.112547,0.046954,492,117,37,1.419356,37,0,0.0,,,,,,,,,0.0,0.0,0.0
0.6,-50.4,0.37,0.523436,0.416202,607,522,265,3.234794,261,4,0.12,6.0,13.5,15.0,1.25,1.85,0.0751,0.1544,0.1657,0.0927,0.1614,0.1631
0.6,-50.2,0.62,0.505011,0.402265,654,512,260,3.51504,254,6,0.18,4.5,11.5,14.0,1.33,2.5,0.0449,0.1003,0.1116,0.0425,0.1006,0.1138
0.6,-50.0,1.03,0.482803,0.383787,611,478,237,3.696011,235,2,0.06,9.5,13.55,14.0,1.5,1.95,0.1296,0.1304,0.1304,0.0959,0.1166,0.1189
0.6,-49.8,1.19,0.460312,0.362689,588,437,222,3.892893,218,4,0.12,4.5,10.65,12.0,1.0,1.0,0.1752,0.4938,0.5655,0.153,0.4897,0.5709
0.6,-49.6,1.31,0.43382,0.336519,557,380,190,3.777912,189,1,0.03,1.0,1.0,1.0,1.0,1.0,0.0395,0.0395,0.0395,0.0406,0.0406,0.0406
0.6,-49.4,1.42,0.41093,0.312836,554,325,155,3.036217,153,2,0.06,2.0,2.9,3.0,1.0,1.0,0.3251,0.5565,0.5823,0.3401,0.5762,0.6024
0.6,-49.2,1.47,0.394217,0.295542,537,290,137,2.584148,133,4,0.12,4.25,6.85,7.0,1.25,1.85,0.183,0.4373,0.4945,0.1934,0.4882,0.5514
0.6,-29.8,2.29,0.117714,0.051108,498,119,36,1.428497,36,0,0.0,,,,,,,,,0.0,0.0,0.0
0.6,-29.6,2.29,0.116632,0.050122,494,120,38,1.423168,38,0,0.0,,,,,,,,,0.0,0.0,0.0
0.6,-29.4,2.29,0.115492,0.04914,498,121,37,1.417093,37,0,0.0,,,,,,,,,0.0,0.0,0.0
0.6,-29.2,2.29,0.114586,0.04816,498,129,38,1.410312,38,0,0.0,,,,,,,,,0.0,0.0,0.0
0.6,-29.0,2.29,0.113395,0.047173,500,136,42,1.403462,42,0,0.0,,,,,,,,,0.0,0.0,0.0
0.8,-50.2,0.51,0.500019,0.397642,674,506,272,3.48617,267,5,0.15,6.4,14.0,16.0,1.4,2.6,0.0681,0.1355,0.1533,0.0598,0.1238,0.1401
0.8,-50.0,0.73,0.476992,0.380305,642,490,270,3.506284,268,2,0.06,10.5,14.55,15.0,1.0,1.0,0.1016,0.1395,0.1437,0.0657,0.1104,0.1154
0.8,-49.8,1.16,0.45028,0.357923,602,451,240,3.253789,239,1,0.03,3.0,3.0,3.0,1.0,1.0,0.0712,0.0712,0.0712,0.0677,0.0677,0.0677
0.8,-49.6,1.31,0.421679,0.327364,547,362,181,2.984089,179,2,0.06,4.5,7.65,8.0,1.5,1.95,0.321,0.487,0.5054,0.3044,0.4872,0.5075
0.8,-49.4,1.42,0.401093,0.306025,533,317,162,2.629218,159,3,0.09,4.0,7.5,8.0,1.0,1.0,0.2224,0.5019,0.5484,0.2033,0.5023,0.5529
0.8,-29.8,2.29,0.121381,0.05354,491,124,39,1.423599,39,0,0.0,,,,,,,,,0.0,0.0,0.0
0.8,-29.6,2.29,0.120277,0.052568,488,123,38,1.419397,38,0,0.0,,,,,,,,,0.0,0.0,0.0
0.8,-29.4,2.28,0.119205,0.051603,500,124,42,1.414405,42,0,0.0,,,,,,,,,0.0,0.0,0.0
0.8,-29.2,2.29,0.118424,0.050636,493,132,39,1.406857,39,0,0.0,,,,,,,,,0.0,0.0,0.0
0.8,-29.0,2.29,0.117313,0.04967,500,138,41,1.399467,41,0,0.0,,,,,,,,,0.0,0.0,0.0
1.0,-50.0,0.57,0.472427,0.375843,670,493,277,3.384965,275,2,0.06,10.0,13.6,14.0,1.5,1.95,0.0821,0.1294,0.1347,0.073,0.108,0.1118
1.0,-49.8,1.03,0.440062,0.349217,577,458,230,2.713614,225,5,0.15,2.6,4.4,5.0,1.0,1.0,0.0454,0.1223,0.1415,0.0355,0.0892,0.0992
1.0,-49.6,1.31,0.411439,0.319382,497,357,158,2.455517,155,3,0.09,6.67,11.2,12.0,1.67,2.8,0.09,0.1618,0.1731,0.0726,0.1853,0.2044
1.0,-29.8,2.288,0.125126,0.056222,484,130,38,1.415641,38,0,0.0,,,,,,,,,0.0,0.0,0.0
1.0,-29.6,2.28,0.124076,0.05526,494,140,43,1.408623,43,0,0.0,,,,,,,,,0.0,0.0,0.0
1.0,-29.4,2.28,0.123161,0.054311,499,137,43,1.402179,43,0,0.0,,,,,,,,,0.0,0.0,0.0
1.0,-29.2,2.28,0.122318,0.053364,496,130,40,1.398248,40,0,0.0,,,,,,,,,0.0,0.0,0.0
1.0,-29.0,2.28,0.121403,0.052413,503,134,39,1.393432,39,0,0.0,,,,,,,,,0.0,0.0,0.0
1.2,-49.8,0.93,0.424447,0.335301,457,429,168,2.187036,166,2,0.06,4.5,7.65,8.0,2.0,2.9,0.0852,0.1469,0.1537,0.1022,0.1768,0.185
1.2,-49.6,1.44,0.39967,0.309401,438,350,145,2.140021,140,5,0.15,6.0,12.4,13.0,1.0,1.0,0.1669,0.473,0.552,0.1618,0.4669,0.5567
1.2,-29.6,2.28,0.128478,0.058197,495,131,43,1.404569,43,0,0.0,,,,,,,,,0.0,0.0,0.0
1.2,-29.4,2.28,0.127501,0.057255,494,129,43,1.398319,43,0,0.0,,,,,,,,,0.0,0.0,0.0
1.2,-29.2,2.28,0.126649,0.056331,492,138,40,1.392795,40,0,0.0,,,,,,,,,0.0,0.0,0.0
1.4,-49.8,1.36,0.400674,0.314324,392,372,136,2.427619,133,3,0.09,7.0,14.0,15.0,1.0,1.0,0.2041,0.4258,0.4638,0.2066,0.4651,0.5065
1.4,-49.6,1.56,0.380855,0.292287,387,327,130,2.302629,127,3,0.09,6.33,12.2,13.0,1.0,1.0,0.2118,0.4418,0.48,0.2137,0.4904,0.5377
1.6,-49.8,1.56,0.369454,0.282784,369,304,122,2.972669,118,4,0.12,9.0,17.8,19.0,1.0,1.0,0.1597,0.3099,0.3448,0.1346,0.3449,0.3877
1.6,-49.6,1.68,0.35726,0.269275,370,283,112,2.707691,109,3,0.09,8.67,18.5,20.0,1.0,1.0,0.1609,0.2627,0.2753,0.1379,0.2883,0.3127
1.8,-50.0,1.57,0.34962,0.258355,351,270,128,4.942067,127,1,0.03,2.0,2.0,2.0,1.0,1.0,0.0098,0.0098,0.0098,0.012,0.012,0.012
1.8,-49.8,1.8,0.342766,0.249279,351,247,113,3.615597,110,3,0.09,7.0,10.8,11.0,1.0,1.0,0.068,0.1005,0.1013,0.0195,0.024,0.0241
1.8,-49.6,1.81,0.335225,0.245384,348,238,98,2.987294,94,4,0.12,9.25,21.9,24.0,1.0,1.0,0.1305,0.1582,0.1587,0.0825,0.166,0.1835
2.0,-50.2,1.71,0.345702,0.254959,333,262,121,5.31965,120,1,0.03,2.0,2.0,2.0,1.0,1.0,0.067,0.067,0.067,0.0806,0.0806,0.0806
2.0,-50.0,1.86,0.331736,0.237464,332,237,108,4.579433,106,2,0.06,1.5,1.95,2.0,1.0,1.0,0.0337,0.0486,0.0502,0.0415,0.061,0.0632
2.0,-49.8,1.93,0.321787,0.227111,337,213,96,3.735987,93,3,0.09,10.33,16.5,17.0,1.0,1.0,0.1109,0.1477,0.1535,0.0556,0.095,0.0987
2.0,-49.6,1.91,0.312864,0.221994,335,197,86,3.102664,84,2,0.06,7.5,12.45,13.0,1.0,1.0,0.0971,0.1443,0.1496,0.0617,0.0653,0.0657
2.2,-50.6,0.91,0.348307,0.253006,351,285,136,5.623373,135,1,0.03,3.0,3.0,3.0,1.0,1.0,0.0138,0.0138,0.0138,0.0234,0.0234,0.0234
2.2,-50.4,1.42,0.338169,0.24632,344,250,123,5.177614,120,3,0.09,5.67,9.4,10.0,1.0,1.0,0.052,0.0881,0.0917,0.0242,0.0332,0.0342
2.2,-50.2,1.89,0.327952,0.23742,332,230,100,4.676989,98,2,0.06,3.0,3.9,4.0,1.0,1.0,0.1062,0.1133,0.1141,0.0825,0.1106,0.1137
2.2,-50.0,1.98,0.314097,0.219998,324,201,85,4.119654,82,3,0.09,7.0,15.5,17.0,1.0,1.0,0.1008,0.1428,0.145,0.0804,0.132,0.1404
2.4,-50.6,1.69,0.334835,0.242853,339,253,117,5.293974,115,2,0.06,6.0,9.6,10.0,1.0,1.0,0.0621,0.095,0.0986,0.0212,0.028,0.0288
2.4,-50.4,1.89,0.323283,0.233849,333,228,95,4.884984,92,3,0.09,5.33,11.1,12.0,1.0,1.0,0.0844,0.1267,0.1268,0.0383,0.0723,0.076
2.4,-50.2,1.98,0.31012,0.220121,328,208,81,4.306118,78,3,0.09,5.33,10.2,11.0,1.0,1.0,0.1347,0.1604,0.1627,0.0862,0.1164,0.118
2.6,-50.8,1.22,0.330021,0.239172,375,260,129,4.752028,126,3,0.09,2.33,2.9,3.0,1.0,1.0,0.0239,0.0402,0.0416,0.0219,0.0305,0.0309
2.6,-50.6,1.75,0.320296,0.230891,342,219,96,4.697703,92,4,0.12,4.5,10.65,12.0,1.0,1.0,0.0685,0.119,0.1205,0.038,0.067,0.0728
2.6,-50.4,1.94,0.307743,0.220426,328,208,76,4.333643,74,2,0.06,7.5,11.55,12.0,1.0,1.0,0.1582,0.1644,0.1651,0.0794,0.1103,0.1137
2.8,-50.8,1.52,0.316132,0.227993,331,239,102,4.157855,99,3,0.09,2.33,2.9,3.0,1.0,1.0,0.05,0.0767,0.0812,0.0389,0.0399,0.0399
2.8,-50.6,1.88,0.305596,0.218979,337,213,81,4.068867,80,1,0.03,2.0,2.0,2.0,1.0,1.0,0.1306,0.1306,0.1306,0.0638,0.0638,0.0638
3.0,-50.8,1.8,0.30256,0.217488,330,214,79,3.531451,77,2,0.06,2.5,2.95,3.0,1.0,1.0,0.052,0.0711,0.0732,0.0554,0.0775,0.0799
3.0,-50.6,1.98,0.290353,0.20666,332,197,70,3.36274,69,1,0.03,2.0,2.0,2.0,1.0,1.0,0.0694,0.0694,0.0694,0.0726,0.0726,0.0726
3.2,-50.8,1.95,0.288047,0.204661,316,186,68,2.964172,64,4,0.12,4.5,9.8,11.0,1.25,1.85,0.1431,0.2087,0.2131,0.1123,0.1429,0.149
3.2,-50.6,2.07,0.270766,0.1891,325,170,62,2.765468,58,4,0.12,4.5,10.5,12.0,1.25,1.85,0.1406,0.2173,0.2235,0.1056,0.135,0.1377
3.4,-50.8,2.0,0.270107,0.188402,315,171,66,2.505258,62,4,0.12,5.0,9.25,10.0,1.25,1.85,0.1425,0.2217,0.2308,0.0858,0.1253,0.1267
3.6,-51.0,1.56,0.268062,0.186355,338,183,67,2.309414,63,4,0.12,5.5,10.1,11.0,1.5,2.7,0.0968,0.1746,0.1858,0.1106,0.2068,0.2201
3.6,-50.8,1.99,0.248861,0.168247,321,162,62,2.202086,59,3,0.09,4.0,8.3,9.0,1.33,1.9,0.0974,0.1839,0.1969,0.0965,0.1797,0.1934
3.8,-51.0,1.29,0.24792,0.167289,355,168,62,2.080939,58,4,0.12,5.5,9.4,10.0,1.5,2.7,0.0855,0.1369,0.1425,0.0969,0.1715,0.1819
3.8,-50.8,1.9,0.229003,0.150061,324,146,45,1.986709,44,1,0.03,11.0,11.0,11.0,3.0,3.0,0.1908,0.1908,0.1908,0.1627,0.1627,0.1627
4.0,-51.0,1.46,0.219428,0.139598,367,152,54,1.941237,52,2,0.06,9.5,10.85,11.0,1.5,1.95,0.1159,0.1309,0.1325,0.0705,0.0738,0.0742
4.0,-50.8,2.01,0.207648,0.12938,336,126,32,1.807062,31,1,0.03,11.0,11.0,11.0,2.0,2.0,0.1671,0.1671,0.1671,0.0327,0.0327,0.0327
4.2,-51.2,1.0,0.203554,0.123753,437,153,61,1.998946,59,2,0.06,10.5,11.85,12.0,1.5,1.95,0.0868,0.1206,0.1243,0.075,0.087,0.0883
4.2,-51.0,1.39,0.192816,0.112943,384,131,38,1.749204,36,2,0.06,9.5,10.85,11.0,1.5,1.95,0.0845,0.1195,0.1234,0.0727,0.0951,0.0976
4.2,-50.8,2.01,0.189117,0.11172,331,130,22,1.654944,21,1,0.03,12.0,12.0,12.0,1.0,1.0,0.1817,0.1817,0.1817,0.0687,0.0687,0.0687
4.4,-51.6,1.0,0.187723,0.108909,389,159,62,1.514566,59,3,0.09,7.33,13.2,14.0,1.33,1.9,0.0964,0.1082,0.1103,0.0615,0.1019,0.1062
4.4,-51.4,1.33,0.177886,0.09927,365,139,46,1.755413,43,3,0.09,8.67,11.6,12.0,1.33,1.9,0.1443,0.1762,0.1807,0.0945,0.1445,0.1529
4.4,-51.2,1.35,0.182853,0.103241,387,133,38,1.680212,35,3,0.09,7.33,11.6,12.0,1.33,1.9,0.1088,0.1355,0.1394,0.0732,0.1,0.1015
4.4,-51.0,1.38,0.178509,0.096584,385,138,30,1.590975,28,2,0.06,9.0,11.7,12.0,1.5,1.95,0.1091,0.1232,0.1247,0.0844,0.1009,0.1028
4.6,-51.6,1.92,0.172671,0.095259,320,133,36,1.654176,34,2,0.06,9.5,12.65,13.0,1.5,1.95,0.2028,0.2334,0.2368,0.1138,0.143,0.1463
4.6,-51.4,1.99,0.168977,0.090286,331,138,30,1.599656,28,2,0.06,8.0,11.6,12.0,2.0,2.9,0.1998,0.2355,0.2394,0.1143,0.1525,0.1568
4.6,-51.2,1.76,0.165823,0.085085,355,134,28,1.529998,27,1,0.03,11.0,11.0,11.0,2.0,2.0,0.181,0.181,0.181,0.1261,0.1261,0.1261
4.6,-51.0,2.13,0.176995,0.094501,336,125,16,1.500165,15,1,0.03,11.0,11.0,11.0,2.0,2.0,0.2107,0.2107,0.2107,0.1311,0.1311,0.1311
4.8,-52.0,1.86,0.158574,0.080716,318,148,47,1.654961,45,2,0.06,10.0,13.6,14.0,2.5,2.95,0.2409,0.2531,0.2545,0.2036,0.205,0.2052
4.8,-51.8,2.14,0.151687,0.073422,302,138,33,1.604465,31,2,0.06,9.5,13.55,14.0,2.0,2.9,0.2481,0.2932,0.2982,0.1732,0.2364,0.2434
4.8,-51.6,2.21,0.154736,0.076438,307,137,30,1.542312,28,2,0.06,7.5,11.55,12.0,2.0,2.9,0.2231,0.2677,0.2726,0.1428,0.1898,0.1951
4.8,-51.4,2.3,0.159695,0.079151,320,135,23,1.500167,22,1,0.03,13.0,13.0,13.0,3.0,3.0,0.2627,0.2627,0.2627,0.1684,0.1684,0.1684
5.0,-52.2,1.53,0.143376,0.06435,365,149,48,1.587629,45,3,0.09,7.67,14.1,15.0,2.0,2.9,0.1557,0.2196,0.2223,0.1301,0.2465,0.2593
5.0,-52.0,1.92,0.14069,0.061692,329,138,35,1.552442,33,2,0.06,8.5,12.55,13.0,2.0,2.9,0.216,0.2449,0.2481,0.1525,0.2325,0.2414
5.0,-51.8,2.25,0.142095,0.063573,317,131,27,1.515197,25,2,0.06,8.5,12.55,13.0,2.0,2.9,0.2324,0.2787,0.2839,0.133,0.1885,0.1946
5.0,-51.6,2.34,0.149284,0.070024,323,125,23,1.479345,22,1,0.03,13.0,13.0,13.0,2.0,2.0,0.2711,0.2711,0.2711,0.0753,0.0753,0.0753
5.2,-52.6,1.47,0.140088,0.06142,367,173,54,1.561166,50,4,0.12,6.75,10.55,11.0,1.5,2.0,0.1228,0.1912,0.1932,0.1042,0.1816,0.1932
5.2,-52.4,1.82,0.13213,0.053775,341,147,42,1.542537,39,3,0.09,6.67,12.2,13.0,2.0,2.9,0.1726,0.2646,0.2716,0.1485,0.2872,0.3042
5.2,-52.2,1.92,0.132312,0.053225,336,132,29,1.510593,27,2,0.06,8.5,12.55,13.0,2.0,2.9,0.2226,0.2584,0.2624,0.1448,0.2341,0.244
5.2,-52.0,2.21,0.141545,0.061947,332,123,25,1.477151,24,1,0.03,12.0,12.0,12.0,3.0,3.0,0.2695,0.2695,0.2695,0.1919,0.1919,0.1919
5.4,-52.6,1.84,0.118229,0.040494,364,145,38,1.516122,35,3,0.09,6.33,10.4,11.0,1.67,2.0,0.1817,0.2765,0.2871,0.1046,0.1665,0.1729
5.4,-52.4,1.94,0.119778,0.042148,355,125,26,1.481362,23,3,0.09,6.33,11.2,12.0,1.67,2.8,0.1751,0.2649,0.2738,0.0873,0.1772,0.193
5.6,-53.4,1.49,0.094597,0.018571,364,157,50,1.613339,48,2,0.06,9.0,12.6,13.0,2.0,2.0,0.1625,0.1988,0.2029,0.1167,0.1283,0.1296
5.6,-53.2,1.92,0.091673,0.016047,338,166,41,1.599135,39,2,0.06,9.0,11.7,12.0,2.0,2.0,0.1955,0.2498,0.2559,0.127,0.1459,0.148
5.6,-53.0,1.98,0.093497,0.016639,353,157,38,1.556313,36,2,0.06,8.5,11.65,12.0,1.5,1.95,0.2021,0.2644,0.2714,0.0968,0.1346,0.1387
5.6,-52.8,2.0,0.09496,0.017655,353,153,32,1.499172,30,2,0.06,7.5,11.55,12.0,1.5,1.95,0.1676,0.2749,0.2868,0.0854,0.1352,0.1407
5.6,-52.6,1.94,0.112881,0.034861,353,128,24,1.461278,22,2,0.06,7.0,10.6,11.0,1.5,1.95,0.1571,0.2607,0.2722,0.0875,0.1327,0.1377
5.8,-53.6,1.7,0.083201,0.008678,364,146,38,1.588477,37,1,0.03,12.0,12.0,12.0,2.0,2.0,0.1787,0.1787,0.1787,0.1043,0.1043,0.1043
5.8,-53.4,1.54,0.082163,0.006835,372,140,33,1.561184,32,1,0.03,12.0,12.0,12.0,2.0,2.0,0.1813,0.1813,0.1813,0.0882,0.0882,0.0882
5.8,-53.2,2.12,0.083467,0.007779,336,138,25,1.525109,23,2,0.06,8.5,12.55,13.0,1.5,1.95,0.1891,0.2633,0.2716,0.0853,0.1351,0.1406
5.8,-53.0,2.14,0.089114,0.012434,353,145,24,1.486704,22,2,0.06,8.5,12.55,13.0,1.5,1.95,0.191,0.2643,0.2724,0.0754,0.1165,0.1211
5.8,-52.8,2.12,0.097792,0.020173,354,142,18,1.44521,15,3,0.09,5.67,11.2,12.0,1.0,1.0,0.1381,0.2582,0.274,0.0329,0.0434,0.0447
6.0,-54.2,1.94,0.068361,-0.006022,344,142,30,1.546589,29,1,0.03,10.0,10.0,10.0,2.0,2.0,0.1756,0.1756,0.1756,0.1431,0.1431,0.1431
6.0,-54.0,2.07,0.067141,-0.007635,346,150,28,1.555553,27,1,0.03,10.0,10.0,10.0,2.0,2.0,0.187,0.187,0.187,0.1312,0.1312,0.1312
6.0,-53.8,2.16,0.069021,-0.006673,342,141,25,1.541895,24,1,0.03,11.0,11.0,11.0,2.0,2.0,0.2007,0.2007,0.2007,0.1076,0.1076,0.1076
6.0,-53.6,2.2,0.077321,0.00113,347,138,25,1.518222,24,1,0.03,11.0,11.0,11.0,2.0,2.0,0.212,0.212,0.212,0.0921,0.0921,0.0921
6.0,-53.4,2.22,0.08063,0.00331,351,131,23,1.490253,22,1,0.03,9.0,9.0,9.0,1.0,1.0,0.2171,0.2171,0.2171,0.0162,0.0162,0.0162
6.0,-53.2,2.22,0.086965,0.009696,349,130,21,1.457728,20,1,0.03,9.0,9.0,9.0,1.0,1.0,0.2317,0.2317,0.2317,0.0152,0.0152,0.0152
