grid_lat,grid_lon,municipality,compound_count_total,production_mean_compound_intensity_norm,global_mean_compound_intensity_norm_recomputed,local_mean_compound_intensity_norm,delta_local_minus_global,local_p95_compound_intensity_norm,local_max_compound_intensity_norm,local_hs_ref_low,local_hs_ref_high,local_ssh_ref_low,local_ssh_ref_high
-35.0,-54.8,,322,0.3346,0.3346,0.3982,0.0636,0.8513,1.0,2.1905,3.7375,0.587735,1.1520149999999998
-35.0,-54.6,,294,0.3801,0.3801,0.3999,0.0198,0.8476,1.0,2.43,4.098499999999996,0.58628,1.1131899999999997
-35.0,-54.4,,291,0.4033,0.4033,0.3962,-0.0071,0.8603,1.0,2.57,4.359999999999999,0.5783,1.0526
-35.0,-54.2,,276,0.4207,0.4207,0.4031,-0.0176,0.8631,1.0,2.6675,4.485,0.56885,1.0097749999999999
-35.0,-54.0,,252,0.4337,0.4337,0.3944,-0.0393,0.8512,1.0,2.74,4.679499999999999,0.57297,0.9875149999999999
-34.8,-54.4,,302,0.3554,0.3554,0.3824,0.027,0.8065,1.0,2.25,3.9284999999999997,0.642885,1.2257399999999998
-34.8,-54.2,,288,0.4043,0.4043,0.3954,-0.0089,0.8235,1.0,2.4735,4.33,0.6313300000000001,1.1668349999999998
-34.8,-54.0,,270,0.4299,0.4299,0.3985,-0.0314,0.8351,1.0,2.64,4.542999999999999,0.61887,1.09814
-34.8,-53.8,,247,0.4482,0.4482,0.3805,-0.0677,0.8046,1.0,2.79,4.8149999999999995,0.60843,1.0488499999999998
-34.8,-53.6,,235,0.4587,0.4587,0.3763,-0.0824,0.791,1.0,2.927,5.018999999999999,0.57485,0.9804199999999998
-34.6,-54.0,,270,0.3838,0.3838,0.3912,0.0074,0.8057,1.0,2.3645,3.9964999999999993,0.675405,1.24941
-34.6,-53.8,,259,0.4182,0.4182,0.3883,-0.0299,0.7995,1.0,2.53,4.311999999999999,0.6794,1.1962899999999999
-34.6,-53.6,,258,0.4508,0.4508,0.3821,-0.0687,0.7906,1.0,2.7569999999999997,4.7315000000000005,0.63983,1.120825
-34.6,-53.4,,240,0.464,0.464,0.3883,-0.0757,0.7827,1.0,2.9,4.951999999999999,0.594915,1.0237
-34.4,-53.8,,287,0.2233,0.2233,0.3815,0.1582,0.795,1.0,1.62,2.72,0.7156399999999999,1.3036699999999999
-34.4,-53.6,,253,0.3721,0.3721,0.389,0.0169,0.8009,0.9919,2.3,3.8039999999999985,0.70848,1.2568999999999997
-34.4,-53.4,,249,0.4435,0.4435,0.3954,-0.0481,0.8062,0.995,2.694,4.478,0.6572,1.1700199999999998
-34.2,-53.6,,237,0.3062,0.3062,0.3869,0.0807,0.8015,0.9989,1.968,3.2,0.7543,1.3448999999999998
-34.2,-53.4,,251,0.4136,0.4136,0.389,-0.0246,0.7961,1.0,2.47,4.1,0.7250000000000001,1.2765
-34.2,-53.2,,244,0.4537,0.4537,0.384,-0.0697,0.7996,0.9912,2.73,4.654,0.6823699999999999,1.1746349999999999
-34.0,-53.4,,238,0.3602,0.3602,0.3747,0.0145,0.7668,0.9413,2.19,3.6514999999999995,0.78224,1.3609499999999999
-34.0,-53.2,,252,0.4159,0.4159,0.3805,-0.0354,0.8139,1.0,2.48,4.1735,0.74413,1.274495
-34.0,-53.0,,247,0.4626,0.4626,0.3802,-0.0824,0.7971,0.9982,2.7760000000000002,4.747,0.69684,1.17556
-33.8,-53.4,,241,0.2619,0.2619,0.3701,0.1082,0.801,0.986,1.72,2.79,0.8297,1.4439
-33.8,-53.2,,252,0.3587,0.3587,0.3974,0.0387,0.8017,0.9997,2.1455,3.51,0.79194,1.373115
-33.8,-53.0,,263,0.4259,0.4259,0.3794,-0.0465,0.7988,1.0,2.5309999999999997,4.266999999999999,0.7448400000000001,1.2841699999999998
-33.8,-52.8,,264,0.4636,0.4636,0.3816,-0.082,0.7975,1.0,2.8,4.7669999999999995,0.68635,1.183615
-33.6,-53.0,,266,0.2512,0.2512,0.3799,0.1287,0.8074,0.9929,1.6524999999999999,2.8425000000000002,0.799975,1.38205
-33.6,-52.8,,258,0.3881,0.3881,0.3852,-0.0029,0.8039,0.9975,2.35,3.837499999999999,0.766275,1.28681
-33.6,-52.6,,260,0.4519,0.4519,0.3781,-0.0738,0.7994,1.0,2.76,4.62,0.689645,1.1799849999999998
-33.4,-52.8,,258,0.3132,0.3132,0.3832,0.07,0.7989,0.9834,1.95,3.243,0.8065,1.3734849999999998
-33.4,-52.6,,258,0.376,0.376,0.3757,-0.0003,0.7972,0.986,2.3185,3.8529999999999998,0.75835,1.258465
-33.4,-52.4,,252,0.4264,0.4264,0.3675,-0.0589,0.7845,1.0,2.68,4.3845,0.673725,1.149125
-33.2,-52.6,,235,0.2932,0.2932,0.3845,0.0913,0.7911,0.9606,1.9,3.0889999999999995,0.78544,1.3437899999999996
-33.2,-52.4,,240,0.3685,0.3685,0.3706,0.0021,0.7744,0.9791,2.3394999999999997,3.8009999999999993,0.719575,1.2351149999999997
-33.2,-52.2,,235,0.4267,0.4267,0.3672,-0.0595,0.7725,1.0,2.717,4.505999999999999,0.6283,1.10965
-33.0,-52.4,,202,0.2745,0.2745,0.3659,0.0914,0.7446,0.937,1.9,2.9984999999999995,0.74294,1.3148149999999998
-33.0,-52.2,,216,0.3937,0.3937,0.3648,-0.0289,0.767,0.9961,2.51,4.1025,0.67105,1.187425
-32.8,-52.4,,186,0.2697,0.2697,0.3565,0.0868,0.7245,0.8944,1.87,2.9975,0.7577499999999999,1.3337750000000002
-32.8,-52.2,,195,0.3307,0.3307,0.3676,0.0369,0.7651,0.97,2.18,3.5339999999999985,0.6950999999999999,1.24687
-32.8,-52.0,,218,0.4114,0.4114,0.3636,-0.0478,0.772,1.0,2.64,4.320499999999998,0.6281749999999999,1.1335199999999999
-32.6,-52.2,,171,0.3061,0.3061,0.3529,0.0468,0.7299,0.9003,2.07,3.375,0.71305,1.2724
-32.6,-52.0,,199,0.4014,0.4014,0.3559,-0.0455,0.7874,0.9781,2.57,4.294,0.6525700000000001,1.1725299999999999
-32.4,-52.2,,169,0.2737,0.2737,0.3565,0.0828,0.7131,0.8566,1.91,3.091999999999999,0.7327,1.28438
-32.4,-52.0,,201,0.3362,0.3362,0.3502,0.014,0.7765,0.9476,2.27,3.7,0.6787,1.2019
-32.4,-51.8,,226,0.4043,0.4043,0.3717,-0.0326,0.8091,1.0,2.6,4.29,0.6089249999999999,1.1133250000000001
-32.2,-52.0,,226,0.2907,0.2907,0.3548,0.0641,0.7756,0.9495,2.0025,3.36,0.703325,1.231475
-32.2,-51.8,,234,0.3307,0.3307,0.3565,0.0258,0.7658,0.9545,2.24,3.78,0.641255,1.15231
-32.2,-51.6,,242,0.384,0.384,0.3693,-0.0147,0.7935,1.0,2.5505,4.2485,0.571765,1.050055
-32.0,-51.8,,241,0.1813,0.1813,0.3624,0.1811,0.7556,1.0,1.55,2.59,0.6611,1.1747
-32.0,-51.6,,229,0.2795,0.2795,0.3732,0.0937,0.7834,0.9878,2.04,3.388,0.60176,1.0948
-32.0,-51.4,,235,0.3851,0.3851,0.3771,-0.008,0.8411,1.0,2.6069999999999998,4.23,0.53955,0.9939199999999998
-32.0,-51.2,,233,0.432,0.432,0.3859,-0.0461,0.8277,1.0,2.922,4.803999999999999,0.4727,0.8661599999999998
-31.8,-51.4,,238,0.2752,0.2752,0.3735,0.0983,0.8304,1.0,2.0585,3.3514999999999997,0.582195,1.06344
-31.8,-51.2,,234,0.3922,0.3922,0.3871,-0.0051,0.8472,1.0,2.66,4.327999999999999,0.51542,0.94601
-31.8,-51.0,,221,0.4378,0.4378,0.3899,-0.0479,0.857,1.0,2.98,4.87,0.4553,0.8108
-31.6,-51.2,,228,0.2698,0.2698,0.3891,0.1193,0.873,1.0,2.06,3.265999999999999,0.56075,1.01205
-31.6,-51.0,,227,0.3859,0.3859,0.387,0.0011,0.8812,1.0,2.6630000000000003,4.33,0.49133,0.89921
-31.6,-50.8,,220,0.4358,0.4358,0.3832,-0.0526,0.8759,1.0,3.0,4.9704999999999995,0.434265,0.75691
-31.4,-50.8,,201,0.4064,0.4064,0.3861,-0.0203,0.8743,1.0,2.8,4.47,0.493,0.8693
-31.4,-50.6,,210,0.4423,0.4423,0.3797,-0.0626,0.8401,1.0,3.0444999999999998,5.116499999999996,0.43374,0.727545
-31.2,-50.8,,211,0.3464,0.3464,0.3889,0.0425,0.8424,0.9954,2.4450000000000003,3.92,0.52655,0.9531000000000001
-31.2,-50.6,,222,0.3765,0.3765,0.3749,-0.0016,0.8429,1.0,2.67,4.327999999999999,0.46682999999999997,0.820755
-31.2,-50.4,,209,0.4295,0.4295,0.3728,-0.0567,0.8398,1.0,2.98,4.949999999999999,0.43086,0.7036399999999999
-31.0,-50.6,,195,0.3317,0.3317,0.3597,0.028,0.8048,0.9678,2.44,4.0,0.5045700000000001,0.92031
-31.0,-50.4,,222,0.3942,0.3942,0.3657,-0.0285,0.8266,1.0,2.79,4.494999999999999,0.45793999999999996,0.802115
-31.0,-50.2,,205,0.4433,0.4433,0.3643,-0.079,0.8035,1.0,3.11,5.15,0.4359,0.6949399999999999
-30.8,-50.4,,207,0.3451,0.3451,0.356,0.0109,0.7928,0.9563,2.51,4.109999999999998,0.49773999999999996,0.90383
-30.8,-50.2,,222,0.4147,0.4147,0.3611,-0.0536,0.794,0.9999,2.92,4.716999999999999,0.460345,0.788195
-30.6,-50.4,,122,0.231,0.231,0.3724,0.1414,0.7719,0.8984,1.95,3.14,0.53172,0.946495
-30.6,-50.2,,198,0.3546,0.3546,0.3719,0.0173,0.7821,0.945,2.56,4.037499999999999,0.49844499999999997,0.88176
-30.6,-50.0,,216,0.4229,0.4229,0.3693,-0.0536,0.7762,0.999,2.96,4.7875,0.45835,0.764925
-30.4,-50.2,,152,0.258,0.258,0.3676,0.1096,0.757,0.9453,2.1155,3.2744999999999997,0.532635,0.9242149999999999
-30.4,-50.0,,210,0.3711,0.3711,0.3641,-0.007,0.757,0.952,2.67,4.1855,0.49064,0.8555149999999999
-30.4,-49.8,,214,0.4353,0.4353,0.3737,-0.0616,0.7821,1.0,3.01,4.9605,0.45685,0.747505
-30.2,-50.0,,165,0.3289,0.3289,0.3778,0.0489,0.7741,0.9923,2.45,3.7559999999999993,0.51244,0.8959
-30.2,-49.8,,208,0.4069,0.4069,0.3629,-0.044,0.7486,1.0,2.8635,4.587499999999997,0.47634,0.8078249999999997
-30.0,-50.0,,131,0.2627,0.2627,0.3869,0.1242,0.7658,0.9421,2.13,3.1950000000000003,0.5267,0.93355
-30.0,-49.8,,200,0.3783,0.3783,0.3631,-0.0152,0.7812,1.0,2.69,4.2909999999999995,0.502375,0.8541449999999998
-29.8,-49.8,,195,0.3391,0.3391,0.3742,0.0351,0.7898,1.0,2.477,3.851999999999999,0.52308,0.8999199999999998
-29.8,-49.6,,226,0.3984,0.3984,0.3571,-0.0413,0.7653,1.0,2.8,4.595,0.484425,0.826075
-29.6,-49.8,,168,0.2769,0.2769,0.3699,0.093,0.7413,0.9636,2.1835,3.333,0.5546800000000001,0.95314
-29.6,-49.6,,215,0.3713,0.3713,0.3719,0.0006,0.8024,0.9907,2.65,4.096999999999999,0.5147,0.8732
-29.6,-49.4,,233,0.4146,0.4146,0.3563,-0.0583,0.7677,1.0,2.9,4.749999999999999,0.48042,0.7999399999999999
-29.4,-49.6,Passo de Torres,192,0.3227,0.3227,0.3812,0.0585,0.7916,0.9925,2.4,3.6979999999999995,0.54516,0.9104099999999999
-29.4,-49.4,,231,0.3834,0.3834,0.3698,-0.0136,0.7911,0.9841,2.7,4.27,0.5026999999999999,0.85245
-29.4,-49.2,,242,0.4217,0.4217,0.3537,-0.068,0.7431,1.0,2.97,4.844999999999999,0.47190499999999996,0.7769699999999999
-29.2,-49.4,Balneário Gaivota,227,0.3445,0.3445,0.3638,0.0193,0.787,0.9871,2.51,3.937,0.52941,0.9118699999999998
-29.2,-49.2,,248,0.3943,0.3943,0.3559,-0.0384,0.7757,0.9963,2.7735,4.443,0.49717,0.83851
-29.2,-49.0,,243,0.4308,0.4308,0.3565,-0.0743,0.7355,1.0,3.0109999999999997,4.962999999999998,0.47072,0.7580699999999999
-29.0,-49.4,Balneário Arroio do Silva,203,0.2749,0.2749,0.357,0.0821,0.7214,1.0,2.15,3.4,0.5635600000000001,0.9669599999999999
-29.0,-49.2,Içara/Balneário Rincão,254,0.3479,0.3479,0.3654,0.0175,0.7674,0.9998,2.5265,3.9444999999999997,0.519365,0.89934
-29.0,-49.0,,251,0.4026,0.4026,0.3677,-0.0349,0.7742,1.0,2.795,4.535,0.49165000000000003,0.8133
-29.0,-48.8,,242,0.4342,0.4342,0.3598,-0.0744,0.7649,1.0,3.0305,5.016999999999999,0.46763,0.735515
-29.0,-48.6,,217,0.4532,0.4532,0.358,-0.0952,0.7442,1.0,3.118,5.385999999999999,0.45554,0.6985799999999999
-28.8,-49.0,,268,0.3498,0.3498,0.366,0.0162,0.7591,1.0,2.53,3.9865,0.5168400000000001,0.9047399999999999
-28.8,-48.8,,258,0.4098,0.4098,0.3734,-0.0364,0.7694,1.0,2.83,4.5915,0.48837,0.80462
-28.8,-48.6,,243,0.4433,0.4433,0.3753,-0.068,0.7887,1.0,3.0509999999999997,5.126999999999999,0.46507000000000004,0.71589
-28.8,-48.4,,206,0.4577,0.4577,0.3607,-0.097,0.7577,1.0,3.165,5.425,0.454125,0.6862250000000001
-28.6,-48.8,Laguna,277,0.3517,0.3517,0.3651,0.0134,0.7791,1.0,2.5,4.057999999999999,0.53308,0.90704
-28.6,-48.6,,255,0.3997,0.3997,0.3829,-0.0168,0.7873,1.0,2.77,4.473999999999998,0.48687,0.7816399999999999
-28.6,-48.4,,221,0.442,0.442,0.3776,-0.0644,0.7935,1.0,3.01,5.08,0.4712,0.7078
-28.4,-48.6,,248,0.3142,0.3142,0.3774,0.0632,0.7832,1.0,2.37,3.715999999999999,0.51257,0.8413599999999999
-28.4,-48.4,,241,0.4162,0.4162,0.3822,-0.034,0.8057,1.0,2.87,4.62,0.4904,0.7441
-28.2,-48.6,Imbituba,211,0.2686,0.2686,0.3657,0.0971,0.7135,0.9188,2.16,3.33,0.5408999999999999,0.898
-28.2,-48.4,,245,0.3673,0.3673,0.3839,0.0166,0.7975,1.0,2.63,4.11,0.5085799999999999,0.78862
-28.2,-48.2,,220,0.4306,0.4306,0.3714,-0.0592,0.8136,1.0,2.95,4.8004999999999995,0.49307999999999996,0.729135
-28.0,-48.4,,243,0.3374,0.3374,0.3746,0.0372,0.7836,1.0,2.5,3.817999999999999,0.53002,0.83969
-28.0,-48.2,,229,0.414,0.414,0.3817,-0.0323,0.7953,1.0,2.84,4.528,0.51092,0.7642
-27.8,-48.4,,220,0.2899,0.2899,0.3796,0.0897,0.7901,0.9998,2.26,3.3604999999999996,0.557365,0.8758099999999998
-27.8,-48.2,,231,0.3838,0.3838,0.3792,-0.0046,0.8008,1.0,2.6950000000000003,4.2,0.5352,0.79895
-27.6,-48.4,Palhoça,194,0.2218,0.2218,0.3682,0.1464,0.7415,0.8895,1.92,2.8369999999999997,0.5890299999999999,0.942545
-27.6,-48.2,,220,0.3658,0.3658,0.3869,0.0211,0.7972,1.0,2.59,3.97,0.5597099999999999,0.8348899999999996
-27.6,-48.0,,206,0.4179,0.4179,0.3735,-0.0444,0.7651,1.0,2.8525,4.61,0.539875,0.776375
-27.4,-48.4,Biguaçu,163,0.1414,0.1414,0.3407,0.1993,0.6761,0.9336,1.511,2.3520000000000003,0.64733,0.97606
-27.4,-48.2,,197,0.3597,0.3597,0.3729,0.0132,0.7445,0.9306,2.57,3.8819999999999997,0.6026,0.8754
-27.4,-48.0,,210,0.4104,0.4104,0.382,-0.0284,0.7663,1.0,2.81,4.451999999999999,0.56517,0.80491
-27.2,-48.4,Tijucas,149,0.1783,0.1783,0.3544,0.1761,0.6669,0.9358,1.65,2.488,0.6793399999999999,1.01648
-27.2,-48.2,,181,0.3164,0.3164,0.3797,0.0633,0.7574,0.9227,2.32,3.44,0.6448,0.9202
-27.2,-48.0,,201,0.3986,0.3986,0.3852,-0.0134,0.7416,1.0,2.73,4.22,0.6009,0.8434
-27.0,-48.4,Navegantes,122,0.226,0.226,0.3614,0.1354,0.6631,0.9951,1.8405,2.8194999999999997,0.715195,1.008125
-27.0,-48.2,,172,0.337,0.337,0.3727,0.0357,0.7218,0.9209,2.37,3.62,0.6796099999999999,0.9716099999999999
-26.8,-48.4,,148,0.2575,0.2575,0.3435,0.086,0.6669,0.944,1.95,2.9595000000000002,0.754175,1.0883
-26.8,-48.2,,182,0.3396,0.3396,0.369,0.0294,0.7238,0.928,2.3505000000000003,3.575999999999999,0.71694,1.01891
-26.6,-48.6,Penha,140,0.2227,0.2227,0.3687,0.146,0.6719,0.9943,1.73,2.61,0.81437,1.1328399999999996
-26.6,-48.4,,161,0.2722,0.2722,0.3526,0.0804,0.6842,0.9773,1.98,3.02,0.7941,1.1111
-26.6,-48.2,,176,0.3427,0.3427,0.3563,0.0136,0.7041,0.9216,2.3275,3.5949999999999998,0.7626000000000001,1.072125
-26.4,-48.4,,166,0.2187,0.2187,0.343,0.1243,0.6629,0.9437,1.66,2.61,0.8464,1.1892
-26.4,-48.2,,178,0.3452,0.3452,0.3666,0.0214,0.7069,0.9422,2.28,3.5515,0.80658,1.1092
-26.2,-48.4,São Francisco do Sul,160,0.1725,0.1725,0.3758,0.2033,0.6931,0.9351,1.35,2.1244999999999985,0.9067000000000001,1.2611049999999995
-26.2,-48.2,,185,0.3073,0.3073,0.3657,0.0584,0.6928,0.8946,2.03,3.1739999999999995,0.85774,1.20542
-26.0,-48.4,,152,0.1693,0.1693,0.3754,0.2061,0.7148,0.9173,1.29,2.0444999999999998,0.95878,1.3254899999999998
-26.0,-48.2,,177,0.2851,0.2851,0.3818,0.0967,0.7164,0.8799,1.88,2.832,0.9042399999999999,1.29142
-25.8,-48.2,,187,0.2852,0.2852,0.3651,0.0799,0.6919,0.8697,1.84,2.7979999999999996,0.96604,1.3578799999999998
-25.8,-48.0,,199,0.3538,0.3538,0.3724,0.0186,0.7104,0.8489,2.1790000000000003,3.371,0.90869,1.29203
-25.6,-48.4,,186,0.206,0.206,0.3731,0.1671,0.6995,0.8462,1.35,2.0675,1.06545,1.5039
-25.6,-48.2,,194,0.2691,0.2691,0.3657,0.0966,0.6932,0.8848,1.69,2.5969999999999995,1.01898,1.43939
-25.6,-48.0,,196,0.3446,0.3446,0.3794,0.0348,0.7292,0.8756,2.1,3.1725,0.9486,1.3490250000000001
-25.6,-47.8,,203,0.3825,0.3825,0.3802,-0.0023,0.7243,0.8864,2.31,3.5779999999999994,0.8970400000000001,1.27133
-25.4,-48.0,,204,0.3146,0.3146,0.3802,0.0656,0.7382,0.883,1.9115,2.907,0.9841449999999999,1.4129800000000001
-25.4,-47.8,,203,0.3421,0.3421,0.3751,0.033,0.7266,0.8805,2.09,3.2069999999999994,0.93891,1.3510799999999998
-25.4,-47.6,,204,0.3897,0.3897,0.3714,-0.0183,0.733,0.8939,2.3715,3.7024999999999997,0.886255,1.25231
-25.2,-47.8,,204,0.3025,0.3025,0.3673,0.0648,0.7175,0.8715,1.89,2.8685,0.97306,1.412645
-25.2,-47.6,,205,0.3688,0.3688,0.366,-0.0028,0.7201,0.8875,2.232,3.4939999999999984,0.9236800000000001,1.32476
-25.0,-47.8,,197,0.1823,0.1823,0.3716,0.1893,0.7217,0.8831,1.308,2.0319999999999996,0.9744,1.4567599999999998
-25.0,-47.6,,212,0.3412,0.3412,0.3624,0.0212,0.7278,0.8796,2.08,3.239,0.943445,1.383145
-25.0,-47.4,,217,0.3677,0.3677,0.3823,0.0146,0.7463,0.9301,2.23,3.4899999999999993,0.89084,1.29478
-25.0,-47.2,,206,0.3942,0.3942,0.402,0.0078,0.7711,0.954,2.39,3.6675,0.8451,1.211325
-24.8,-47.4,,224,0.3378,0.3378,0.3806,0.0428,0.7461,0.9493,2.07,3.194,0.91586,1.35256
-24.8,-47.2,,219,0.3761,0.3761,0.3942,0.0181,0.7796,0.9628,2.29,3.5,0.86989,1.26781
-24.8,-47.0,,211,0.3904,0.3904,0.3989,0.0085,0.7861,0.9729,2.39,3.68,0.82915,1.1955
-24.8,-46.8,,208,0.4035,0.4035,0.4003,-0.0032,0.794,1.0,2.4835000000000003,3.84,0.79627,1.12721
-24.6,-47.2,,234,0.3188,0.3188,0.379,0.0602,0.7665,0.9275,2.03,3.0709999999999993,0.892095,1.322585
-24.6,-47.0,,232,0.3602,0.3602,0.4,0.0398,0.799,0.9813,2.2455000000000003,3.3824999999999994,0.852385,1.238375
-24.6,-46.8,,219,0.3763,0.3763,0.3974,0.0211,0.7913,0.9958,2.37,3.57,0.8147599999999999,1.1759199999999999
-24.6,-46.6,,217,0.4012,0.4012,0.3975,-0.0037,0.7901,1.0,2.51,3.8219999999999996,0.7846,1.11612
-24.4,-46.8,,237,0.3415,0.3415,0.3981,0.0566,0.7919,1.0,2.178,3.242,0.84278,1.23328
-24.4,-46.6,,239,0.3611,0.3611,0.3944,0.0333,0.7887,1.0,2.29,3.471,0.81391,1.17346
-24.4,-46.4,,232,0.383,0.383,0.4029,0.0199,0.7964,1.0,2.4055,3.6445,0.7830550000000001,1.12805
-24.4,-46.2,,233,0.392,0.392,0.4004,0.0084,0.7828,1.0,2.476,3.8,0.75262,1.0753199999999998
-24.4,-46.0,,223,0.4053,0.4053,0.3987,-0.0066,0.8064,1.0,2.561,3.9379999999999993,0.7303299999999999,1.02815
-24.4,-45.2,,163,0.4359,0.4359,0.3803,-0.0556,0.7293,1.0,2.79,4.558999999999999,0.6372,0.8712200000000002
-24.2,-46.6,,248,0.338,0.338,0.4077,0.0697,0.8028,1.0,2.16,3.2,0.8377650000000001,1.22447
-24.2,-46.4,,249,0.3546,0.3546,0.4038,0.0492,0.7916,1.0,2.268,3.396,0.80602,1.17664
-24.2,-46.2,,245,0.3616,0.3616,0.4073,0.0457,0.8089,1.0,2.31,3.4899999999999993,0.78416,1.12486
-24.2,-46.0,,239,0.3802,0.3802,0.4069,0.0267,0.8206,1.0,2.44,3.646,0.7583300000000001,1.07707
-24.2,-45.8,,243,0.3994,0.3994,0.3984,-0.001,0.8226,1.0,2.541,3.9069999999999996,0.72658,1.03447
-24.2,-45.6,,232,0.4039,0.4039,0.3994,-0.0045,0.8174,1.0,2.6,4.0089999999999995,0.693005,0.9891
-24.2,-45.4,,224,0.4158,0.4158,0.3972,-0.0186,0.813,1.0,2.6515,4.227,0.66766,0.93982
-24.2,-45.2,,197,0.4256,0.4256,0.3939,-0.0317,0.796,1.0,2.746,4.382,0.6465,0.88828
-24.2,-45.0,,166,0.4309,0.4309,0.3922,-0.0387,0.7858,1.0,2.8024999999999998,4.495,0.63075,0.849375
-24.0,-46.4,,285,0.2798,0.2798,0.4032,0.1234,0.8057,1.0,1.872,2.898,0.82862,1.21366
-24.0,-46.2,,273,0.2886,0.2886,0.4063,0.1177,0.7963,1.0,1.96,2.944,0.8074600000000001,1.1758999999999997
-24.0,-46.0,,264,0.3527,0.3527,0.4085,0.0558,0.813,1.0,2.25,3.4354999999999998,0.780615,1.146175
-24.0,-45.8,,271,0.352,0.352,0.4082,0.0562,0.8206,1.0,2.275,3.535,0.74495,1.0954
-24.0,-45.6,,254,0.3612,0.3612,0.3983,0.0371,0.8139,1.0,2.35,3.6635,0.727795,1.0578699999999999
-24.0,-45.4,,244,0.3859,0.3859,0.3883,0.0024,0.8129,1.0,2.4815,3.937,0.707,1.022055
-24.0,-45.2,,230,0.4001,0.4001,0.4086,0.0085,0.8234,1.0,2.5745,4.0539999999999985,0.66714,0.9483499999999999
-24.0,-45.0,,206,0.4102,0.4102,0.3984,-0.0118,0.8102,1.0,2.68,4.1925,0.648525,0.892875
-24.0,-44.8,,177,0.4191,0.4191,0.3952,-0.0239,0.8035,1.0,2.728,4.38,0.6362,0.8558999999999999
-23.8,-45.8,,298,0.2913,0.2913,0.3992,0.1079,0.8141,1.0,1.93,3.1114999999999995,0.782585,1.16125
-23.8,-45.6,,300,0.2485,0.2485,0.3983,0.1498,0.8074,1.0,1.73,2.8815000000000004,0.7636550000000001,1.14443
-23.8,-45.4,,289,0.1499,0.1499,0.3926,0.2427,0.8178,1.0,1.35,2.2759999999999994,0.7335400000000001,1.08174
-23.8,-45.2,,225,0.1948,0.1948,0.403,0.2082,0.8492,1.0,1.672,2.5079999999999996,0.6936,1.00834
-23.8,-45.0,,217,0.3644,0.3644,0.3996,0.0352,0.8185,1.0,2.49,3.6839999999999997,0.6704,0.9667599999999998
-23.8,-44.8,,216,0.3938,0.3938,0.4071,0.0133,0.8428,1.0,2.5875,3.9825,0.6516,0.9135
-23.8,-44.6,,200,0.4103,0.4103,0.4029,-0.0074,0.8186,1.0,2.67,4.2025,0.642545,0.87173
-23.6,-45.2,,181,0.1365,0.1365,0.4021,0.2656,0.7929,1.0,1.41,2.07,0.707,1.0508
-23.6,-45.0,,218,0.2588,0.2588,0.3915,0.1327,0.8287,1.0,2.01,2.9144999999999994,0.69296,1.0048899999999998
-23.6,-44.8,,221,0.3479,0.3479,0.4107,0.0628,0.8471,1.0,2.38,3.53,0.677,0.9753
-23.6,-44.6,,218,0.3834,0.3834,0.4085,0.0251,0.8439,1.0,2.52,3.885999999999999,0.666985,0.9346649999999999
-23.6,-44.4,,214,0.4052,0.4052,0.4046,-0.0006,0.8347,1.0,2.62,4.1335,0.65652,0.897585
-23.6,-44.2,,197,0.4171,0.4171,0.4106,-0.0065,0.8355,1.0,2.688,4.317999999999999,0.64344,0.86978
-23.6,-44.0,,181,0.4259,0.4259,0.4059,-0.02,0.8182,1.0,2.72,4.48,0.6414,0.8505
-23.4,-44.4,,232,0.3719,0.3719,0.4027,0.0308,0.8448,1.0,2.44,3.84,0.6790849999999999,0.9643299999999999
-23.4,-44.2,,227,0.3934,0.3934,0.4031,0.0097,0.8402,1.0,2.553,4.027,0.66283,0.93745
-23.4,-44.0,,215,0.4072,0.4072,0.3995,-0.0077,0.8205,1.0,2.617,4.212,0.6570400000000001,0.9106199999999999
-23.4,-43.8,,207,0.4099,0.4099,0.4043,-0.0056,0.8272,1.0,2.623,4.288999999999999,0.64457,0.8867399999999999
-23.4,-43.6,,196,0.4142,0.4142,0.3928,-0.0214,0.8189,1.0,2.68,4.37,0.639725,0.8689250000000001
-23.4,-43.4,,187,0.4206,0.4206,0.3861,-0.0345,0.8312,1.0,2.73,4.495999999999999,0.6370800000000001,0.84739
-23.4,-43.2,,177,0.4258,0.4258,0.395,-0.0308,0.8209,1.0,2.76,4.557999999999999,0.63316,0.83236
-23.4,-43.0,,166,0.4287,0.4287,0.3937,-0.035,0.8175,1.0,2.7725,4.655,0.636225,0.8229500000000001
-23.4,-42.8,,146,0.4366,0.4366,0.3871,-0.0495,0.8294,1.0,2.81,4.7675,0.642625,0.8371999999999999
-23.4,-42.6,,134,0.443,0.443,0.3828,-0.0602,0.8015,1.0,2.84,4.9135,0.6536150000000001,0.8408899999999999
-23.4,-42.2,,127,0.4485,0.4485,0.4049,-0.0436,0.8128,1.0,2.91,4.757,0.66022,0.83424
-23.4,-42.0,,130,0.4494,0.4494,0.402,-0.0474,0.8129,1.0,2.909,4.7485,0.6572250000000001,0.837735
-23.2,-44.4,,243,0.2654,0.2654,0.3932,0.1278,0.8123,1.0,1.93,3.0629999999999984,0.7173799999999999,1.0332899999999998
-23.2,-44.2,,245,0.3133,0.3133,0.3969,0.0836,0.8368,1.0,2.132,3.488,0.6875,0.9957799999999999
-23.2,-44.0,,238,0.3163,0.3163,0.3938,0.0775,0.8382,1.0,2.1685,3.5414999999999996,0.680595,0.9773049999999999
-23.2,-43.8,,228,0.3636,0.3636,0.4051,0.0415,0.8335,1.0,2.4,3.8265,0.6650050000000001,0.9491749999999999
-23.2,-43.6,,227,0.3888,0.3888,0.4047,0.0159,0.8335,1.0,2.513,4.064,0.65441,0.92624
-23.2,-43.4,,218,0.4018,0.4018,0.3978,-0.004,0.8182,1.0,2.58,4.2615,0.6481899999999999,0.90989
-23.2,-43.2,,213,0.4088,0.4088,0.4015,-0.0073,0.8327,1.0,2.62,4.37,0.63976,0.8886199999999999
-23.2,-43.0,,203,0.4133,0.4133,0.3913,-0.022,0.8315,1.0,2.651,4.428999999999999,0.64261,0.8768499999999999
-23.2,-42.8,,190,0.4201,0.4201,0.3888,-0.0313,0.8213,1.0,2.6945,4.5055,0.6390049999999999,0.8708
-23.2,-42.6,,179,0.4245,0.4245,0.3856,-0.0389,0.8193,1.0,2.72,4.571000000000001,0.64392,0.86402
-23.2,-42.4,,166,0.4309,0.4309,0.3949,-0.036,0.8385,1.0,2.7725,4.6325,0.649625,0.853475
-23.2,-42.2,,160,0.4376,0.4376,0.3889,-0.0487,0.8151,1.0,2.8194999999999997,4.724499999999995,0.650975,0.86464
-23.2,-42.0,,158,0.438,0.438,0.3875,-0.0505,0.8049,1.0,2.83,4.680000000000002,0.657555,0.8710300000000001
-23.2,-41.8,,154,0.4431,0.4431,0.3802,-0.0629,0.7967,1.0,2.8765,4.741999999999998,0.66393,0.8766849999999999
-23.0,-44.4,,269,0.0659,0.0659,0.3907,0.3248,0.8116,1.0,0.79,1.356,0.7437,1.0720399999999999
-23.0,-44.0,,244,0.0924,0.0924,0.3988,0.3064,0.8027,1.0,1.03,1.67,0.777535,1.138575
-23.0,-43.4,,245,0.244,0.244,0.4117,0.1677,0.8163,1.0,1.812,3.0479999999999996,0.66262,0.97136
-23.0,-43.2,,236,0.2806,0.2806,0.402,0.1214,0.7975,1.0,1.99,3.3375,0.6643,0.9698500000000001
-23.0,-43.0,,229,0.337,0.337,0.3956,0.0586,0.8004,1.0,2.25,3.7659999999999996,0.65868,0.95714
-23.0,-42.8,,230,0.3665,0.3665,0.3926,0.0261,0.815,1.0,2.38,4.0255,0.65351,0.941275
-23.0,-42.6,,227,0.3823,0.3823,0.3908,0.0085,0.814,1.0,2.4730000000000003,4.1339999999999995,0.64868,0.9313400000000001
-23.0,-42.4,,218,0.3957,0.3957,0.3929,-0.0028,0.8137,1.0,2.5585,4.233,0.645295,0.926135
-23.0,-42.2,,217,0.4018,0.4018,0.3973,-0.0045,0.8229,1.0,2.57,4.254,0.65078,0.92508
-23.0,-42.0,,201,0.4078,0.4078,0.3956,-0.0122,0.8122,1.0,2.63,4.22,0.6687,0.9272
-23.0,-41.8,,183,0.4182,0.4182,0.379,-0.0392,0.7707,1.0,2.74,4.3500000000000005,0.67767,0.9344300000000001
-23.0,-41.6,,172,0.4316,0.4316,0.3744,-0.0572,0.776,1.0,2.81,4.477499999999998,0.6862550000000001,0.9340949999999999
-22.8,-41.8,,163,0.2712,0.2712,0.3769,0.1057,0.7797,1.0,2.05,3.024,0.7144400000000001,1.00712
-22.8,-41.6,,174,0.387,0.387,0.3716,-0.0154,0.7504,1.0,2.56,3.9234999999999998,0.70877,1.003925
-22.6,-41.8,,125,0.2257,0.2257,0.371,0.1453,0.7393,0.9318,1.84,2.632,0.74148,1.05552
-22.6,-41.6,,170,0.3525,0.3525,0.377,0.0245,0.7775,0.965,2.3345,3.662999999999999,0.73846,1.03915
-22.6,-41.4,,177,0.3917,0.3917,0.3841,-0.0076,0.7628,1.0,2.536,3.9039999999999995,0.72922,1.0269
-22.4,-41.6,,167,0.2388,0.2388,0.376,0.1372,0.796,0.9401,1.8,2.807,0.75951,1.08508
-22.4,-41.4,,175,0.3324,0.3324,0.3744,0.042,0.7931,0.9606,2.237,3.456,0.75492,1.07441
-22.4,-41.2,,175,0.3816,0.3816,0.3868,0.0052,0.7855,0.9954,2.46,3.771999999999999,0.74787,1.0544099999999998
-22.4,-41.0,,159,0.4056,0.4056,0.381,-0.0246,0.8232,1.0,2.609,3.9219999999999997,0.74944,1.031
-22.4,-40.8,,134,0.4263,0.4263,0.3887,-0.0376,0.8463,1.0,2.7465,4.0935,0.742985,1.002745
-22.2,-41.4,,179,0.148,0.148,0.3764,0.2284,0.8086,0.972,1.38,2.1109999999999998,0.77753,1.12483
-22.2,-41.2,,177,0.3223,0.3223,0.3691,0.0468,0.7831,0.9532,2.208,3.3079999999999994,0.77178,1.11306
-22.2,-41.0,,174,0.3686,0.3686,0.3755,0.0069,0.7799,0.9777,2.4265,3.6235,0.76325,1.086995
-22.2,-40.8,,159,0.3988,0.3988,0.3807,-0.0181,0.8,1.0,2.58,3.8219999999999996,0.75901,1.05863
-22.2,-40.6,,139,0.4205,0.4205,0.3948,-0.0257,0.8321,1.0,2.66,4.011,0.75227,1.02439
-22.0,-40.8,,163,0.3416,0.3416,0.3709,0.0293,0.7551,0.9518,2.31,3.317,0.7991900000000001,1.1358700000000002
-22.0,-40.6,,151,0.3876,0.3876,0.3726,-0.015,0.8163,0.9915,2.53,3.71,0.7846,1.0857
-21.8,-40.8,,137,0.2661,0.2661,0.3266,0.0605,0.7256,0.8663,1.976,2.8239999999999994,0.8429000000000001,1.1881399999999998
-21.8,-40.6,,135,0.3489,0.3489,0.356,0.0071,0.7729,0.9058,2.32,3.4659999999999997,0.82195,1.14079
-21.6,-40.8,,110,0.2472,0.2472,0.326,0.0788,0.7036,0.8537,1.8545,2.6424999999999996,0.87058,1.21204
-21.6,-40.6,,116,0.3231,0.3231,0.3387,0.0156,0.7198,0.8437,2.2175000000000002,3.225,0.8522500000000001,1.17895
-21.4,-40.8,,104,0.2285,0.2285,0.3511,0.1226,0.742,0.8173,1.7615,2.4324999999999997,0.878495,1.2184299999999997
-21.4,-40.6,,113,0.2904,0.2904,0.3366,0.0462,0.7108,0.8185,2.06,3.006,0.85658,1.1961
-21.2,-40.8,,100,0.2204,0.2204,0.348,0.1276,0.7231,0.7696,1.6995,2.3729999999999998,0.8957,1.24437
-21.2,-40.6,,116,0.259,0.259,0.3562,0.0972,0.7479,0.8283,1.89,2.72,0.8593500000000001,1.1961499999999998
-21.2,-40.4,,100,0.3125,0.3125,0.3545,0.042,0.7842,0.8607,2.1895,3.1,0.84899,1.141105
-21.0,-40.8,,112,0.186,0.186,0.3524,0.1664,0.7458,0.902,1.5055,2.2034999999999996,0.892305,1.2409549999999998
-21.0,-40.6,,121,0.224,0.224,0.3551,0.1311,0.7774,0.8586,1.69,2.5,0.8724,1.1952
-21.0,-40.4,,110,0.2961,0.2961,0.3573,0.0612,0.7528,0.8066,2.04,3.086,0.85158,1.15564
-21.0,-40.2,,86,0.357,0.357,0.3891,0.0321,0.763,0.9081,2.32,3.435,0.86705,1.094975
-21.0,-29.4,,55,0.4595,0.4595,0.409,-0.0505,0.7015,0.7572,2.957,4.167999999999999,0.81665,0.9604699999999999
-21.0,-29.2,,54,0.4586,0.4586,0.421,-0.0376,0.7065,0.755,2.9565,4.1754999999999995,0.80061,0.95121
-20.8,-40.4,,112,0.2665,0.2665,0.3599,0.0934,0.764,0.8296,1.8855,2.8445,0.864645,1.163435
-20.8,-40.2,,99,0.3297,0.3297,0.366,0.0363,0.7591,0.8882,2.1990000000000003,3.2649999999999997,0.8652299999999999,1.12745
-20.8,-40.0,,82,0.3843,0.3843,0.3938,0.0095,0.7452,0.9339,2.43,3.6285,0.8786900000000001,1.1055350000000002
-20.8,-29.6,,57,0.4575,0.4575,0.435,-0.0225,0.7254,0.8146,2.928,3.996,0.82672,0.9802199999999999
-20.8,-29.4,,55,0.4582,0.4582,0.411,-0.0472,0.7087,0.7573,2.937,4.127999999999999,0.82591,0.97344
-20.8,-29.2,,51,0.4603,0.4603,0.43,-0.0303,0.7073,0.7314,2.95,4.16,0.80565,0.96225
-20.8,-29.0,,50,0.46,0.46,0.4289,-0.0311,0.7065,0.7228,2.949,4.145,0.801865,0.95417
-20.8,-28.8,,51,0.4512,0.4512,0.4087,-0.0425,0.7066,0.7303,2.9400000000000004,4.125,0.7948500000000001,0.9490000000000001
-20.8,-28.6,,46,0.4556,0.4556,0.4418,-0.0138,0.7441,0.8043,2.9525,4.0375,0.793175,0.94175
-20.6,-40.4,,118,0.2032,0.2032,0.3712,0.168,0.7364,0.8394,1.6,2.3345,0.8574700000000001,1.196615
-20.6,-40.2,,109,0.2837,0.2837,0.3611,0.0774,0.752,0.8482,1.974,2.9459999999999997,0.86914,1.1562999999999999
-20.6,-40.0,,88,0.3593,0.3593,0.3834,0.0241,0.7427,0.9115,2.29,3.504999999999999,0.88388,1.1212499999999996
-20.6,-29.8,,55,0.4632,0.4632,0.4251,-0.0381,0.6859,0.8108,2.93,4.055999999999999,0.83762,1.00352
-20.6,-29.6,,56,0.4625,0.4625,0.4302,-0.0323,0.7039,0.7946,2.92,4.04,0.831975,0.9979
-20.6,-29.4,,53,0.4591,0.4591,0.4321,-0.027,0.7214,0.7836,2.93,3.988,0.8325,0.99024
-20.6,-29.2,,49,0.461,0.461,0.4174,-0.0436,0.7052,0.7296,2.94,4.115999999999999,0.82802,0.983
-20.6,-29.0,,46,0.4615,0.4615,0.4329,-0.0286,0.6964,0.7122,2.9325,4.115,0.8102,0.972525
-20.6,-28.8,,48,0.4546,0.4546,0.417,-0.0376,0.698,0.7323,2.9370000000000003,4.0975,0.80245,0.9607249999999999
-20.6,-28.6,,46,0.4566,0.4566,0.419,-0.0376,0.7136,0.7624,2.94,4.1049999999999995,0.80725,0.95485
-20.4,-40.2,,114,0.2267,0.2267,0.3642,0.1375,0.7351,0.8174,1.66,2.5839999999999996,0.88064,1.178685
-20.4,-40.0,,102,0.3382,0.3382,0.374,0.0358,0.7693,0.9082,2.21,3.3369999999999993,0.88287,1.1262
-20.4,-39.8,,80,0.3918,0.3918,0.3802,-0.0116,0.7251,0.9078,2.4095,3.752,0.9064450000000001,1.135175
-20.4,-29.6,,53,0.4669,0.4669,0.439,-0.0279,0.6928,0.7744,2.91,4.076,0.83898,1.01034
-20.4,-29.4,,52,0.4648,0.4648,0.4321,-0.0327,0.6993,0.7527,2.9155,4.071999999999999,0.84229,1.00793
-20.4,-29.2,,47,0.464,0.464,0.4162,-0.0478,0.6728,0.7334,2.92,4.137,0.83993,1.00397
-20.4,-29.0,,46,0.4682,0.4682,0.4363,-0.0319,0.6979,0.752,2.92,4.11,0.8316,0.994325
-20.4,-28.8,,49,0.4633,0.4633,0.4355,-0.0278,0.7043,0.7797,2.924,4.077999999999999,0.81512,0.9808
-20.4,-28.6,,46,0.4591,0.4591,0.4346,-0.0245,0.6968,0.7842,2.925,4.03,0.81305,0.9700500000000001
-20.2,-40.0,,105,0.3262,0.3262,0.3735,0.0473,0.763,0.875,2.13,3.2499999999999996,0.8868400000000001,1.15758
-20.2,-39.8,,88,0.3802,0.3802,0.3835,0.0033,0.7355,0.937,2.36,3.653,0.8974,1.14191
-20.2,-29.6,,51,0.4675,0.4675,0.4262,-0.0413,0.7083,0.7459,2.9050000000000002,4.135,0.8530500000000001,1.01605
-20.2,-29.4,,52,0.4628,0.4628,0.4149,-0.0479,0.6548,0.7474,2.89,4.1125,0.84792,1.01216
-20.2,-29.2,,47,0.4654,0.4654,0.4293,-0.0361,0.6796,0.7712,2.903,4.069999999999999,0.84338,1.00196
-20.2,-29.0,,48,0.4653,0.4653,0.4254,-0.0399,0.6752,0.7835,2.94,4.0925,0.83535,0.99558
-20.2,-28.8,,46,0.4688,0.4688,0.4361,-0.0327,0.6827,0.7969,2.955,4.085,0.8192999999999999,0.9892000000000001
-20.2,-28.6,,46,0.4642,0.4642,0.4336,-0.0306,0.6648,0.7991,2.95,4.07,0.8131499999999999,0.982075
-20.0,-40.0,,112,0.3165,0.3165,0.3769,0.0604,0.7301,0.8841,2.05,3.169499999999999,0.888765,1.1911450000000001
-20.0,-39.8,,100,0.3702,0.3702,0.4028,0.0326,0.7666,0.9788,2.27,3.471,0.8966850000000001,1.14804
-20.0,-39.6,,73,0.4018,0.4018,0.3773,-0.0245,0.7217,0.9952,2.46,3.7479999999999998,0.92208,1.1543999999999999
-19.8,-40.0,,125,0.2522,0.2522,0.381,0.1288,0.7325,0.9094,1.752,2.69,0.89648,1.21954
-19.8,-39.8,,118,0.3217,0.3217,0.3837,0.062,0.7477,0.9815,2.0785,3.16,0.89696,1.1842599999999999
-19.8,-39.6,,97,0.3812,0.3812,0.3992,0.018,0.7425,1.0,2.308,3.602,0.90286,1.1517199999999999
-19.8,-39.4,,77,0.4104,0.4104,0.3883,-0.0221,0.7089,1.0,2.5,3.792,0.9110400000000001,1.1652200000000001
-19.6,-39.6,,108,0.3441,0.3441,0.401,0.0569,0.7665,1.0,2.1135,3.2359999999999998,0.9493750000000001,1.22006
-19.6,-39.4,,90,0.3828,0.3828,0.3908,0.008,0.7301,0.9846,2.2689999999999997,3.601,0.938315,1.207145
-19.4,-39.6,,106,0.2736,0.2736,0.3991,0.1255,0.7646,1.0,1.74,2.53,1.0474999999999999,1.368825
-19.4,-39.4,,89,0.3683,0.3683,0.3922,0.0239,0.7304,0.9921,2.132,3.2779999999999996,1.04044,1.3518
-19.2,-39.6,,94,0.3017,0.3017,0.402,0.1003,0.742,1.0,1.68,2.4905,1.21984,1.5675249999999998
-19.2,-39.4,,92,0.389,0.389,0.3954,0.0064,0.7391,0.981,2.09,3.2750000000000004,1.175565,1.4954450000000001
-19.0,-39.6,,90,0.3058,0.3058,0.4044,0.0986,0.7725,1.0,1.58,2.331,1.34697,1.70336
-19.0,-39.4,,93,0.4058,0.4058,0.3867,-0.0191,0.7358,0.9674,2.04,3.237999999999999,1.29556,1.6481599999999994
-18.8,-39.6,,94,0.2773,0.2773,0.3987,0.1214,0.7866,1.0,1.35,1.9734999999999998,1.4579,1.834485
-18.8,-39.4,,89,0.3996,0.3996,0.3954,-0.0042,0.7674,0.9578,1.914,2.98,1.4113,1.76164
-18.6,-39.6,,98,0.3005,0.3005,0.3861,0.0856,0.7732,0.9466,1.35,2.04,1.551255,1.9605599999999999
-18.6,-39.4,,92,0.4016,0.4016,0.3795,-0.0221,0.7566,0.9666,1.8455000000000001,2.879,1.5083499999999999,1.8857000000000002
-18.4,-39.6,,98,0.3456,0.3456,0.3847,0.0391,0.7656,0.9903,1.48,2.2245,1.6205450000000001,2.0713899999999996
-18.4,-39.4,,98,0.4242,0.4242,0.3947,-0.0295,0.7563,1.0,1.8285,2.94,1.575745,1.9830099999999995
-18.2,-39.4,,104,0.3968,0.3968,0.3896,-0.0072,0.7638,1.0,1.6715,2.6285,1.629345,2.06567
-18.2,-39.2,,97,0.438,0.438,0.3831,-0.0549,0.7487,0.9626,1.9,3.0779999999999994,1.57158,1.9770599999999994
-18.2,-39.0,,91,0.4559,0.4559,0.359,-0.0969,0.7277,0.9574,2.06,3.35,1.4941499999999999,1.9351500000000001
-18.0,-39.4,,108,0.3471,0.3471,0.3967,0.0496,0.7791,1.0,1.3835,2.1865,1.67974,2.12585
-18.0,-39.2,,106,0.4182,0.4182,0.365,-0.0532,0.7323,0.9703,1.7425,2.92,1.613925,2.078025
-18.0,-39.0,,103,0.4338,0.4338,0.3619,-0.0719,0.7425,0.9705,1.894,3.197,1.5269599999999999,1.9732199999999995
-18.0,-38.8,,99,0.4072,0.4072,0.3561,-0.0511,0.7169,0.9656,1.91,3.102,1.44349,1.86848
-17.8,-39.0,,104,0.3797,0.3797,0.3588,-0.0209,0.7462,0.9735,1.71,2.787,1.51047,1.9535249999999997
-17.8,-38.8,,87,0.3702,0.3702,0.359,-0.0112,0.7081,0.9666,1.75,2.7680000000000002,1.443,1.8719600000000003
-17.6,-39.0,,92,0.2622,0.2622,0.3665,0.1043,0.7256,1.0,1.2255,2.0145,1.45142,1.88629
-17.6,-38.8,,72,0.3582,0.3582,0.3947,0.0365,0.7118,0.9379,1.7655,2.7070000000000003,1.39387,1.730285
-17.4,-39.0,,74,0.2766,0.2766,0.3819,0.1053,0.7187,0.9467,1.4264999999999999,2.1019999999999994,1.38781,1.7497099999999999
-17.4,-38.8,,66,0.371,0.371,0.3927,0.0217,0.6905,0.9045,1.8824999999999998,2.93,1.327975,1.646125
-17.2,-39.0,,76,0.3036,0.3036,0.3811,0.0775,0.7411,0.875,1.5875000000000001,2.4175,1.3297,1.67675
-17.2,-38.8,,69,0.3619,0.3619,0.4154,0.0535,0.7394,0.9074,1.854,2.9659999999999997,1.26376,1.55812
-17.0,-39.0,,76,0.2863,0.2863,0.403,0.1167,0.7472,0.8567,1.5275,2.33,1.29285,1.62175
-17.0,-38.8,,69,0.3483,0.3483,0.4137,0.0654,0.7637,0.8966,1.84,2.962,1.215,1.49962
-16.8,-39.0,,76,0.278,0.278,0.4079,0.1299,0.7876,0.8582,1.525,2.36,1.254975,1.557775
-16.8,-38.8,,70,0.3548,0.3548,0.4139,0.0591,0.7703,0.874,1.85,3.0665,1.21227,1.488715
-16.6,-39.0,,82,0.2199,0.2199,0.4227,0.2028,0.7885,0.8756,1.2705,1.9080000000000001,1.254305,1.549565
-16.6,-38.8,,72,0.3714,0.3714,0.4075,0.0361,0.782,0.8515,1.95,3.1445,1.226875,1.50001
-16.4,-38.8,,77,0.3505,0.3505,0.4133,0.0628,0.7786,0.8545,1.838,2.934,1.24202,1.51582
-16.4,-38.6,,67,0.3866,0.3866,0.4237,0.0371,0.8094,0.8579,2.049,3.182,1.20577,1.46994
-16.2,-38.8,,80,0.2939,0.2939,0.4343,0.1404,0.7985,0.8852,1.5795000000000001,2.4225,1.25434,1.53676
-16.2,-38.6,,73,0.3802,0.3802,0.4222,0.042,0.8126,0.8429,1.992,3.099999999999999,1.2313399999999999,1.50064
-16.0,-38.8,,83,0.2703,0.2703,0.4183,0.148,0.8029,0.8623,1.5010000000000001,2.299,1.25074,1.53319
-16.0,-38.6,,71,0.3804,0.3804,0.4253,0.0449,0.8159,0.8709,2.01,3.1,1.2348,1.5017
-15.8,-38.8,,73,0.2456,0.2456,0.409,0.1634,0.7564,0.8484,1.446,2.1679999999999993,1.23082,1.4996999999999998
-15.8,-38.6,,61,0.3889,0.3889,0.4157,0.0268,0.7724,0.9027,2.07,3.3,1.2267,1.46
-15.8,-38.4,,53,0.402,0.402,0.4197,0.0177,0.8289,0.9315,2.13,3.256,1.24094,1.46138
-15.6,-38.8,,67,0.2895,0.2895,0.4033,0.1138,0.7409,0.8453,1.65,2.5109999999999992,1.22435,1.50403
-15.6,-38.6,,57,0.3894,0.3894,0.4168,0.0274,0.7915,0.9037,2.048,3.274,1.2350999999999999,1.46538
-15.4,-38.8,,62,0.3246,0.3246,0.4242,0.0996,0.7536,0.8942,1.7905,2.7759999999999994,1.22334,1.47356
-15.4,-38.6,,54,0.3955,0.3955,0.4295,0.034,0.7939,0.9214,2.0695,3.2109999999999994,1.2437449999999999,1.468675
-15.2,-38.8,,60,0.3279,0.3279,0.4352,0.1073,0.7426,0.9087,1.79,2.8135,1.2167800000000002,1.47152
-15.2,-38.6,,53,0.4028,0.4028,0.4309,0.0281,0.7747,0.9179,2.08,3.2219999999999995,1.25768,1.47592
-15.0,-38.8,,61,0.3475,0.3475,0.4089,0.0614,0.7318,0.9103,1.87,2.97,1.2428,1.4724
-15.0,-38.6,,53,0.4056,0.4056,0.4354,0.0298,0.7797,0.9099,2.09,3.226,1.2534,1.48224
-14.8,-38.8,,60,0.3598,0.3598,0.426,0.0662,0.7629,0.9323,1.9485,2.9469999999999996,1.244025,1.4688599999999998
-14.8,-38.6,,53,0.4105,0.4105,0.4215,0.011,0.799,0.9123,2.132,3.278,1.25772,1.47732
-14.6,-38.8,,58,0.3762,0.3762,0.4434,0.0672,0.7788,0.9237,1.997,3.0469999999999997,1.243975,1.478725
-14.6,-38.6,,53,0.4189,0.4189,0.4336,0.0147,0.797,0.9057,2.124,3.354,1.24902,1.48046
-14.4,-38.8,,58,0.3879,0.3879,0.447,0.0591,0.7787,0.9203,2.02,3.1449999999999996,1.2455,1.485115
-14.4,-38.6,,50,0.4269,0.4269,0.4283,0.0014,0.7815,0.885,2.1845,3.3765,1.25856,1.48797
-14.2,-38.8,,60,0.3698,0.3698,0.4432,0.0734,0.7652,0.916,1.909,3.0629999999999997,1.255935,1.49281
-14.2,-38.6,,48,0.4314,0.4314,0.4501,0.0187,0.7889,0.8894,2.17,3.3795,1.25701,1.4960900000000001
-14.0,-38.8,,65,0.3527,0.3527,0.4374,0.0847,0.7774,0.926,1.84,2.912,1.25722,1.50132
-14.0,-38.6,,55,0.4277,0.4277,0.4459,0.0182,0.792,0.8986,2.147,3.39,1.25665,1.50373
-13.8,-38.8,,63,0.3422,0.3422,0.4442,0.102,0.7866,0.9253,1.762,2.7979999999999996,1.26724,1.51726
-13.8,-38.6,,59,0.4315,0.4315,0.4439,0.0124,0.7895,0.9106,2.166,3.3819999999999997,1.26403,1.50924
-13.6,-38.8,,64,0.3327,0.3327,0.432,0.0993,0.7763,0.9247,1.733,2.7439999999999998,1.274265,1.5242299999999998
-13.6,-38.6,,60,0.4291,0.4291,0.4531,0.024,0.7942,0.9118,2.1294999999999997,3.3219999999999996,1.278195,1.519315
-13.4,-38.8,,66,0.3305,0.3305,0.4247,0.0942,0.7611,0.9108,1.75,2.715,1.280325,1.5391750000000002
-13.4,-38.6,,64,0.4277,0.4277,0.4544,0.0267,0.7666,0.9234,2.113,3.3354999999999997,1.26999,1.5245900000000001
-13.4,-38.4,,57,0.4464,0.4464,0.4578,0.0114,0.7784,0.9069,2.198,3.438,1.27566,1.5191599999999998
-13.2,-38.6,,67,0.4133,0.4133,0.4415,0.0282,0.7831,0.9145,2.04,3.2619999999999996,1.28098,1.53829
-13.2,-38.4,,62,0.4418,0.4418,0.4545,0.0127,0.7766,0.9199,2.1515,3.4485,1.2722600000000002,1.5248899999999999
-13.2,-38.2,,55,0.4465,0.4465,0.4349,-0.0116,0.7681,0.8978,2.22,3.522,1.2703,1.51556
-13.2,-38.0,,49,0.4479,0.4479,0.4145,-0.0334,0.7698,0.9302,2.274,3.546,1.2852000000000001,1.50346
-13.0,-38.4,,66,0.4108,0.4108,0.4322,0.0214,0.7857,0.9091,2.0124999999999997,3.26,1.284325,1.538125
-13.0,-38.2,,63,0.4332,0.4332,0.4371,0.0039,0.7841,0.9213,2.1430000000000002,3.419,1.26711,1.5208199999999998
-13.0,-38.0,,56,0.4457,0.4457,0.403,-0.0427,0.7465,0.8947,2.22,3.705,1.2715999999999998,1.50835
-13.0,-37.8,,48,0.4456,0.4456,0.4094,-0.0362,0.7849,0.9542,2.267,3.5829999999999997,1.277545,1.4981250000000002
-12.8,-38.0,,61,0.4277,0.4277,0.413,-0.0147,0.7727,0.9198,2.19,3.4,1.2663,1.5206
-12.8,-37.8,,53,0.443,0.443,0.3909,-0.0521,0.7499,0.8902,2.25,3.7279999999999998,1.2729,1.5006
-12.6,-37.8,,60,0.4233,0.4233,0.3888,-0.0345,0.7408,0.9138,2.1895,3.5664999999999996,1.265975,1.513485
-12.6,-37.6,,54,0.4432,0.4432,0.3976,-0.0456,0.771,0.9322,2.2864999999999998,3.740499999999999,1.2507650000000001,1.496105
-12.4,-37.8,,63,0.3407,0.3407,0.385,0.0443,0.7562,0.9229,1.8130000000000002,2.859,1.2943900000000002,1.5502299999999998
-12.4,-37.6,,58,0.4274,0.4274,0.3863,-0.0411,0.7803,0.9724,2.21,3.5535,1.2648849999999998,1.5040049999999998
-12.4,-37.4,,52,0.4477,0.4477,0.3648,-0.0829,0.7779,1.0,2.301,3.74,1.27569,1.4949649999999999
-12.2,-37.6,,61,0.3882,0.3882,0.3885,0.0003,0.8001,0.9784,2.03,3.28,1.2806,1.5116
-12.2,-37.4,,54,0.4409,0.4409,0.3739,-0.067,0.7666,0.9852,2.246,3.7854999999999994,1.266715,1.5032050000000001
-12.0,-37.4,,59,0.4277,0.4277,0.3745,-0.0532,0.7559,0.9811,2.2,3.691,1.27224,1.51308
-12.0,-37.2,,51,0.4484,0.4484,0.3636,-0.0848,0.7354,1.0,2.28,3.915,1.27215,1.5015
-11.8,-37.4,,58,0.4,0.4,0.367,-0.033,0.7328,0.9853,2.0385,3.5915,1.29309,1.525525
-11.8,-37.2,,55,0.4371,0.4371,0.375,-0.0621,0.7458,0.997,2.23,3.792,1.27101,1.50681
-11.6,-37.4,,64,0.4012,0.4012,0.3851,-0.0161,0.7441,0.9716,1.87,3.1754999999999978,1.47906,1.76144
-11.6,-37.2,,56,0.4126,0.4126,0.3807,-0.0319,0.7578,0.9947,2.1375,3.5500000000000003,1.278925,1.5168000000000001
-11.6,-37.0,,50,0.4461,0.4461,0.3859,-0.0602,0.722,0.9999,2.2744999999999997,3.902999999999999,1.26707,1.503055
-11.4,-37.2,,58,0.3658,0.3658,0.3854,0.0196,0.7799,0.9892,1.88,3.0805,1.3100500000000002,1.548045
-11.4,-37.0,,54,0.436,0.436,0.3898,-0.0462,0.7448,0.9993,2.203,3.700499999999999,1.276945,1.5180150000000001
-11.4,-36.8,,46,0.4511,0.4511,0.3651,-0.086,0.7269,1.0,2.3475,3.83,1.281525,1.5024
-11.2,-37.0,,54,0.3952,0.3952,0.3994,0.0042,0.7809,0.988,2.01,3.258999999999999,1.29947,1.53681
-11.2,-36.8,,49,0.4393,0.4393,0.3889,-0.0504,0.7737,1.0,2.274,3.6359999999999983,1.27342,1.51896
-11.0,-37.0,,53,0.2736,0.2736,0.4024,0.1288,0.7815,0.9782,1.472,2.292,1.32434,1.55612
-11.0,-36.8,,53,0.4302,0.4302,0.3929,-0.0373,0.7931,0.9911,2.202,3.5159999999999996,1.2906,1.53178
-11.0,-36.6,,47,0.4507,0.4507,0.3943,-0.0564,0.7596,1.0,2.306,3.7239999999999998,1.28038,1.5212599999999998
-10.8,-36.8,,56,0.3192,0.3192,0.3993,0.0801,0.7735,0.9843,1.6775,2.63,1.3199,1.5550000000000002
-10.8,-36.6,,51,0.425,0.425,0.4083,-0.0167,0.778,0.9943,2.1550000000000002,3.495,1.2893,1.54985
-10.8,-36.4,,46,0.4509,0.4509,0.3911,-0.0598,0.7624,1.0,2.315,3.73,1.2839,1.52615
-10.8,-36.2,,43,0.4621,0.4621,0.3747,-0.0874,0.7256,1.0,2.382,3.867,1.28397,1.52281
-10.6,-36.6,,52,0.3737,0.3737,0.397,0.0233,0.7953,0.9828,1.911,3.0444999999999993,1.32117,1.58303
-10.6,-36.4,,52,0.4128,0.4128,0.3995,-0.0133,0.7877,0.9939,2.1355,3.3804999999999987,1.28711,1.543535
-10.6,-36.2,,51,0.4446,0.4446,0.401,-0.0436,0.7605,0.9966,2.25,3.595,1.2889499999999998,1.5354
-10.6,-36.0,,47,0.4647,0.4647,0.3981,-0.0666,0.7521,1.0,2.373,3.762999999999999,1.28704,1.52395
-10.4,-36.2,,53,0.3772,0.3772,0.3946,0.0174,0.7583,0.9755,1.95,2.9859999999999998,1.336,1.57774
-10.4,-36.0,,50,0.446,0.446,0.4006,-0.0454,0.7619,0.9846,2.2845,3.5869999999999993,1.291825,1.5429350000000002
-10.4,-35.8,,47,0.4641,0.4641,0.3965,-0.0676,0.7657,1.0,2.382,3.741999999999999,1.28487,1.52811
-10.2,-36.0,,56,0.3959,0.3959,0.397,0.0011,0.7665,0.9762,2.05,3.1825,1.3086250000000001,1.570775
-10.2,-35.8,,51,0.4467,0.4467,0.3921,-0.0546,0.7678,0.9914,2.3049999999999997,3.5999999999999996,1.28485,1.53845
-10.2,-35.6,,47,0.4616,0.4616,0.4114,-0.0502,0.7874,0.9972,2.363,3.7159999999999997,1.27175,1.53177
-10.0,-35.8,,55,0.394,0.394,0.3937,-0.0003,0.76,0.9777,2.051,3.1939999999999995,1.3019699999999998,1.5616599999999998
-10.0,-35.6,,49,0.4502,0.4502,0.4014,-0.0488,0.7797,0.9887,2.308,3.5879999999999996,1.28836,1.54386
-10.0,-35.4,,46,0.4682,0.4682,0.4058,-0.0624,0.7921,0.986,2.4025,3.725,1.278775,1.54155
-9.8,-35.8,,54,0.4276,0.4276,0.4106,-0.017,0.7922,0.9822,2.14,3.4014999999999995,1.323165,1.58774
-9.8,-35.6,,51,0.4388,0.4388,0.4027,-0.0361,0.7895,0.9872,2.21,3.4749999999999996,1.3161,1.56805
-9.8,-35.4,,48,0.4585,0.4585,0.4148,-0.0437,0.8054,0.9836,2.32,3.5959999999999996,1.29013,1.552515
-9.6,-35.6,,51,0.325,0.325,0.4341,0.1091,0.847,1.0,1.62,2.44,1.3924500000000002,1.6880000000000002
-9.6,-35.4,,49,0.4271,0.4271,0.4076,-0.0195,0.8172,0.9894,2.178,3.3319999999999994,1.31888,1.58758
-9.6,-35.2,,48,0.4463,0.4463,0.3961,-0.0502,0.8076,0.9835,2.3009999999999997,3.5195,1.29108,1.55168
-9.4,-35.4,,51,0.3032,0.3032,0.4467,0.1435,0.8648,1.0,1.53,2.295,1.3789500000000001,1.66235
-9.4,-35.2,,49,0.4312,0.4312,0.4093,-0.0219,0.8107,0.9893,2.186,3.3359999999999994,1.32146,1.587
-9.4,-35.0,,47,0.4527,0.4527,0.3821,-0.0706,0.8201,0.9688,2.37,3.568,1.2944,1.5542
-9.2,-35.2,,54,0.3645,0.3645,0.4159,0.0514,0.8328,0.9983,1.8725,2.7279999999999998,1.3708150000000001,1.635375
-9.2,-35.0,,51,0.4358,0.4358,0.3993,-0.0365,0.8147,0.9881,2.25,3.37,1.31115,1.5756999999999999
-9.2,-34.8,,49,0.4568,0.4568,0.3942,-0.0626,0.836,0.9909,2.372,3.5839999999999996,1.28948,1.54884
-9.0,-35.0,,53,0.4191,0.4191,0.4106,-0.0085,0.7874,1.0,2.132,3.252,1.32674,1.5895000000000001
-9.0,-34.8,,53,0.4464,0.4464,0.3974,-0.049,0.8177,0.9899,2.316,3.4859999999999998,1.295,1.56362
-8.8,-35.0,,55,0.3911,0.3911,0.3739,-0.0172,0.7767,0.9875,2.01,3.21,1.3523200000000002,1.61048
-8.8,-34.8,,54,0.4412,0.4412,0.4063,-0.0349,0.8768,1.0,2.27,3.4139999999999997,1.304355,1.56861
-8.6,-34.8,,55,0.4313,0.4313,0.3739,-0.0574,0.8351,1.0,2.21,3.5309999999999997,1.32193,1.5863699999999998
-8.6,-34.6,,52,0.4559,0.4559,0.3876,-0.0683,0.8856,0.9932,2.38,3.6079999999999997,1.303355,1.566155
-8.4,-34.8,,61,0.385,0.385,0.3797,-0.0053,0.7887,1.0,1.99,3.13,1.3336,1.6034
-8.4,-34.6,,54,0.4468,0.4468,0.3926,-0.0542,0.8757,1.0,2.3165,3.563499999999999,1.30779,1.5709499999999998
-8.2,-34.8,,62,0.4061,0.4061,0.4013,-0.0048,0.7547,1.0,2.1,3.0734999999999997,1.35704,1.62272
-8.2,-34.6,,61,0.4298,0.4298,0.3879,-0.0419,0.7571,1.0,2.27,3.3,1.3248,1.5848
-8.0,-34.8,,65,0.377,0.377,0.4112,0.0342,0.749,1.0,1.942,2.788,1.37698,1.64224
-8.0,-34.6,,64,0.4196,0.4196,0.4056,-0.014,0.7624,1.0,2.19,3.1394999999999995,1.339955,1.613005
-8.0,-34.4,,61,0.4528,0.4528,0.4135,-0.0393,0.7698,0.9982,2.36,3.43,1.3224,1.5762
-7.8,-34.8,,69,0.3436,0.3436,0.4129,0.0693,0.7335,1.0,1.764,2.52,1.4030799999999999,1.66794
-7.8,-34.6,,66,0.393,0.393,0.4074,0.0144,0.7331,1.0,2.05,2.91,1.36285,1.6334
-7.8,-34.4,,63,0.4509,0.4509,0.412,-0.0389,0.7397,0.9983,2.35,3.395,1.32687,1.5904
-7.6,-34.8,,63,0.2842,0.2842,0.4275,0.1433,0.7791,0.8911,1.411,1.9849999999999999,1.48163,1.75482
-7.6,-34.6,,66,0.3592,0.3592,0.409,0.0498,0.7254,0.9581,1.8625,2.6675,1.3753,1.6502750000000002
-7.6,-34.4,,64,0.444,0.444,0.402,-0.042,0.7474,1.0,2.3215,3.3455,1.330595,1.598085
-7.4,-34.6,,64,0.368,0.368,0.3938,0.0258,0.7241,0.9522,1.94,2.737,1.384775,1.648845
-7.4,-34.4,,67,0.4392,0.4392,0.4009,-0.0383,0.743,0.9858,2.31,3.304,1.3365500000000001,1.59982
-7.2,-34.6,,63,0.3882,0.3882,0.3897,0.0015,0.7517,0.943,2.041,2.87,1.3839700000000001,1.6556899999999999
-7.2,-34.4,,62,0.4383,0.4383,0.4019,-0.0364,0.7757,0.9612,2.32,3.249,1.337285,1.5991449999999998
-7.0,-34.8,,67,0.2573,0.2573,0.3889,0.1316,0.7598,0.9706,1.4,1.811,1.43199,1.70762
-7.0,-34.6,,60,0.4033,0.4033,0.3971,-0.0062,0.7068,0.9531,2.13,2.9639999999999995,1.364585,1.634625
-7.0,-34.4,,63,0.4334,0.4334,0.4034,-0.03,0.7908,0.9598,2.3,3.1590000000000003,1.34881,1.60719
-6.8,-34.8,,61,0.2685,0.2685,0.3875,0.119,0.7578,0.9587,1.47,1.94,1.4045,1.6742
-6.8,-34.6,,61,0.4198,0.4198,0.3889,-0.0309,0.6932,0.958,2.22,3.1,1.3572,1.6217
-6.6,-34.8,,60,0.3498,0.3498,0.3972,0.0474,0.7192,0.964,1.8795,2.5039999999999996,1.38329,1.65077
-6.6,-34.6,,59,0.4185,0.4185,0.3858,-0.0327,0.7176,0.9586,2.23,3.07,1.36098,1.62147
-6.4,-34.8,,57,0.3882,0.3882,0.3955,0.0073,0.7098,0.9672,2.086,2.7519999999999993,1.3742400000000001,1.64196
-6.4,-34.6,,58,0.431,0.431,0.3823,-0.0487,0.7044,0.9663,2.29,3.1425,1.36045,1.624915
-6.2,-35.0,,66,0.2693,0.2693,0.4233,0.154,0.7758,0.9634,1.47,1.8875,1.4063,1.670675
-6.2,-34.8,,59,0.4043,0.4043,0.3848,-0.0195,0.6815,0.9654,2.1380000000000003,2.985,1.37392,1.63538
-6.2,-34.6,,65,0.4364,0.4364,0.3672,-0.0692,0.7018,0.9621,2.32,3.2199999999999998,1.36506,1.62102
-6.0,-35.0,,66,0.3508,0.3508,0.3903,0.0395,0.7245,0.9713,1.8924999999999998,2.4925,1.405575,1.66265
-6.0,-34.8,,67,0.4115,0.4115,0.3962,-0.0153,0.7399,0.9705,2.2,2.875,1.3784299999999998,1.63866
-5.8,-35.0,,72,0.3558,0.3558,0.3967,0.0409,0.754,0.9651,1.9055,2.5589999999999997,1.394765,1.655605
-5.8,-34.8,,64,0.4261,0.4261,0.3747,-0.0514,0.6933,0.9712,2.2615,3.1694999999999984,1.37552,1.63239
-5.6,-35.0,,69,0.3808,0.3808,0.3834,0.0026,0.7533,0.9806,2.04,2.7619999999999987,1.3955199999999999,1.6481000000000001
-5.6,-34.8,,61,0.4406,0.4406,0.366,-0.0746,0.7667,0.9678,2.34,3.24,1.3899,1.6323
-5.4,-35.2,,71,0.393,0.393,0.3876,-0.0054,0.801,0.9649,2.025,2.63,1.49885,1.7534999999999998
-5.4,-35.0,,69,0.4179,0.4179,0.3973,-0.0206,0.8095,0.9743,2.214,2.959999999999999,1.39636,1.65234
-5.4,-34.8,,60,0.4504,0.4504,0.3807,-0.0697,0.801,0.9665,2.39,3.2405000000000004,1.3835849999999998,1.6312900000000001
-5.2,-35.4,,69,0.3817,0.3817,0.4193,0.0376,0.7582,1.0,1.874,2.312,1.59856,1.88152
-5.2,-35.2,,70,0.3941,0.3941,0.4057,0.0116,0.8534,0.9767,2.08,2.6155,1.456115,1.7245849999999998
-5.2,-35.0,,73,0.4286,0.4286,0.4037,-0.0249,0.8402,0.9973,2.27,3.004,1.40044,1.6506
-5.0,-36.6,,66,0.3245,0.3245,0.4107,0.0862,0.7628,0.8638,1.4324999999999999,1.98,1.6884,1.973725
-5.0,-36.2,,74,0.3317,0.3317,0.4295,0.0978,0.8588,0.889,1.36,1.8869999999999998,1.74962,2.083595
-5.0,-35.6,,76,0.336,0.336,0.4278,0.0918,0.8466,0.9787,1.7275,2.0525,1.54155,1.812725
-5.0,-35.4,,71,0.3718,0.3718,0.4128,0.041,0.8328,0.9855,1.94,2.43,1.49115,1.7512500000000002
-5.0,-35.2,,66,0.4091,0.4091,0.3987,-0.0104,0.8559,0.9963,2.1525,2.805,1.44665,1.6885000000000001
-5.0,-35.0,,65,0.4312,0.4312,0.3784,-0.0528,0.853,0.986,2.31,3.0599999999999996,1.39826,1.63524
-4.8,-37.2,,88,0.5152,0.5152,0.4367,-0.0785,0.7173,0.8709,1.77,2.1089999999999995,2.3146,2.7260549999999997
-4.8,-37.0,,82,0.3761,0.3761,0.4367,0.0606,0.7289,0.8841,1.81,2.1485,1.6463349999999999,1.9432
-4.8,-36.8,,81,0.3752,0.3752,0.4479,0.0727,0.7183,0.8962,1.87,2.22,1.5813,1.8578
-4.8,-36.6,,79,0.3741,0.3741,0.4091,0.035,0.7549,0.8731,1.91,2.3449999999999998,1.53608,1.81433
-4.8,-36.4,,72,0.3668,0.3668,0.3836,0.0168,0.7547,0.8553,1.92,2.4105000000000003,1.498965,1.760615
-4.8,-36.2,,74,0.3623,0.3623,0.3759,0.0136,0.7707,0.8875,1.92,2.3844999999999996,1.48687,1.747315
-4.8,-36.0,,72,0.367,0.367,0.3983,0.0313,0.7913,0.9448,1.9355,2.3945,1.482285,1.7363
-4.8,-35.8,,74,0.3756,0.3756,0.4161,0.0405,0.8125,0.978,1.99,2.4034999999999997,1.475615,1.733455
-4.8,-35.6,,65,0.3949,0.3949,0.3931,-0.0018,0.8066,0.9886,2.08,2.63,1.4731,1.72954
-4.8,-35.4,,62,0.418,0.418,0.3966,-0.0214,0.8408,1.0,2.1905,2.849,1.4596850000000001,1.6997499999999999
-4.6,-37.4,,89,0.3374,0.3374,0.4679,0.1305,0.7762,0.8741,1.53,1.83,1.71378,1.99142
-4.6,-37.2,,83,0.4037,0.4037,0.4556,0.0519,0.7282,0.8773,1.93,2.3659999999999997,1.63039,1.91642
-4.6,-37.0,,80,0.4081,0.4081,0.471,0.0629,0.7782,0.8878,2.06,2.4739999999999998,1.538445,1.803585
-4.6,-36.8,,75,0.4047,0.4047,0.4482,0.0435,0.7532,0.8748,2.09,2.529,1.50117,1.7601799999999999
-4.6,-36.6,,75,0.4044,0.4044,0.4273,0.0229,0.7182,0.8597,2.097,2.581,1.48896,1.76271
-4.6,-36.0,,72,0.404,0.404,0.3842,-0.0198,0.7671,0.9799,2.1355,2.6315000000000004,1.477605,1.73859
-4.4,-37.6,,83,0.3895,0.3895,0.4621,0.0726,0.7997,0.866,1.78,2.1390000000000002,1.71941,2.0147
-4.4,-37.4,,86,0.4219,0.4219,0.4512,0.0293,0.7715,0.847,2.01,2.4625000000000004,1.638625,1.9292500000000001
-4.4,-37.2,,83,0.4205,0.4205,0.4565,0.036,0.7766,0.9014,2.101,2.598,1.5375800000000002,1.80938
-4.4,-37.0,,78,0.4231,0.4231,0.4438,0.0207,0.7665,0.905,2.1685,2.621999999999999,1.51425,1.7819699999999998
-4.2,-37.8,,85,0.3642,0.3642,0.453,0.0888,0.8288,0.8826,1.64,2.02,1.71628,2.01306
-4.2,-37.6,,83,0.4059,0.4059,0.4346,0.0287,0.8195,0.9411,1.93,2.37,1.65693,1.93373
-4.2,-37.4,,82,0.4346,0.4346,0.438,0.0034,0.7882,1.0,2.15,2.6795,1.563705,1.84061
-4.2,-32.6,,61,0.4554,0.4554,0.4136,-0.0418,0.8066,1.0,2.44,3.37,1.2942,1.5579
-4.2,-32.4,,59,0.4505,0.4505,0.4129,-0.0376,0.7795,1.0,2.447,3.2929999999999997,1.29398,1.5522699999999998
-4.2,-32.2,,62,0.4497,0.4497,0.4199,-0.0298,0.7769,1.0,2.4505000000000003,3.2794999999999996,1.2873249999999998,1.54187
-4.0,-38.0,,83,0.375,0.375,0.4284,0.0534,0.7992,0.8652,1.721,2.119,1.70975,2.00036
-4.0,-37.8,,84,0.3973,0.3973,0.42,0.0227,0.8089,0.935,1.8915,2.3655,1.6476000000000002,1.926565
-4.0,-37.6,,83,0.4317,0.4317,0.4201,-0.0116,0.8127,1.0,2.131,2.697,1.5661100000000001,1.8461
-4.0,-32.8,,60,0.4584,0.4584,0.4074,-0.051,0.8042,0.9981,2.4595,3.3634999999999997,1.298565,1.5694249999999998
-4.0,-32.6,,60,0.45,0.45,0.4133,-0.0367,0.8022,0.9997,2.42,3.3505000000000003,1.2932750000000002,1.56118
-4.0,-32.4,,60,0.4414,0.4414,0.4139,-0.0275,0.7884,1.0,2.3994999999999997,3.2435,1.286165,1.552815
-4.0,-32.2,,62,0.4463,0.4463,0.4062,-0.0401,0.7671,1.0,2.4505000000000003,3.2984999999999998,1.281805,1.54345
-4.0,-32.0,,64,0.4486,0.4486,0.3971,-0.0515,0.7853,1.0,2.47,3.3554999999999997,1.2739500000000001,1.53372
-3.8,-38.2,,88,0.381,0.381,0.4243,0.0433,0.7944,0.8582,1.78,2.2,1.6833,1.962505
-3.8,-38.0,,89,0.4092,0.4092,0.4168,0.0076,0.8118,1.0,1.96,2.466,1.63488,1.91056
-3.8,-32.8,,61,0.4409,0.4409,0.4148,-0.0261,0.8013,0.9647,2.37,3.22,1.3003,1.5701
-3.8,-32.6,,60,0.4168,0.4168,0.3993,-0.0175,0.7408,0.9589,2.2695,3.1115,1.2976100000000002,1.5654249999999998
-3.8,-32.4,,64,0.4044,0.4044,0.4041,-0.0003,0.7025,1.0,2.24,3.0469999999999997,1.290195,1.53958
-3.8,-32.2,,65,0.4375,0.4375,0.399,-0.0385,0.7403,0.8624,2.412,3.306,1.2814599999999998,1.52834
-3.8,-32.0,,64,0.447,0.447,0.3958,-0.0512,0.7754,1.0,2.4515000000000002,3.3569999999999998,1.275065,1.53485
-3.6,-38.6,,85,0.3467,0.3467,0.4326,0.0859,0.7679,0.8674,1.632,1.994,1.6650800000000001,1.93942
-3.6,-38.4,,88,0.3815,0.3815,0.4192,0.0377,0.7448,0.8544,1.83,2.2589999999999995,1.644025,1.918565
-3.6,-38.2,,84,0.4107,0.4107,0.4269,0.0162,0.8002,0.9818,1.9915,2.4985,1.61155,1.87712
-3.6,-38.0,,88,0.4245,0.4245,0.4341,0.0096,0.846,1.0,2.0835,2.6594999999999995,1.54854,1.826895
-3.6,-32.8,,63,0.4365,0.4365,0.4015,-0.035,0.7959,0.96,2.351,3.26,1.30174,1.56922
-3.6,-32.6,,58,0.4193,0.4193,0.3934,-0.0259,0.6763,0.9934,2.3185,3.1515,1.29577,1.545985
-3.6,-32.4,,62,0.4066,0.4066,0.41,0.0034,0.7425,1.0,2.2605,3.009,1.286665,1.536395
-3.6,-32.2,,63,0.4267,0.4267,0.3963,-0.0304,0.7243,0.8477,2.35,3.256,1.2788,1.53064
-3.6,-32.0,,59,0.4446,0.4446,0.3958,-0.0488,0.7871,0.8831,2.4490000000000003,3.35,1.27729,1.52879
-3.4,-38.8,,88,0.3826,0.3826,0.4278,0.0452,0.7595,0.9691,1.8035,2.2524999999999995,1.64405,1.916725
-3.4,-38.6,,85,0.4062,0.4062,0.4235,0.0173,0.7577,0.9762,1.94,2.46,1.6186800000000001,1.8838
-3.4,-38.4,,87,0.4232,0.4232,0.4137,-0.0095,0.7885,0.9717,2.05,2.657,1.58829,1.8517
-3.4,-38.2,,85,0.434,0.434,0.4105,-0.0235,0.7973,0.9562,2.14,2.7539999999999996,1.55674,1.8206
-3.4,-32.4,,58,0.4185,0.4185,0.3998,-0.0187,0.7808,0.9511,2.3085,3.1115,1.29281,1.540775
-3.2,-39.2,,94,0.326,0.326,0.4093,0.0833,0.689,0.9822,1.51,1.9174999999999995,1.6647150000000002,1.928075
-3.2,-39.0,,84,0.3899,0.3899,0.413,0.0231,0.7142,0.9741,1.85,2.3985,1.62207,1.8904100000000001
-3.2,-38.8,,86,0.4194,0.4194,0.4217,0.0023,0.7593,0.9662,2.04,2.58,1.589325,1.8559
-3.2,-38.6,,85,0.4329,0.4329,0.4112,-0.0217,0.765,0.9591,2.14,2.738,1.55678,1.81656
-3.0,-39.4,,97,0.3677,0.3677,0.4187,0.051,0.7217,0.989,1.7,2.1479999999999997,1.68512,1.95124
-3.0,-39.2,,86,0.4019,0.4019,0.4036,0.0017,0.7216,0.976,1.93,2.5025,1.6155,1.881675
-3.0,-39.0,,86,0.4273,0.4273,0.4073,-0.02,0.7692,0.9663,2.0925,2.725,1.5674,1.829475
-3.0,-38.8,,85,0.4335,0.4335,0.4118,-0.0217,0.7897,0.9589,2.16,2.7739999999999996,1.53436,1.79752
-2.8,-41.6,,94,0.3001,0.3001,0.4365,0.1364,0.8188,1.0,1.05,1.4809999999999997,1.84582,2.1535800000000003
-2.8,-41.4,,87,0.3115,0.3115,0.4316,0.1201,0.8363,1.0,1.19,1.631,1.8495599999999999,2.1472800000000003
-2.8,-41.2,,85,0.3591,0.3591,0.444,0.0849,0.824,1.0,1.47,1.882,1.83938,2.13886
-2.8,-41.0,,84,0.3435,0.3435,0.4604,0.1169,0.7956,1.0,1.4,1.79,1.82782,2.11305
-2.8,-40.8,,86,0.321,0.321,0.4486,0.1276,0.7809,1.0,1.32,1.6375,1.821775,2.109475
-2.8,-40.6,,87,0.3096,0.3096,0.439,0.1294,0.8077,1.0,1.3,1.58,1.79972,2.0901199999999998
-2.8,-40.4,,87,0.3356,0.3356,0.4544,0.1188,0.8284,1.0,1.4429999999999998,1.7670000000000001,1.7731700000000001,2.06451
-2.8,-40.2,,88,0.3625,0.3625,0.4462,0.0837,0.8721,1.0,1.59,1.9624999999999995,1.759145,2.04934
-2.8,-40.0,,81,0.3838,0.3838,0.469,0.0852,0.8514,1.0,1.68,2.05,1.774,2.0642
-2.8,-39.8,,86,0.4031,0.4031,0.4454,0.0423,0.8005,1.0,1.8050000000000002,2.225,1.754675,2.0274
-2.8,-39.6,,93,0.4173,0.4173,0.4385,0.0212,0.7563,1.0,1.916,2.414,1.7059,1.97204
-2.8,-39.4,,93,0.4243,0.4243,0.4134,-0.0109,0.7489,0.9893,2.01,2.594,1.64544,1.90738
-2.8,-39.2,,93,0.434,0.434,0.4164,-0.0176,0.7681,0.9764,2.11,2.7479999999999993,1.57912,1.8378
-2.6,-42.4,,97,0.3765,0.3765,0.4533,0.0768,0.8486,1.0,1.498,2.0139999999999993,1.8494199999999998,2.1552599999999997
-2.6,-42.2,,97,0.362,0.362,0.452,0.09,0.8248,1.0,1.46,1.9759999999999995,1.81976,2.1143199999999998
-2.6,-42.0,,96,0.3529,0.3529,0.4448,0.0919,0.7907,1.0,1.44,1.9849999999999999,1.791725,2.0861
-2.6,-41.8,,96,0.3556,0.3556,0.442,0.0864,0.7887,1.0,1.48,1.9925,1.781675,2.081775
-2.6,-41.6,,96,0.3953,0.3953,0.4582,0.0629,0.8043,1.0,1.67,2.1925,1.7848249999999999,2.086975
-2.6,-41.4,,88,0.3531,0.3531,0.4582,0.1051,0.823,1.0,1.48,1.9264999999999999,1.78016,2.075915
-2.6,-41.2,,83,0.4237,0.4237,0.4324,0.0087,0.7783,1.0,1.88,2.3449999999999998,1.78236,2.07017
-2.6,-41.0,,84,0.4008,0.4008,0.4645,0.0637,0.7686,1.0,1.75,2.167,1.76991,2.068955
-2.6,-40.8,,83,0.3733,0.3733,0.4531,0.0798,0.8074,1.0,1.64,1.9989999999999999,1.77095,2.0575099999999997
-2.6,-40.6,,78,0.4348,0.4348,0.4729,0.0381,0.7927,1.0,1.96,2.3504999999999994,1.7579099999999999,2.04932
-2.6,-40.4,,79,0.4367,0.4367,0.4551,0.0184,0.775,1.0,1.99,2.411,1.74349,2.03571
-2.6,-40.2,,82,0.4343,0.4343,0.4514,0.0171,0.7821,1.0,1.99,2.44,1.7315800000000001,2.0160549999999997
-2.6,-40.0,,85,0.4319,0.4319,0.4569,0.025,0.8216,1.0,1.97,2.476,1.71062,1.98678
-2.6,-39.8,,88,0.4301,0.4301,0.4508,0.0207,0.8096,1.0,2.0,2.5089999999999995,1.67751,1.948025
-2.6,-39.6,,92,0.4319,0.4319,0.4191,-0.0128,0.7423,1.0,2.0555,2.629,1.6413849999999999,1.902735
-2.4,-44.2,,93,0.4311,0.4311,0.4796,0.0485,0.9275,1.0,0.82,1.2,2.48014,2.88468
-2.4,-44.0,,95,0.5044,0.5044,0.4526,-0.0518,0.8469,1.0,1.05,1.47,2.92387,3.39378
-2.4,-43.0,,88,0.3657,0.3657,0.4514,0.0857,0.7863,0.955,1.4,1.8724999999999996,1.9021649999999999,2.2070999999999996
-2.4,-42.8,,88,0.4168,0.4168,0.4634,0.0466,0.8303,0.9667,1.7235,2.206,1.841765,2.15142
-2.4,-42.6,,91,0.4327,0.4327,0.4117,-0.021,0.7745,0.9806,1.855,2.525,1.7930000000000001,2.09875
-2.4,-42.4,,92,0.4774,0.4774,0.4734,-0.004,0.8338,0.9902,2.0855,2.72,1.75451,2.055095
-2.4,-42.2,,91,0.4741,0.4741,0.4671,-0.007,0.7818,0.9912,2.1,2.7649999999999997,1.7223000000000002,2.0234
-2.4,-42.0,,90,0.4671,0.4671,0.4633,-0.0038,0.7748,1.0,2.1189999999999998,2.7439999999999998,1.69805,1.983105
-2.4,-41.8,,94,0.4621,0.4621,0.4686,0.0065,0.7933,1.0,2.113,2.7235,1.68737,1.9609349999999999
-2.4,-41.6,,87,0.4619,0.4619,0.4648,0.0029,0.7986,1.0,2.1430000000000002,2.717,1.67648,1.94519
-2.4,-40.8,,76,0.466,0.466,0.4275,-0.0385,0.6913,1.0,2.1975000000000002,2.78,1.6739249999999999,1.958025
-2.4,-40.6,,76,0.4551,0.4551,0.4699,0.0148,0.7688,1.0,2.15,2.62,1.658475,1.94185
-2.4,-40.4,,78,0.4506,0.4506,0.4427,-0.0079,0.7736,1.0,2.1285,2.7129999999999996,1.6464050000000001,1.9270150000000001
-2.4,-40.2,,80,0.4499,0.4499,0.4405,-0.0094,0.7726,1.0,2.13,2.74,1.6381750000000002,1.90901
-2.4,-40.0,,88,0.4459,0.4459,0.4508,0.0049,0.7836,1.0,2.13,2.699,1.619675,1.885865
-2.2,-44.2,,87,0.5248,0.5248,0.4849,-0.0399,0.9127,0.9822,1.4429999999999998,1.94,2.58937,2.9540800000000003
-2.2,-44.0,,93,0.5563,0.5563,0.4815,-0.0748,0.846,0.9549,1.68,2.22,2.52424,2.88376
-2.2,-43.8,,95,0.5476,0.5476,0.4799,-0.0677,0.8271,0.9422,1.727,2.2319999999999998,2.43687,2.82041
-2.2,-43.6,,100,0.5013,0.5013,0.4641,-0.0372,0.8379,0.9031,1.79,2.35,2.15971,2.51022
-2.2,-43.4,,95,0.501,0.501,0.4401,-0.0609,0.773,0.8395,1.897,2.529,2.05562,2.39474
-2.2,-43.2,,93,0.4975,0.4975,0.4773,-0.0202,0.8189,0.894,2.026,2.618,1.91028,2.2294799999999997
-2.2,-43.0,,86,0.4811,0.4811,0.4745,-0.0066,0.7961,1.0,2.0124999999999997,2.6375,1.8287,2.147275
-2.2,-42.8,,93,0.4748,0.4748,0.4795,0.0047,0.8158,0.9918,2.09,2.7,1.7456800000000001,2.03156
-2.2,-42.6,,93,0.4801,0.4801,0.4628,-0.0173,0.772,0.9795,2.186,2.861999999999999,1.67396,1.9596999999999998
-2.0,-44.4,,91,0.4774,0.4774,0.4592,-0.0182,0.8638,1.0,1.06,1.6150000000000002,2.66555,3.01695
-2.0,-44.2,,86,0.5592,0.5592,0.4901,-0.0691,0.9086,1.0,1.5925,2.18,2.600725,2.936325
-2.0,-44.0,,94,0.5836,0.5836,0.4874,-0.0962,0.8716,1.0,1.8565,2.4935,2.444325,2.82281
-2.0,-43.8,,94,0.5697,0.5697,0.4854,-0.0843,0.8382,1.0,1.95,2.5769999999999995,2.300195,2.662635
-2.0,-43.6,,91,0.5435,0.5435,0.4923,-0.0512,0.8681,1.0,2.0149999999999997,2.62,2.1205499999999997,2.45865
-2.0,-43.4,,92,0.5258,0.5258,0.4565,-0.0693,0.7744,1.0,2.12,2.797,1.952875,2.27801
-2.0,-43.2,,87,0.5056,0.5056,0.4827,-0.0229,0.8,1.0,2.14,2.767,1.81971,2.14153
-2.0,-43.0,,89,0.491,0.491,0.472,-0.019,0.7832,1.0,2.17,2.848,1.71402,2.0252799999999995
-1.8,-44.4,,96,0.4837,0.4837,0.4296,-0.0541,0.8036,0.9896,1.14,1.7575,2.6563499999999998,3.01835
-1.8,-44.2,,90,0.5695,0.5695,0.4847,-0.0848,0.8535,1.0,1.7145,2.3555,2.523055,2.8745
-1.6,-44.6,,102,0.4818,0.4818,0.4267,-0.0551,0.8454,0.9984,0.9305000000000001,1.4989999999999997,2.7235799999999997,3.1017349999999997
-1.6,-44.4,,103,0.4747,0.4747,0.441,-0.0337,0.859,0.9867,1.21,1.79,2.5514200000000002,2.9393100000000003
-1.6,-44.2,,96,0.5454,0.5454,0.4632,-0.0822,0.7924,0.9264,1.74,2.36,2.4065250000000002,2.7634499999999997
-1.4,-48.6,,100,0.4977,0.4977,0.4463,-0.0514,0.8722,0.9859,0.2,0.34,2.946555,3.42665
-1.4,-45.2,,95,0.505,0.505,0.4375,-0.0675,0.7357,1.0,0.957,1.45,3.44082,4.18569
-1.4,-45.0,,93,0.5042,0.5042,0.4592,-0.045,0.7692,0.9578,0.956,1.4119999999999997,3.54288,4.21388
-1.4,-44.8,,104,0.4957,0.4957,0.4192,-0.0765,0.8324,1.0,1.11,1.6624999999999996,2.755375,3.1677299999999997
-1.4,-44.6,,102,0.4653,0.4653,0.4362,-0.0291,0.8874,1.0,1.15,1.6694999999999998,2.55228,2.945025
-1.4,-44.4,,104,0.5054,0.5054,0.4339,-0.0715,0.8334,0.9244,1.52,2.13,2.426745,2.8031800000000002
-1.2,-48.6,,85,0.4895,0.4895,0.4676,-0.0219,0.8944,1.0,0.29,0.45,2.8266,3.2494
-1.2,-45.6,,87,0.5079,0.5079,0.4869,-0.021,0.7346,0.983,1.053,1.464,3.9966500000000003,4.72399
-1.2,-45.4,,95,0.5547,0.5547,0.4777,-0.077,0.8224,0.9984,1.5070000000000001,2.04,2.6438900000000003,3.0714900000000003
-1.2,-45.2,,91,0.5611,0.5611,0.4747,-0.0864,0.8258,0.9837,1.51,2.025,2.6957,3.1017
-1.2,-45.0,,91,0.543,0.543,0.4604,-0.0826,0.7894,0.9843,1.5150000000000001,2.06,2.6086,2.9928
-1.2,-44.8,,93,0.5557,0.5557,0.4428,-0.1129,0.7871,0.9726,1.666,2.3399999999999994,2.50968,2.89614
-1.2,-44.6,,98,0.534,0.534,0.4319,-0.1021,0.8249,0.953,1.68,2.3615,2.40196,2.78041
-1.0,-48.4,,89,0.4972,0.4972,0.4296,-0.0676,0.8165,0.9895,0.54,0.7859999999999999,2.9435000000000002,3.42002
-1.0,-46.0,,98,0.5111,0.5111,0.4485,-0.0626,0.8009,1.0,1.2085,1.6444999999999996,2.7846,3.23445
-1.0,-45.8,,100,0.5449,0.5449,0.4618,-0.0831,0.817,1.0,1.42,1.91,2.6978750000000002,3.15138
-1.0,-45.6,,97,0.5647,0.5647,0.4768,-0.0879,0.835,0.9652,1.57,2.0559999999999996,2.64952,3.0824599999999998
-1.0,-45.4,,92,0.5743,0.5743,0.4769,-0.0974,0.8065,0.987,1.68,2.2,2.594435,3.00426
-1.0,-45.2,,91,0.5598,0.5598,0.4849,-0.0749,0.8354,0.9998,1.65,2.175,2.5519499999999997,2.9339500000000003
-1.0,-45.0,,94,0.5429,0.5429,0.4654,-0.0775,0.821,0.9935,1.6265,2.2544999999999997,2.47797,2.852065
-1.0,-44.8,,100,0.518,0.518,0.4401,-0.0779,0.8473,0.9648,1.63,2.2925,2.36198,2.74172
-1.0,-44.6,,94,0.4974,0.4974,0.4281,-0.0693,0.8213,0.9392,1.66,2.3634999999999997,2.243765,2.614265
-0.8,-48.4,,86,0.4993,0.4993,0.4429,-0.0564,0.7813,1.0,0.73,0.9875,3.020675,3.4739750000000003
-0.8,-48.2,,84,0.4999,0.4999,0.4201,-0.0798,0.77,1.0,0.61,0.87,3.0509,3.5401
-0.8,-46.6,,104,0.5333,0.5333,0.4224,-0.1109,0.7782,1.0,1.31,1.767,2.835945,3.32049
-0.8,-46.4,,95,0.5422,0.5422,0.4281,-0.1141,0.7964,1.0,1.39,1.8659999999999999,2.77068,3.21467
-0.8,-46.2,,98,0.5101,0.5101,0.4242,-0.0859,0.8335,1.0,1.2485,1.7314999999999998,2.739865,3.153365
-0.8,-46.0,,96,0.5346,0.5346,0.4417,-0.0929,0.8275,1.0,1.42,1.92,2.662325,3.097025
-0.8,-45.8,,95,0.5489,0.5489,0.4529,-0.096,0.8216,0.9968,1.5670000000000002,2.05,2.5876200000000003,3.02196
-0.8,-45.6,,96,0.5436,0.5436,0.4681,-0.0755,0.8144,0.9459,1.6,2.105,2.515325,2.9381749999999998
-0.8,-45.4,,90,0.5315,0.5315,0.4724,-0.0591,0.8275,0.9157,1.6045,2.1,2.462665,2.866695
-0.6,-48.4,,90,0.5003,0.5003,0.4699,-0.0304,0.8258,1.0,0.92,1.2065,3.07459,3.5456399999999997
-0.6,-48.2,,86,0.4986,0.4986,0.4429,-0.0557,0.8545,1.0,0.95,1.2575,2.959175,3.4356
-0.6,-48.0,,89,0.4974,0.4974,0.4178,-0.0796,0.8529,1.0,0.794,1.14,2.9379399999999998,3.45606
-0.6,-47.2,,92,0.4907,0.4907,0.4331,-0.0576,0.8041,0.9478,1.14,1.5425000000000002,2.7232350000000003,3.177655
-0.6,-47.0,,88,0.5596,0.5596,0.4235,-0.1361,0.7448,1.0,1.5,2.0164999999999997,2.7111899999999998,3.20744
-0.6,-46.8,,89,0.5724,0.5724,0.4156,-0.1568,0.7264,0.9775,1.57,2.1259999999999994,2.71414,3.19108
-0.6,-46.6,,103,0.5603,0.5603,0.4079,-0.1524,0.7395,1.0,1.54,2.0759999999999996,2.69881,3.1512
-0.6,-46.4,,94,0.5589,0.5589,0.4339,-0.125,0.8038,1.0,1.56,2.0835,2.656395,3.08031
-0.6,-46.2,,102,0.5401,0.5401,0.4211,-0.119,0.7934,1.0,1.52,2.0684999999999993,2.604135,3.017525
-0.6,-46.0,,104,0.5251,0.5251,0.4379,-0.0872,0.8167,1.0,1.5115,2.06,2.519835,2.93978
-0.4,-48.2,,102,0.49,0.49,0.4362,-0.0538,0.8398,1.0,1.09,1.4494999999999998,2.76754,3.2026
-0.4,-48.0,,99,0.4708,0.4708,0.3922,-0.0786,0.8078,1.0,1.239,1.6509999999999998,2.56692,3.0223099999999996
-0.4,-47.8,,99,0.5083,0.5083,0.3947,-0.1136,0.7722,1.0,1.389,1.87,2.5919700000000003,3.06096
-0.4,-47.6,,87,0.5393,0.5393,0.4009,-0.1384,0.779,0.9829,1.5,1.997,2.6332500000000003,3.1114800000000002
-0.4,-47.4,,84,0.5611,0.5611,0.4061,-0.155,0.7999,0.9362,1.5915000000000001,2.1285,2.634935,3.12756
-0.4,-47.2,,80,0.571,0.571,0.4145,-0.1565,0.7535,0.9533,1.63,2.1705,2.632025,3.139255
-0.4,-47.0,,85,0.571,0.571,0.4091,-0.1619,0.7298,0.9661,1.65,2.232,2.60474,3.10918
-0.4,-46.8,,95,0.5609,0.5609,0.4155,-0.1454,0.7147,0.9686,1.6,2.233,2.5874,3.06346
-0.4,-46.6,,97,0.54,0.54,0.4062,-0.1338,0.7161,1.0,1.54,2.1239999999999997,2.5748,3.0183
-0.2,-49.6,,106,0.4518,0.4518,0.4493,-0.0025,0.8763,0.9881,0.31,0.45,2.61805,3.0143500000000003
-0.2,-48.4,,99,0.4555,0.4555,0.411,-0.0445,0.8827,0.9512,0.859,1.22,2.61169,3.05233
-0.2,-48.2,,107,0.4396,0.4396,0.4048,-0.0348,0.8523,1.0,1.01,1.3809999999999996,2.51601,2.95246
-0.2,-48.0,,89,0.4967,0.4967,0.3943,-0.1024,0.8225,1.0,1.38,1.8,2.58526,2.99628
-0.2,-47.8,,90,0.5369,0.5369,0.4104,-0.1265,0.7788,1.0,1.57,2.0265,2.5716200000000002,3.01348
-0.2,-47.6,,86,0.5495,0.5495,0.4048,-0.1447,0.7912,0.9706,1.61,2.12,2.572375,3.04615
-0.2,-47.4,,83,0.5666,0.5666,0.4118,-0.1548,0.8107,0.93,1.691,2.2479999999999998,2.5624499999999997,3.0318899999999998
-0.2,-47.2,,82,0.5737,0.5737,0.4283,-0.1454,0.7634,0.9428,1.73,2.3285,2.52344,3.0039350000000002
-0.0,-50.4,,127,0.3926,0.3926,0.3757,-0.0169,0.7962,1.0,0.24,0.37,2.36925,2.67799
-0.0,-50.2,,114,0.3572,0.3572,0.4164,0.0592,0.7534,0.9263,0.21,0.33349999999999996,2.198505,2.477885
-0.0,-50.0,,100,0.3554,0.3554,0.3813,0.0259,0.7464,0.9,0.24,0.39,2.1986049999999997,2.475585
-0.0,-49.2,,111,0.4884,0.4884,0.4528,-0.0356,0.8377,0.9929,0.775,1.03,2.8258,3.33655
-0.0,-49.0,,114,0.4441,0.4441,0.4681,0.024,0.8303,1.0,0.8,1.07,2.525785,3.008115
-0.0,-48.8,,109,0.4152,0.4152,0.4409,0.0257,0.7934,0.9821,0.83,1.11,2.4217,2.84638
-0.0,-48.6,,109,0.4057,0.4057,0.4174,0.0117,0.8478,1.0,0.92,1.216,2.3518399999999997,2.8244
-0.0,-48.4,,107,0.406,0.406,0.4129,0.0069,0.852,1.0,1.08,1.4169999999999998,2.35992,2.7552
-0.0,-48.2,,96,0.4518,0.4518,0.4091,-0.0427,0.8403,1.0,1.36,1.7850000000000001,2.3634500000000003,2.7807
0.2,-50.6,,101,0.4981,0.4981,0.4492,-0.0489,0.8745,1.0,0.37,0.5,2.9895,3.3601
0.2,-49.6,,100,0.5005,0.5005,0.3904,-0.1101,0.7444,0.831,0.65,0.8614999999999999,3.482895,3.8771999999999998
0.2,-49.4,,103,0.5048,0.5048,0.4329,-0.0719,0.8111,1.0,0.941,1.289,3.2233300000000003,3.73389
0.2,-49.2,,103,0.5105,0.5105,0.4084,-0.1021,0.7875,1.0,1.24,1.7129999999999994,2.74748,3.2252
0.2,-49.0,,106,0.4592,0.4592,0.4034,-0.0558,0.8229,1.0,1.19,1.6025,2.5213,2.986275
0.2,-48.8,,99,0.4081,0.4081,0.4158,0.0077,0.854,1.0,1.18,1.5619999999999998,2.30115,2.72354
0.2,-48.6,,100,0.4052,0.4052,0.4189,0.0137,0.8629,0.987,1.3395000000000001,1.7814999999999999,2.1392300000000004,2.545505
0.4,-50.0,,147,0.5038,0.5038,0.382,-0.1218,0.7792,0.9921,0.59,0.8409999999999996,3.44613,3.70426
0.4,-49.8,,104,0.5053,0.5053,0.4141,-0.0912,0.759,1.0,0.71,1.0554999999999999,3.75875,4.16044
0.4,-49.6,,97,0.5096,0.5096,0.3752,-0.1344,0.6485,1.0,0.918,1.3819999999999995,3.98408,4.50002
0.4,-49.4,,94,0.5591,0.5591,0.4492,-0.1099,0.8307,1.0,1.37,1.8635,3.071135,3.558175
0.4,-49.2,,97,0.538,0.538,0.4331,-0.1049,0.8176,1.0,1.42,1.9619999999999997,2.6624999999999996,3.1027799999999996
0.4,-29.4,,69,0.4063,0.4063,0.3617,-0.0446,0.6726,0.9673,2.33,3.3599999999999994,1.1971399999999999,1.47308
0.6,-50.4,,121,0.5,0.5,0.4344,-0.0656,0.9157,0.975,0.37,0.57,3.225,3.6704
0.6,-50.2,,121,0.5028,0.5028,0.4309,-0.0719,0.8128,1.0,0.62,0.89,3.4453,3.9416
0.6,-50.0,,106,0.5148,0.5148,0.3995,-0.1153,0.8073,1.0,1.03,1.6375,3.607975,4.06655
0.6,-49.8,,99,0.5294,0.5294,0.4149,-0.1145,0.765,1.0,1.2,1.7019999999999997,3.71993,4.26382
0.6,-49.6,,95,0.5485,0.5485,0.4369,-0.1116,0.8844,1.0,1.32,1.7819999999999998,3.56264,4.09784
0.6,-49.4,,92,0.5689,0.5689,0.4248,-0.1441,0.8347,1.0,1.44,1.949,2.912675,3.403575
0.6,-49.2,,92,0.5167,0.5167,0.4158,-0.1009,0.7924,1.0,1.49,2.0145,2.495785,2.947565
0.6,-29.8,,71,0.4081,0.4081,0.3665,-0.0416,0.6617,1.0,2.31,3.36,1.2076500000000001,1.48485
0.6,-29.6,,72,0.4054,0.4054,0.3607,-0.0447,0.6647,0.9998,2.3055,3.3835,1.202955,1.480635
0.6,-29.4,,70,0.403,0.403,0.3722,-0.0308,0.6919,0.9976,2.32,3.2079999999999993,1.20323,1.47352
0.6,-29.2,,72,0.3998,0.3998,0.3863,-0.0135,0.7228,0.998,2.3,3.1535,1.197075,1.46498
0.6,-29.0,,70,0.3979,0.3979,0.389,-0.0089,0.7279,0.9714,2.3,3.122,1.19266,1.457195
0.8,-50.2,,118,0.5013,0.5013,0.4164,-0.0849,0.7781,1.0,0.51,0.78,3.4236449999999996,3.912385
0.8,-50.0,,115,0.5082,0.5082,0.4359,-0.0723,0.8229,1.0,0.73,0.9979999999999998,3.41304,3.9015500000000003
0.8,-49.8,,108,0.5233,0.5233,0.4269,-0.0964,0.7601,1.0,1.16,1.62,3.1892650000000002,3.648405
0.8,-49.6,,99,0.5436,0.5436,0.4391,-0.1045,0.8484,1.0,1.3190000000000002,1.7549999999999997,2.88468,3.32467
0.8,-49.4,,91,0.5182,0.5182,0.4284,-0.0898,0.8318,1.0,1.43,1.92,2.578,2.9753499999999997
0.8,-29.8,,68,0.4077,0.4077,0.3601,-0.0476,0.6533,1.0,2.3135,3.3545,1.21965,1.480875
0.8,-29.6,,70,0.4038,0.4038,0.3708,-0.033,0.6904,1.0,2.3045,3.239499999999999,1.20771,1.4764849999999998
0.8,-29.4,,70,0.4015,0.4015,0.3753,-0.0262,0.7138,1.0,2.3045,3.1914999999999996,1.20465,1.4721
0.8,-29.2,,68,0.4016,0.4016,0.3816,-0.02,0.7344,1.0,2.32,3.15,1.199275,1.4646649999999999
0.8,-29.0,,67,0.4002,0.4002,0.3888,-0.0114,0.7362,0.9579,2.313,3.117,1.19363,1.45611
1.0,-50.0,,117,0.5062,0.5062,0.41,-0.0962,0.7824,0.9648,0.57,0.8019999999999999,3.31204,3.78938
1.0,-49.8,,97,0.4848,0.4848,0.4111,-0.0737,0.7124,0.986,1.04,1.4679999999999978,2.69704,3.09738
1.0,-49.6,,92,0.4677,0.4677,0.4271,-0.0406,0.7959,0.9787,1.31,1.7945,2.42704,2.82861
1.0,-29.8,,68,0.4068,0.4068,0.364,-0.0428,0.6705,1.0,2.31,3.3545,1.214505,1.4721000000000002
1.0,-29.6,,72,0.4017,0.4017,0.3769,-0.0248,0.7226,1.0,2.3,3.2070000000000007,1.20292,1.46436
1.0,-29.4,,71,0.3997,0.3997,0.3763,-0.0234,0.7386,1.0,2.3,3.18,1.19835,1.4584000000000001
1.0,-29.2,,70,0.3988,0.3988,0.3832,-0.0156,0.7526,0.9935,2.299,3.141,1.1958950000000002,1.455025
1.0,-29.0,,69,0.3987,0.3987,0.3909,-0.0078,0.7491,0.9466,2.294,3.118,1.19246,1.45242
1.2,-49.8,,85,0.3795,0.3795,0.4302,0.0507,0.7808,0.9583,0.932,1.246,2.2121,2.59224
1.2,-49.6,,75,0.4415,0.4415,0.4647,0.0232,0.8341,0.9843,1.447,1.9229999999999998,2.16146,2.5234699999999997
1.2,-29.6,,71,0.4033,0.4033,0.3766,-0.0267,0.7282,1.0,2.3,3.225,1.2093,1.4614500000000001
1.2,-29.4,,71,0.402,0.402,0.3879,-0.0141,0.751,1.0,2.3,3.175,1.1987,1.45485
1.2,-29.2,,68,0.4022,0.4022,0.3946,-0.0076,0.762,0.9805,2.31,3.1425,1.193715,1.449545
1.4,-49.8,,66,0.4752,0.4752,0.4869,0.0117,0.8309,1.0,1.37,1.7975,2.38715,2.7701000000000002
1.4,-49.6,,70,0.4871,0.4871,0.4699,-0.0172,0.8175,1.0,1.56,2.0974999999999997,2.24688,2.6418049999999997
1.6,-49.8,,56,0.6009,0.6009,0.4921,-0.1088,0.852,1.0,1.5950000000000002,2.075,2.84305,3.30875
1.6,-49.6,,57,0.5866,0.5866,0.4998,-0.0868,0.8857,1.0,1.7,2.214,2.60028,3.0054
1.8,-50.0,,62,0.6061,0.6061,0.5108,-0.0953,0.8608,1.0,1.59,2.01,4.503065,5.175635
1.8,-49.8,,66,0.6566,0.6566,0.4636,-0.193,0.7412,0.89,1.8125,2.4375,3.366475,3.90015
1.8,-49.6,,63,0.6455,0.6455,0.4667,-0.1788,0.7777,0.9144,1.83,2.3850000000000002,2.83909,3.2801
2.0,-50.2,,60,0.6381,0.6381,0.4615,-0.1766,0.7387,0.8095,1.7295,2.3219999999999996,4.8917850000000005,5.578805
2.0,-50.0,,61,0.6692,0.6692,0.454,-0.2152,0.7453,0.9199,1.89,2.54,4.2084,4.8237
2.0,-49.8,,62,0.6848,0.6848,0.4411,-0.2437,0.7212,0.8825,1.9505,2.7165,3.473055,3.99837
2.0,-49.6,,64,0.6713,0.6713,0.4497,-0.2216,0.8033,0.8688,1.9515,2.477,2.930635,3.3393100000000002
2.2,-50.6,,64,0.5,0.5,0.4849,-0.0151,0.77,0.8811,0.93,1.2054999999999998,5.187395,5.8205
2.2,-50.4,,61,0.5738,0.5738,0.4988,-0.075,0.7682,0.8462,1.45,1.84,4.7639,5.4336
2.2,-50.2,,61,0.6733,0.6733,0.4873,-0.186,0.8011,0.8585,1.93,2.46,4.3243,4.9611
2.2,-50.0,,58,0.692,0.692,0.4877,-0.2043,0.868,0.9146,2.0385,2.546,3.841205,4.370175
2.4,-50.6,,65,0.6275,0.6275,0.4777,-0.1498,0.7997,0.864,1.712,2.19,4.86276,5.52556
2.4,-50.4,,61,0.6724,0.6724,0.482,-0.1904,0.806,0.8809,1.92,2.45,4.5129,5.1398
2.4,-50.2,,64,0.6946,0.6946,0.4474,-0.2472,0.7348,0.8471,2.0415,2.6734999999999993,3.984355,4.57589
2.6,-50.8,,65,0.5258,0.5258,0.4895,-0.0363,0.8258,0.9204,1.25,1.508,4.4042200000000005,4.99772
2.6,-50.6,,65,0.6389,0.6389,0.4823,-0.1566,0.806,0.8755,1.762,2.252,4.331,4.94512
2.6,-50.4,,62,0.6816,0.6816,0.464,-0.2176,0.8123,0.8983,2.0005,2.4895,4.01916,4.58836
2.8,-50.8,,62,0.5907,0.5907,0.493,-0.0977,0.8578,0.8932,1.5410000000000001,1.9195,3.87209,4.387135
2.8,-50.6,,60,0.666,0.666,0.4576,-0.2084,0.8311,0.8802,1.9095,2.4229999999999996,3.8033099999999997,4.286335
3.0,-50.8,,60,0.6506,0.6506,0.4541,-0.1965,0.7863,0.8286,1.8195000000000001,2.4039999999999995,3.30929,3.780385
3.0,-50.6,,59,0.6875,0.6875,0.4699,-0.2176,0.847,0.8983,2.019,2.540999999999999,3.14587,3.5912599999999997
3.2,-50.8,,62,0.6728,0.6728,0.4557,-0.2171,0.7287,0.8722,1.9815,2.678,2.7719,3.22939
3.2,-50.6,,65,0.6608,0.6608,0.4556,-0.2052,0.7272,0.8754,2.1,2.806,2.56976,3.0031
3.4,-50.8,,59,0.5977,0.5977,0.4757,-0.122,0.8363,0.9363,2.037,2.7279999999999998,2.32366,2.71874
3.6,-51.0,,66,0.4685,0.4685,0.4583,-0.0102,0.7577,0.8967,1.58,2.185,2.1499,2.55035
3.6,-50.8,,63,0.533,0.533,0.466,-0.067,0.7886,0.9627,2.023,2.6790000000000003,2.03594,2.4275800000000003
3.8,-51.0,,66,0.3584,0.3584,0.4352,0.0768,0.7005,0.9921,1.3,1.7775,1.9267500000000002,2.31595
3.8,-50.8,,68,0.4615,0.4615,0.43,-0.0315,0.7152,0.9005,1.91,2.6465,1.818485,2.17796
4.0,-51.0,,70,0.3635,0.3635,0.4302,0.0667,0.6748,0.9865,1.4745,2.0865,1.77068,2.1294150000000003
4.0,-50.8,,65,0.4444,0.4444,0.4338,-0.0106,0.7937,0.9345,2.04,2.7419999999999995,1.6459599999999999,1.9578600000000002
4.2,-51.2,,75,0.293,0.293,0.4216,0.1286,0.6832,1.0,1.01,1.46,1.81229,2.16458
4.2,-51.0,,70,0.3071,0.3071,0.4308,0.1237,0.704,0.9986,1.4144999999999999,1.9659999999999995,1.591725,1.893325
4.2,-50.8,,60,0.4202,0.4202,0.4418,0.0216,0.7803,0.9205,2.0395,2.8605,1.4947599999999999,1.7816500000000002
4.4,-51.6,,73,0.1999,0.1999,0.4208,0.2209,0.772,0.9966,1.0,1.4939999999999996,1.3735199999999999,1.66236
4.4,-51.4,,69,0.2983,0.2983,0.4076,0.1093,0.7001,0.8234,1.36,1.9859999999999995,1.58232,1.8985
4.4,-51.2,,72,0.2857,0.2857,0.3903,0.1046,0.6786,0.8415,1.37,2.0505,1.514255,1.827825
4.4,-51.0,,68,0.2807,0.2807,0.4083,0.1276,0.6736,0.8699,1.397,2.1695,1.430795,1.72413
4.6,-51.6,,62,0.4019,0.4019,0.4607,0.0588,0.8208,0.9454,1.941,2.6694999999999998,1.482545,1.784795
4.6,-51.4,,65,0.4011,0.4011,0.4069,0.0058,0.7057,0.8934,2.03,2.818,1.43166,1.73026
4.6,-51.2,,63,0.3444,0.3444,0.4014,0.057,0.6744,0.7663,1.79,2.6350000000000002,1.36578,1.64381
4.6,-51.0,,58,0.4171,0.4171,0.4199,0.0028,0.673,0.8267,2.1485,3.069,1.352805,1.6256950000000001
4.8,-52.0,,69,0.3826,0.3826,0.4096,0.027,0.7793,0.9931,1.894,2.6559999999999993,1.4808999999999999,1.7744799999999998
4.8,-51.8,,64,0.4285,0.4285,0.4203,-0.0082,0.7705,0.9843,2.1430000000000002,3.0109999999999997,1.43338,1.71444
4.8,-51.6,,63,0.4326,0.4326,0.4306,-0.002,0.7458,0.9778,2.232,3.0479999999999996,1.37755,1.64697
4.8,-51.4,,62,0.4456,0.4456,0.4194,-0.0262,0.7148,0.9553,2.3505000000000003,3.2195,1.336555,1.595815
5.0,-52.2,,71,0.3007,0.3007,0.4158,0.1151,0.7731,1.0,1.55,2.25,1.4034,1.6974
5.0,-52.0,,66,0.3697,0.3697,0.394,0.0243,0.7583,1.0,1.96,2.77,1.364175,1.650625
5.0,-51.8,,62,0.4316,0.4316,0.409,-0.0226,0.7335,0.9907,2.28,3.1595,1.3402500000000002,1.60694
5.0,-51.6,,62,0.4464,0.4464,0.4198,-0.0266,0.724,0.9923,2.3705000000000003,3.2695,1.308205,1.56829
5.2,-52.6,,73,0.2827,0.2827,0.4216,0.1389,0.7108,1.0,1.48,2.131999999999999,1.3879599999999999,1.66938
5.2,-52.4,,66,0.3516,0.3516,0.4194,0.0678,0.7667,1.0,1.8325,2.6275,1.363125,1.6406
5.2,-52.2,,61,0.3649,0.3649,0.4168,0.0519,0.7839,1.0,1.93,2.76,1.3353,1.6031
5.2,-52.0,,61,0.4201,0.4201,0.4065,-0.0136,0.7505,1.0,2.26,3.18,1.3039,1.5655
5.4,-52.6,,68,0.3482,0.3482,0.4327,0.0845,0.7275,1.0,1.86,2.585,1.330525,1.607125
5.4,-52.4,,64,0.3633,0.3633,0.4298,0.0665,0.7933,1.0,1.9615,2.72,1.3053249999999998,1.5629
5.6,-53.4,,73,0.2846,0.2846,0.4319,0.1473,0.7415,0.9815,1.51,2.0499999999999994,1.38546,1.6807999999999998
5.6,-53.2,,68,0.3727,0.3727,0.4334,0.0607,0.7335,1.0,1.9735,2.6095,1.36609,1.661745
5.6,-53.0,,66,0.3827,0.3827,0.4339,0.0512,0.7126,0.9846,2.0225,2.7525,1.343725,1.61665
5.6,-52.8,,68,0.3715,0.3715,0.4333,0.0618,0.7105,1.0,2.01,2.7525,1.30579,1.560705
5.6,-52.6,,65,0.3562,0.3562,0.4111,0.0549,0.7026,1.0,2.0,2.726,1.27802,1.53516
5.8,-53.6,,67,0.3213,0.3213,0.4267,0.1054,0.7186,0.8657,1.73,2.3759999999999994,1.34551,1.62868
5.8,-53.4,,69,0.282,0.282,0.4197,0.1377,0.7488,0.9035,1.56,2.1919999999999997,1.328,1.6040599999999998
5.8,-53.2,,64,0.4022,0.4022,0.4444,0.0422,0.6795,1.0,2.16,2.94,1.287055,1.5689899999999999
5.8,-53.0,,66,0.3977,0.3977,0.4318,0.0341,0.7149,1.0,2.16,2.9650000000000003,1.275725,1.5356999999999998
5.8,-52.8,,68,0.3854,0.3854,0.4283,0.0429,0.7043,1.0,2.14,2.9465,1.24263,1.4989350000000001
6.0,-54.2,,58,0.3566,0.3566,0.4565,0.0999,0.7691,0.8807,1.9585,2.5515,1.304085,1.572805
6.0,-54.0,,59,0.3843,0.3843,0.4517,0.0674,0.7891,0.8943,2.089,2.736999999999999,1.3008000000000002,1.57934
6.0,-53.8,,63,0.4014,0.4014,0.4326,0.0312,0.7452,0.8739,2.17,2.959,1.2840500000000001,1.5665900000000001
6.0,-53.6,,62,0.4092,0.4092,0.4299,0.0207,0.7484,0.8958,2.2315,3.0254999999999996,1.281135,1.545475
6.0,-53.4,,60,0.4125,0.4125,0.434,0.0215,0.7738,0.9072,2.2695,3.0805000000000002,1.2577099999999999,1.515385
6.0,-53.2,,62,0.4073,0.4073,0.4292,0.0219,0.7774,0.9444,2.28,3.0674999999999994,1.23767,1.4930800000000002
