thr_hs_pct,thr_ssh_pct,H,M,U,R_pos,B,F_soft,Score
0.5,0.5,114,33,19409,0.7755,1.0,14628.251,-19.637076
0.5,0.55,113,34,18583,0.7687,1.0,14016.4615,-18.808791
0.5,0.6,112,35,17802,0.7619,1.0,13437.3552,-18.024973
0.5,0.65,110,37,16766,0.7483,1.0,12653.5798,-16.966775
0.5,0.7,105,42,15567,0.7143,1.0,11760.0439,-15.771488
0.5,0.75,99,48,14216,0.6735,1.0,10759.3071,-14.434431
0.5,0.8,92,55,12484,0.6259,1.0,9446.3765,-12.676703
0.5,0.85,88,59,10507,0.5986,1.0,7954.2872,-10.662976
0.5,0.9,80,67,8077,0.5442,1.0,6118.0661,-8.197369
0.55,0.5,110,37,19018,0.7483,1.0,14373.4057,-19.306674
0.55,0.55,108,39,18073,0.7347,1.0,13655.1601,-18.337633
0.55,0.6,107,40,17304,0.7279,1.0,13089.0136,-17.571447
0.55,0.65,104,43,16302,0.7075,1.0,12338.0867,-16.562023
0.55,0.7,99,48,15106,0.6735,1.0,11448.3438,-15.371896
0.55,0.75,96,51,13655,0.6531,1.0,10348.6003,-13.887892
0.55,0.8,90,57,12012,0.6122,1.0,9109.4315,-12.226437
0.55,0.85,87,60,10057,0.5918,1.0,7624.8892,-10.218897
0.55,0.9,79,68,7715,0.5374,1.0,5849.3528,-7.835854
0.6,0.5,109,38,18270,0.7415,1.0,13834.9339,-18.578141
0.6,0.55,107,40,17352,0.7279,1.0,13139.4143,-17.640019
0.6,0.6,106,41,16614,0.7211,1.0,12596.9947,-16.906115
0.6,0.65,103,44,15672,0.7007,1.0,11896.7168,-15.965601
0.6,0.7,97,50,14442,0.6599,1.0,10969.9779,-14.729222
0.6,0.75,94,53,13081,0.6395,1.0,9942.2716,-13.343227
0.6,0.8,88,59,11454,0.5986,1.0,8702.4271,-11.680853
0.6,0.85,85,62,9576,0.5782,1.0,7270.0202,-9.744245
0.6,0.9,76,71,7373,0.517,1.0,5603.9499,-7.514218
0.65,0.5,105,42,16979,0.7143,1.0,12859.6937,-17.26761
0.65,0.55,103,44,16097,0.7007,1.0,12190.6447,-16.365503
0.65,0.6,102,45,15406,0.6939,1.0,11688.0915,-15.685839
0.65,0.65,99,48,14487,0.6735,1.0,10999.8348,-14.76168
0.65,0.7,94,53,13344,0.6395,1.0,10135.4239,-13.606019
0.65,0.75,91,56,12109,0.619,1.0,9202.7763,-12.349356
0.65,0.8,85,62,10647,0.5782,1.0,8091.795,-10.862306
0.65,0.85,82,65,8917,0.5578,1.0,6776.241,-9.084682
0.65,0.9,72,75,6905,0.4898,0.9622,5260.598,-7.055845
0.7,0.5,96,51,15506,0.6531,1.0,11745.0848,-15.78787
0.7,0.55,94,53,14690,0.6395,1.0,11126.2987,-14.954148
0.7,0.6,94,53,14042,0.6395,1.0,10652.513,-14.309541
0.7,0.65,92,55,13218,0.6259,1.0,10039.6787,-13.483917
0.7,0.7,87,60,12184,0.5918,1.0,9261.1207,-12.445062
0.7,0.75,83,64,11036,0.5646,1.0,8388.0689,-11.273563
0.7,0.8,78,69,9707,0.5306,1.0,7375.9653,-9.91696
0.7,0.85,74,73,8197,0.5034,1.0,6237.823,-8.384793
0.7,0.9,66,81,6359,0.449,0.8861,4851.7865,-6.508903
0.75,0.5,90,57,13831,0.6122,1.0,10480.804,-14.09225
0.75,0.55,89,58,13076,0.6054,1.0,9905.9622,-13.314234
0.75,0.6,89,58,12445,0.6054,1.0,9438.6414,-12.678424
0.75,0.65,87,60,11703,0.5918,1.0,8887.5833,-11.936848
0.75,0.7,81,66,10782,0.551,1.0,8191.7405,-11.014613
0.75,0.75,78,69,9791,0.5306,1.0,7442.3785,-10.007318
0.75,0.8,69,78,8660,0.4694,1.0,6584.8171,-8.877302
0.75,0.85,65,82,7345,0.4422,1.0,5592.6459,-7.543736
0.75,0.9,58,89,5738,0.3946,0.7994,4384.1694,-5.887992
0.8,0.5,87,60,11980,0.5918,1.0,9095.3734,-12.219556
0.8,0.55,86,61,11293,0.585,1.0,8563.6518,-11.500207
0.8,0.6,86,61,10742,0.585,1.0,8159.6601,-10.950558
0.8,0.65,84,63,10071,0.5714,1.0,7656.0153,-10.27349
0.8,0.7,78,69,9318,0.5306,1.0,7093.9437,-9.533257
0.8,0.75,76,71,8453,0.517,1.0,6435.9859,-8.646239
0.8,0.8,66,81,7486,0.449,1.0,5697.0781,-7.681739
0.8,0.85,60,87,6385,0.4082,0.8889,4867.3678,-6.555143
0.8,0.9,51,96,5025,0.3469,0.7001,3848.34,-5.167684
0.85,0.5,72,75,9657,0.4898,1.0,7323.6447,-9.870265
0.85,0.55,72,75,9145,0.4898,1.0,6933.3571,-9.339261
0.85,0.6,72,75,8703,0.4898,1.0,6610.6353,-8.900184
0.85,0.65,71,76,8190,0.483,1.0,6229.5538,-8.385787
0.85,0.7,66,81,7571,0.449,1.0,5764.7773,-7.773847
0.85,0.75,66,81,6903,0.449,0.9611,5260.6375,-7.080168
0.85,0.8,56,91,6129,0.381,0.853,4665.899,-6.290191
0.85,0.85,51,96,5311,0.3469,0.7395,4061.7555,-5.465934
0.85,0.9,45,102,4145,0.3061,0.5779,3178.9734,-4.257033
0.9,0.5,53,94,6978,0.3605,0.9697,5291.0486,-7.176315
0.9,0.55,53,94,6627,0.3605,0.9213,5028.0493,-6.808811
0.9,0.6,52,95,6269,0.3537,0.8718,4758.7884,-6.436649
0.9,0.65,49,98,5928,0.3333,0.8243,4509.5953,-6.100367
0.9,0.7,46,101,5446,0.3129,0.7574,4142.7139,-5.600076
0.9,0.75,46,101,5009,0.3129,0.6972,3820.5983,-5.14977
0.9,0.8,42,105,4530,0.2857,0.6305,3462.9123,-4.666126
0.9,0.85,38,109,3928,0.2585,0.547,3015.8326,-4.057466
0.9,0.9,35,112,3069,0.2381,0.4281,2364.1803,-3.159332
