municipality,date,source,near_match_flag,source_expanded,source_legacy,source_class
Tijucas,2002-09-02,expanded,False,True,False,expanded_only
Tijucas,2003-05-25,expanded,False,True,False,expanded_only
Florianópolis,2005-08-09,expanded,False,True,False,expanded_only
Tijucas,2006-06-27,expanded,False,True,False,expanded_only
Florianópolis,2010-05-26,expanded,False,True,False,expanded_only
Tijucas,2010-11-01,expanded,False,True,False,expanded_only
Tijucas,2011-10-26,expanded,False,True,False,expanded_only
Florianópolis,2013-09-26,expanded,False,True,False,expanded_only
Florianópolis,2014-08-27,expanded,False,True,False,expanded_only
Florianópolis,2015-03-22,expanded,False,True,False,expanded_only
Palhoça,2015-03-22,expanded,False,True,False,expanded_only
Florianópolis,2015-06-19,expanded,False,True,False,expanded_only
Florianópolis,2015-09-11,expanded,False,True,False,expanded_only
Palhoça,2015-09-11,expanded,False,True,False,expanded_only
Balneário Camboriú,2015-09-28,expanded,False,True,False,expanded_only
Itajaí,2015-10-17,expanded,False,True,False,expanded_only
Florianópolis,2016-05-18,expanded,False,True,False,expanded_only
Itajaí,2016-05-23,expanded,False,True,False,expanded_only
Florianópolis,2016-06-05,expanded,False,True,False,expanded_only
Florianópolis,2016-07-18,expanded,False,True,False,expanded_only
Porto Belo,2016-08-17,expanded,False,True,False,expanded_only
Tijucas,2016-08-17,expanded,False,True,False,expanded_only
Balneário Camboriú,2016-09-15,expanded,False,True,False,expanded_only
Biguaçu,2016-09-15,expanded,False,True,False,expanded_only
Bombinhas,2016-09-15,expanded,False,True,False,expanded_only
Itajaí,2016-09-15,expanded,False,True,False,expanded_only
Palhoça,2016-09-15,expanded,False,True,False,expanded_only
Tijucas,2016-09-15,expanded,False,True,False,expanded_only
Balneário Camboriú,2016-10-28,expanded,False,True,False,expanded_only
Florianópolis,2016-10-28,expanded,False,True,False,expanded_only
São Francisco do Sul,2016-10-28,expanded,False,True,False,expanded_only
Florianópolis,2017-05-25,expanded,True,True,False,expanded_only
Florianópolis,2017-05-30,expanded,False,True,False,expanded_only
Balneário Camboriú,2017-08-21,expanded,False,True,False,expanded_only
Itajaí,2017-08-21,expanded,False,True,False,expanded_only
Balneário Camboriú,2018-06-14,expanded,False,True,False,expanded_only
Florianópolis,2018-06-14,expanded,False,True,False,expanded_only
Itajaí,2018-06-14,expanded,False,True,False,expanded_only
Florianópolis,2018-06-26,expanded,False,True,False,expanded_only
Bombinhas,2018-08-10,expanded,False,True,False,expanded_only
Florianópolis,2018-08-10,expanded,False,True,False,expanded_only
Itajaí,2018-08-10,expanded,False,True,False,expanded_only
Florianópolis,2018-08-14,expanded,False,True,False,expanded_only
Balneário Camboriú,2018-08-26,expanded,False,True,False,expanded_only
Florianópolis,2018-08-26,expanded,False,True,False,expanded_only
Florianópolis,2019-07-02,expanded,False,True,False,expanded_only
Itajaí,2019-07-02,expanded,False,True,False,expanded_only
Balneário Camboriú,2019-07-04,expanded,False,True,False,expanded_only
Joinville,2019-07-04,expanded,False,True,False,expanded_only
Florianópolis,2019-08-03,expanded,False,True,False,expanded_only
Balneário Camboriú,2019-08-14,expanded,False,True,False,expanded_only
Barra Velha,2020-04-03,expanded,False,True,False,expanded_only
Imbituba,2020-04-03,expanded,False,True,False,expanded_only
Laguna,2020-04-03,expanded,False,True,False,expanded_only
Passo de Torres,2020-04-03,expanded,False,True,False,expanded_only
Florianópolis,2020-04-06,expanded,True,True,False,expanded_only
São Francisco do Sul,1998-02-15,legacy,False,False,True,legacy_only
Balneário Piçarras,1998-09-19,legacy,False,False,True,legacy_only
Itapoá,2000-08-10,legacy,False,False,True,legacy_only
Balneário Camboriú,2001-05-05,legacy,False,False,True,legacy_only
Itapoá,2001-05-05,legacy,False,False,True,legacy_only
Bombinhas,2001-05-06,legacy,False,False,True,legacy_only
Navegantes,2001-05-06,legacy,False,False,True,legacy_only
Balneário Barra do Sul,2001-05-06,legacy,False,False,True,legacy_only
Barra Velha,2001-05-06,legacy,False,False,True,legacy_only
Barra Velha,2001-05-22,legacy,False,False,True,legacy_only
Balneário Camboriú,2002-09-21,legacy,False,False,True,legacy_only
Içara/Balneário Rincão,2004-03-27,legacy,False,False,True,legacy_only
Florianópolis,2004-03-28,legacy,False,False,True,legacy_only
Araranguá,2004-03-28,legacy,False,False,True,legacy_only
Balneário Arroio do Silva,2004-03-28,legacy,False,False,True,legacy_only
Balneário Gaivota,2004-03-28,legacy,False,False,True,legacy_only
Passo de Torres,2004-03-28,legacy,False,False,True,legacy_only
Itajaí,2005-08-08,legacy,False,False,True,legacy_only
Palhoça,2005-08-09,legacy,False,False,True,legacy_only
Bombinhas,2005-08-09,legacy,False,False,True,legacy_only
Barra Velha,2005-08-09,legacy,False,False,True,legacy_only
Itajaí,2006-04-24,legacy,False,False,True,legacy_only
Florianópolis,2010-05-13,legacy,False,False,True,legacy_only
Barra Velha,2010-05-13,legacy,False,False,True,legacy_only
Balneário Barra do Sul,2010-05-28,legacy,False,False,True,legacy_only
Navegantes,2010-06-01,legacy,False,False,True,legacy_only
Garopaba,2010-06-09,legacy,False,False,True,legacy_only
Florianópolis,2010-06-24,legacy,False,False,True,legacy_only
Florianópolis,2010-07-16,legacy,False,False,True,legacy_only
Balneário Piçarras,2010-09-23,legacy,False,False,True,legacy_only
Bombinhas,2010-09-28,legacy,False,False,True,legacy_only
Balneário Piçarras,2011-01-23,legacy,False,False,True,legacy_only
Navegantes,2011-05-03,legacy,False,False,True,legacy_only
Barra Velha,2011-05-29,legacy,False,False,True,legacy_only
Penha,2011-06-04,legacy,False,False,True,legacy_only
Balneário Barra do Sul,2012-01-27,legacy,False,False,True,legacy_only
Balneário Barra do Sul,2015-07-27,legacy,False,False,True,legacy_only
Balneário Barra do Sul,2015-08-18,legacy,False,False,True,legacy_only
Balneário Barra do Sul,2016-07-01,legacy,False,False,True,legacy_only
Florianópolis,2016-09-15,legacy,False,False,True,legacy_only
Porto Belo,2016-09-15,legacy,False,False,True,legacy_only
Balneário Barra do Sul,2016-12-12,legacy,False,False,True,legacy_only
Balneário Barra do Sul,2017-03-25,legacy,False,False,True,legacy_only
Balneário Barra do Sul,2017-05-02,legacy,False,False,True,legacy_only
Balneário Barra do Sul,2017-05-21,legacy,False,False,True,legacy_only
Florianópolis,2017-05-22,legacy,True,False,True,legacy_only
Barra Velha,2017-05-22,legacy,False,False,True,legacy_only
Itapoá,2017-08-15,legacy,False,False,True,legacy_only
Balneário Barra do Sul,2017-08-26,legacy,False,False,True,legacy_only
Navegantes,2017-09-07,legacy,False,False,True,legacy_only
Balneário Barra do Sul,2017-09-09,legacy,False,False,True,legacy_only
Florianópolis,2017-09-13,legacy,False,False,True,legacy_only
Barra Velha,2017-09-13,legacy,False,False,True,legacy_only
Navegantes,2017-09-16,legacy,False,False,True,legacy_only
Balneário Barra do Sul,2017-09-18,legacy,False,False,True,legacy_only
Itapema,2017-09-30,legacy,False,False,True,legacy_only
Garopaba,2017-10-01,legacy,False,False,True,legacy_only
São Francisco do Sul,2017-10-07,legacy,False,False,True,legacy_only
Bombinhas,2017-12-10,legacy,False,False,True,legacy_only
São Francisco do Sul,2017-12-11,legacy,False,False,True,legacy_only
Araquari,2017-12-17,legacy,False,False,True,legacy_only
Porto Belo,2018-04-14,legacy,False,False,True,legacy_only
Itapoá,2018-05-21,legacy,False,False,True,legacy_only
Itapoá,2018-06-15,legacy,False,False,True,legacy_only
Balneário Barra do Sul,2018-07-07,legacy,False,False,True,legacy_only
Balneário Camboriú,2018-09-18,legacy,False,False,True,legacy_only
Itapoá,2018-09-19,legacy,False,False,True,legacy_only
Itapoá,2018-10-08,legacy,False,False,True,legacy_only
Balneário Barra do Sul,2018-12-03,legacy,False,False,True,legacy_only
Balneário Camboriú,2019-03-21,legacy,False,False,True,legacy_only
Barra Velha,2019-03-22,legacy,False,False,True,legacy_only
Balneário Barra do Sul,2019-03-27,legacy,False,False,True,legacy_only
Balneário Barra do Sul,2019-06-13,legacy,False,False,True,legacy_only
Itapoá,2019-07-21,legacy,False,False,True,legacy_only
Balneário Piçarras,2019-07-22,legacy,False,False,True,legacy_only
Balneário Barra do Sul,2019-07-29,legacy,False,False,True,legacy_only
Itapoá,2019-08-04,legacy,False,False,True,legacy_only
São Francisco do Sul,2019-08-15,legacy,False,False,True,legacy_only
Navegantes,2019-09-19,legacy,False,False,True,legacy_only
Balneário Camboriú,2020-03-03,legacy,False,False,True,legacy_only
Balneário Rincão,2020-04-03,legacy,False,False,True,legacy_only
Florianópolis,2020-04-04,legacy,True,False,True,legacy_only
Porto Belo,2020-04-04,legacy,False,False,True,legacy_only
Porto Belo,2020-04-08,legacy,False,False,True,legacy_only
Balneário Barra do Sul,2020-04-08,legacy,False,False,True,legacy_only
Balneário Rincão,2020-04-08,legacy,False,False,True,legacy_only
Itapoá,2020-04-09,legacy,False,False,True,legacy_only
Barra Velha,2020-04-12,legacy,False,False,True,legacy_only
Balneário Camboriú,2020-05-07,legacy,False,False,True,legacy_only
Bombinhas,2020-06-30,legacy,False,False,True,legacy_only
Balneário Barra do Sul,2020-06-30,legacy,False,False,True,legacy_only
