longitude,latitude,Hazard_Index,zos_longterm_mean,zos_sampled_longitude,zos_sampled_latitude,zos_sample_distance_deg,zos_valid,zos_ge_threshold
-54.8,-35.0,0.561129950691904,0.13145143,-54.799988,-35.0,1.2207031247157829e-05,True,False
-54.6,-35.0,0.5624676631664323,0.124739826,-54.600006,-35.0,6.1035156235789145e-06,True,False
-54.4,-35.0,0.5551839480644952,0.11591469,-54.399994,-35.0,6.1035156235789145e-06,True,False
-54.2,-35.0,0.5438215201609815,0.10870332,-54.200012,-35.0,1.2207031247157829e-05,True,False
-54.0,-35.0,0.5300402145938814,0.10532941,-54.0,-35.0,0.0,True,False
-54.4,-34.8,0.5322631353807205,0.12998055,-54.399994,-34.8,6.15101451567705e-06,True,False
-54.2,-34.8,0.5521299132552255,0.12343823,-54.200012,-34.8,1.223084986719588e-05,True,False
-54.0,-34.8,0.5548641848619376,0.11655136,-54.0,-34.8,7.629394502828291e-07,True,False
-53.8,-34.8,0.5397543203732114,0.10452782,-53.799988,-34.8,1.223084986719588e-05,True,False
-53.6,-34.8,0.5283177792486402,0.09527006,-53.600006,-34.8,6.15101451567705e-06,True,False
-54.0,-34.6,0.5250888813255398,0.12608859,-54.0,-34.6,1.5258789076710855e-06,True,False
-53.8,-34.6,0.5408520671602607,0.11939556,-53.799988,-34.6,1.2302029032235419e-05,True,False
-53.6,-34.6,0.5516083340507113,0.10775198,-53.600006,-34.6,6.291359901336706e-06,True,False
-53.4,-34.6,0.5317681928479222,0.09832118,-53.399994,-34.6,6.291359901336706e-06,True,False
-53.8,-34.4,0.43630328422287246,0.12676418,-53.799988,-34.4,1.2302029032235419e-05,True,False
-53.6,-34.4,0.4959083048425008,0.12107103,-53.600006,-34.4,6.291359901336706e-06,True,False
-53.4,-34.4,0.5263185587676986,0.11373546,-53.399994,-34.4,6.291359901336706e-06,True,False
-53.6,-34.2,0.4045192585105257,0.12479369,-53.600006,-34.2,6.15101451567705e-06,True,False
-53.4,-34.2,0.5101885603772858,0.11981371,-53.399994,-34.2,6.15101451567705e-06,True,False
-53.2,-34.2,0.531086161180293,0.11407756,-53.200012,-34.2,1.223084986719588e-05,True,False
-53.4,-34.0,0.4503445090369671,0.12346684,-53.399994,-34.0,6.1035156235789145e-06,True,False
-53.2,-34.0,0.5099360843780922,0.120021895,-53.200012,-34.0,1.2207031247157829e-05,True,False
-53.0,-34.0,0.5473891223455353,0.11238835,-53.0,-34.0,0.0,True,False
-53.4,-33.8,0.375143944408243,0.124567986,-53.399994,-33.8,6.15101451567705e-06,True,False
-53.2,-33.8,0.47427562098802806,0.12210977,-53.200012,-33.8,1.223084986719588e-05,True,False
-53.0,-33.8,0.5363802046247029,0.11813037,-53.0,-33.8,7.629394502828291e-07,True,False
-52.8,-33.8,0.557563283474139,0.108563006,-52.799988,-33.8,1.223084986719588e-05,True,False
-53.0,-33.6,0.4313394406428162,0.12107534,-53.0,-33.6,1.5258789076710855e-06,True,False
-52.8,-33.6,0.510365133796218,0.114688426,-52.799988,-33.6,1.2302029032235419e-05,True,False
-52.6,-33.6,0.5545810343507179,0.1072047,-52.600006,-33.6,6.291359901336706e-06,True,False
-52.8,-33.4,0.4546535596485057,0.117572576,-52.799988,-33.4,1.2302029032235419e-05,True,False
-52.6,-33.4,0.5039497793611402,0.11225976,-52.600006,-33.4,6.291359901336706e-06,True,False
-52.4,-33.4,0.5315031274829117,0.106819436,-52.399994,-33.4,6.291359901336706e-06,True,False
-52.6,-33.2,0.41123724269172385,0.11464246,-52.600006,-33.2,6.15101451567705e-06,True,False
-52.4,-33.2,0.4758012769898022,0.111139335,-52.399994,-33.2,6.15101451567705e-06,True,False
-52.2,-33.2,0.5113515526434761,0.10700354,-52.200012,-33.2,1.223084986719588e-05,True,False
-52.4,-33.0,0.35122941405517333,0.11458124,-52.399994,-33.0,6.1035156235789145e-06,True,False
-52.2,-33.0,0.4524883453159209,0.1104314,-52.200012,-33.0,1.2207031247157829e-05,True,False
-52.4,-32.8,0.31090192331409994,0.11447001,-52.399994,-32.8,6.15101451567705e-06,True,False
-52.2,-32.8,0.38066314761890374,0.11283638,-52.200012,-32.8,1.223084986719588e-05,True,False
-52.0,-32.8,0.4562622756673563,0.10718182,-52.0,-32.8,7.629394502828291e-07,True,False
-52.2,-32.6,0.31761319245740244,0.11516651,-52.200012,-32.6,1.2302029032235419e-05,True,False
-52.0,-32.6,0.4282602103789295,0.1093489,-52.0,-32.6,1.5258789076710855e-06,True,False
-52.2,-32.4,0.29537873509255314,0.11744185,-52.200012,-32.4,1.2302029032235419e-05,True,False
-52.0,-32.4,0.385414343264695,0.11011387,-52.0,-32.4,1.5258789076710855e-06,True,False
-51.8,-32.4,0.4727225058478182,0.098789774,-51.799988,-32.4,1.2302029032235419e-05,True,False
-52.0,-32.2,0.38049240139948565,0.11442204,-52.0,-32.2,7.629394502828291e-07,True,False
-51.8,-32.2,0.4379247963644235,0.105251394,-51.799988,-32.2,1.223084986719588e-05,True,False
-51.6,-32.2,0.49440877926213256,0.09820614,-51.600006,-32.2,6.15101451567705e-06,True,False
-51.8,-32.0,0.34841026114648593,0.11158486,-51.799988,-32.0,1.2207031247157829e-05,True,False
-51.6,-32.0,0.41813845147835926,0.10278315,-51.600006,-32.0,6.1035156235789145e-06,True,False
-51.4,-32.0,0.49462879139009613,0.0933127,-51.399994,-32.0,6.1035156235789145e-06,True,False
-51.2,-32.0,0.5304387643311691,0.085130505,-51.200012,-32.0,1.2207031247157829e-05,True,False
-51.4,-31.8,0.421277969617,0.09802007,-51.399994,-31.8,6.151014516117709e-06,True,False
-51.2,-31.8,0.4971984297878899,0.08832275,-51.200012,-31.8,1.2230849867417494e-05,True,False
-51.0,-31.8,0.5245103086739644,0.082395844,-51.0,-31.8,7.629394538355427e-07,True,False
-51.2,-31.6,0.4118008209084419,0.09487656,-51.200012,-31.6,1.2212990257110953e-05,True,False
-51.0,-31.6,0.4881616686800759,0.086366795,-51.0,-31.6,3.8146972514141453e-07,True,False
-50.8,-31.6,0.5089218430475811,0.08949719,-50.799988,-31.6,1.2212990257110953e-05,True,False
-50.8,-31.4,0.4733006695464404,0.088923804,-50.799988,-31.4,1.2212990257110953e-05,True,False
-50.6,-31.4,0.49508734319115194,0.097127005,-50.600006,-31.4,6.11542493359794e-06,True,False
-50.8,-31.2,0.4321030926306944,0.0936507,-50.799988,-31.2,1.2230849867417494e-05,True,False
-50.6,-31.2,0.4825374572970072,0.09534233,-50.600006,-31.2,6.151014516117709e-06,True,False
-50.4,-31.2,0.4844394427521926,0.1048887,-50.399994,-31.2,6.151014516117709e-06,True,False
-50.6,-31.0,0.4025266755336485,0.097539224,-50.600006,-31.0,6.1035156235789145e-06,True,False
-50.4,-31.0,0.47592190138798857,0.1020531,-50.399994,-31.0,6.1035156235789145e-06,True,False
-50.2,-31.0,0.4816438221214283,0.10762755,-50.200012,-31.0,1.2207031247157829e-05,True,False
-50.4,-30.8,0.42396820048728495,0.102161035,-50.399994,-30.8,6.151014516117709e-06,True,False
-50.2,-30.8,0.48679089030692185,0.10345314,-50.200012,-30.8,1.2230849867417494e-05,True,False
-50.4,-30.6,0.22191983267895157,0.10443359,-50.399994,-30.6,6.11542493359794e-06,True,False
-50.2,-30.6,0.4235856941719834,0.10294493,-50.200012,-30.6,1.2212990257110953e-05,True,False
-50.0,-30.6,0.48397002709313314,0.1060933,-50.0,-30.6,3.8146972514141453e-07,True,False
-50.2,-30.4,0.27741071361720215,0.10470009,-50.200012,-30.4,1.2212990257110953e-05,True,False
-50.0,-30.4,0.4520041556613284,0.106848955,-50.0,-30.4,3.8146972514141453e-07,True,False
-49.8,-30.4,0.5014882869755136,0.104426526,-49.799988,-30.4,1.2212990257110953e-05,True,False
-50.0,-30.2,0.3705331701322199,0.10592369,-50.0,-30.2,7.629394538355427e-07,True,False
-49.8,-30.2,0.4685956354154018,0.103082314,-49.799988,-30.2,1.2230849867417494e-05,True,False
-50.0,-30.0,0.2628130224150686,0.105401,-50.0,-30.0,0.0,True,False
-49.8,-30.0,0.4412074586785537,0.10124228,-49.799988,-30.0,1.2207031247157829e-05,True,False
-49.8,-29.8,0.4011167821027593,0.10054371,-49.799988,-29.8,1.2230849867417494e-05,True,False
-49.6,-29.8,0.4909276911508244,0.096261024,-49.600006,-29.8,6.151014516117709e-06,True,False
-49.8,-29.6,0.3145472812895092,0.100793205,-49.799988,-29.6,1.2212990257110953e-05,True,False
-49.6,-29.6,0.4607505768954125,0.09474034,-49.600006,-29.6,6.11542493359794e-06,True,False
-49.4,-29.6,0.5185467119479444,0.09331129,-49.399994,-29.6,6.11542493359794e-06,True,False
-49.6,-29.4,0.3941706949102651,0.09618172,-49.600006,-29.4,6.11542493359794e-06,True,False
-49.4,-29.4,0.4916151547474554,0.090964645,-49.399994,-29.4,6.11542493359794e-06,True,False
-49.2,-29.4,0.5357304483146749,0.09260013,-49.200012,-29.4,1.2212990257110953e-05,True,False
-49.4,-29.2,0.46354494634297816,0.09074278,-49.399994,-29.2,6.151014516117709e-06,True,False
-49.2,-29.2,0.5310382422320318,0.087950915,-49.200012,-29.2,1.2230849867417494e-05,True,False
-49.0,-29.2,0.5417499621357454,0.09527755,-49.0,-29.2,7.629394538355427e-07,True,False
-49.4,-29.0,0.3659695683512982,0.09244094,-49.399994,-29.0,6.1035156235789145e-06,True,False
-49.2,-29.0,0.5109390057692392,0.085942395,-49.200012,-29.0,1.2207031247157829e-05,True,False
-49.0,-29.0,0.5496897533150938,0.08850001,-49.0,-29.0,0.0,True,False
-48.8,-29.0,0.5530245472489838,0.097312614,-48.799988,-29.0,1.2207031247157829e-05,True,False
-48.6,-29.0,0.5278963327067915,0.10533476,-48.600006,-29.0,6.1035156235789145e-06,True,False
-49.0,-28.8,0.5313394459637655,0.08316363,-49.0,-28.8,7.629394538355427e-07,True,False
-48.8,-28.8,0.559203689546178,0.08776015,-48.799988,-28.8,1.2230849867417494e-05,True,False
-48.6,-28.8,0.5510440610700543,0.09799706,-48.600006,-28.8,6.151014516117709e-06,True,False
-48.4,-28.8,0.5118067005573124,0.10744279,-48.399994,-28.8,6.151014516117709e-06,True,False
-48.8,-28.6,0.5484328371738234,0.08350314,-48.799988,-28.6,1.2212990257110953e-05,True,False
-48.6,-28.6,0.5502644948832421,0.09128783,-48.600006,-28.6,6.11542493359794e-06,True,False
-48.4,-28.6,0.5214037925825589,0.10217128,-48.399994,-28.6,6.11542493359794e-06,True,False
-48.6,-28.4,0.46723632292764705,0.088190936,-48.600006,-28.4,6.11542493359794e-06,True,False
-48.4,-28.4,0.5209529683200186,0.0987633,-48.399994,-28.4,6.11542493359794e-06,True,False
-48.6,-28.2,0.35618728753022255,0.087312974,-48.600006,-28.2,6.151014516117709e-06,True,False
-48.4,-28.2,0.4864720924765769,0.096168526,-48.399994,-28.2,6.151014516117709e-06,True,False
-48.2,-28.2,0.5034981645575755,0.10449809,-48.200012,-28.2,1.2230849867417494e-05,True,False
-48.4,-28.0,0.449563121565256,0.09407954,-48.399994,-28.0,6.1035156235789145e-06,True,False
-48.2,-28.0,0.49211628934485624,0.10305804,-48.200012,-28.0,1.2207031247157829e-05,True,False
-48.4,-27.8,0.37289978695299447,0.09296403,-48.399994,-27.8,6.151014516117709e-06,True,False
-48.2,-27.8,0.47049389924668666,0.10168711,-48.200012,-27.8,1.2230849867417494e-05,True,False
-48.4,-27.6,0.29239688123964436,0.09304528,-48.399994,-27.6,6.11542493359794e-06,True,False
-48.2,-27.6,0.43180822234878474,0.10045941,-48.200012,-27.6,1.2212990257110953e-05,True,False
-48.0,-27.6,0.4640382895504729,0.10466752,-48.0,-27.6,3.8146972514141453e-07,True,False
-48.4,-27.4,0.19673219985713253,0.09672706,-48.399994,-27.4,6.11542493359794e-06,True,False
-48.2,-27.4,0.39842827674028775,0.101802856,-48.200012,-27.4,1.2212990257110953e-05,True,False
-48.0,-27.4,0.45417413604412893,0.10267309,-48.0,-27.4,3.8146972514141453e-07,True,False
-48.4,-27.2,0.19156997608803436,0.09755077,-48.399994,-27.2,6.151014516117709e-06,True,False
-48.2,-27.2,0.3376882946148763,0.10376183,-48.200012,-27.2,1.2230849867417494e-05,True,False
-48.0,-27.2,0.4238318184780983,0.102155745,-48.0,-27.2,7.629394538355427e-07,True,False
-48.4,-27.0,0.18193552643856137,0.10424528,-48.399994,-27.0,6.1035156235789145e-06,True,False
-48.2,-27.0,0.34319094815324097,0.104683734,-48.200012,-27.0,1.2207031247157829e-05,True,False
-48.4,-26.8,0.2456999771389218,0.104052156,-48.399994,-26.8,6.151014516117709e-06,True,False
-48.2,-26.8,0.353850218700514,0.104441985,-48.200012,-26.8,1.2230849867417494e-05,True,False
-48.6,-26.6,0.1990245939973232,0.104919255,-48.600006,-26.6,6.11542493359794e-06,True,False
-48.4,-26.6,0.2690254981786201,0.10344812,-48.399994,-26.6,6.11542493359794e-06,True,False
-48.2,-26.6,0.35632536312152724,0.1035245,-48.200012,-26.6,1.2212990257110953e-05,True,False
-48.4,-26.4,0.2599671370575797,0.10315162,-48.399994,-26.4,6.11542493359794e-06,True,False
-48.2,-26.4,0.34670700250217634,0.10260876,-48.200012,-26.4,1.2212990257110953e-05,True,False
-48.4,-26.2,0.21230368861501203,0.103906445,-48.399994,-26.2,6.151014516117709e-06,True,False
-48.2,-26.2,0.3243091631116075,0.10203131,-48.200012,-26.2,1.2230849867417494e-05,True,False
-48.4,-26.0,0.1957157875793463,0.103868,-48.399994,-26.0,6.1035156235789145e-06,True,False
-48.2,-26.0,0.30564756502912555,0.10139082,-48.200012,-26.0,1.2207031247157829e-05,True,False
-48.2,-25.8,0.30431468245620336,0.1017854,-48.200012,-25.8,1.2230849867417494e-05,True,False
-48.0,-25.8,0.3816896149704145,0.10134944,-48.0,-25.8,7.629394538355427e-07,True,False
-48.4,-25.6,0.2717951951448619,0.10467905,-48.399994,-25.6,6.11542493359794e-06,True,False
-48.2,-25.6,0.31480841827373585,0.10175253,-48.200012,-25.6,1.2212990257110953e-05,True,False
-48.0,-25.6,0.3758942620974155,0.10126157,-48.0,-25.6,3.8146972514141453e-07,True,False
-47.8,-25.6,0.40435183864449575,0.10064927,-47.799988,-25.6,1.2212990257110953e-05,True,False
-48.0,-25.4,0.36954636969689014,0.10104414,-48.0,-25.4,3.8146972514141453e-07,True,False
-47.8,-25.4,0.3829319775554761,0.10059553,-47.799988,-25.4,1.2212990257110953e-05,True,False
-47.6,-25.4,0.41469731609421806,0.09964767,-47.600006,-25.4,6.11542493359794e-06,True,False
-47.8,-25.2,0.36579768192847917,0.100737385,-47.799988,-25.2,1.2230849867417494e-05,True,False
-47.6,-25.2,0.4048109924729473,0.100392215,-47.600006,-25.2,6.151014516117709e-06,True,False
-47.8,-25.0,0.2830384246645759,0.10200363,-47.799988,-25.0,1.2207031247157829e-05,True,False
-47.6,-25.0,0.40120749060424893,0.101286575,-47.600006,-25.0,6.1035156235789145e-06,True,False
-47.4,-25.0,0.42656469599611874,0.09884925,-47.399994,-25.0,6.1035156235789145e-06,True,False
-47.2,-25.0,0.43813934463768994,0.09684854,-47.200012,-25.0,1.2207031247157829e-05,True,False
-47.4,-24.8,0.4190750799235075,0.09997678,-47.399994,-24.8,6.151014516117709e-06,True,False
-47.2,-24.8,0.44140781674042834,0.09711786,-47.200012,-24.8,1.2230849867417494e-05,True,False
-47.0,-24.8,0.455431654212795,0.09411219,-47.0,-24.8,7.629394538355427e-07,True,False
-46.8,-24.8,0.46679297383860313,0.09213216,-46.799988,-24.8,1.2230849867417494e-05,True,False
-47.2,-24.6,0.43161548084562806,0.09885218,-47.200012,-24.6,1.2212990257110953e-05,True,False
-47.0,-24.6,0.4591760502556051,0.09599265,-47.0,-24.6,3.8146972514141453e-07,True,False
-46.8,-24.6,0.46018052232337725,0.092932515,-46.799988,-24.6,1.2212990257110953e-05,True,False
-46.6,-24.6,0.47899288114006655,0.08995354,-46.600006,-24.6,6.11542493359794e-06,True,False
-46.8,-24.4,0.46856846056768076,0.093871556,-46.799988,-24.4,1.2212990257110953e-05,True,False
-46.6,-24.4,0.478683093957131,0.09056775,-46.600006,-24.4,6.11542493359794e-06,True,False
-46.4,-24.4,0.4872644867117845,0.08731729,-46.399994,-24.4,6.11542493359794e-06,True,False
-46.2,-24.4,0.4985643144080472,0.084102616,-46.200012,-24.4,1.2212990257110953e-05,True,False
-46.0,-24.4,0.5043351377052152,0.08011266,-46.0,-24.4,3.8146972514141453e-07,True,False
-45.2,-24.4,0.47554117074945007,0.10041403,-45.200012,-24.4,1.2212990257110953e-05,True,False
-46.6,-24.2,0.48785495396523787,0.090908326,-46.600006,-24.2,6.151014516117709e-06,True,False
-46.4,-24.2,0.503184260480227,0.08821025,-46.399994,-24.2,6.151014516117709e-06,True,False
-46.2,-24.2,0.5047833166958654,0.08518033,-46.200012,-24.2,1.2230849867417494e-05,True,False
-46.0,-24.2,0.507476477128755,0.0809149,-46.0,-24.2,7.629394538355427e-07,True,False
-45.8,-24.2,0.5304351856127614,0.077207364,-45.799988,-24.2,1.2230849867417494e-05,True,False
-45.6,-24.2,0.5223455534632823,0.078832105,-45.600006,-24.2,6.151014516117709e-06,True,False
-45.4,-24.2,0.516430257273595,0.083445266,-45.399994,-24.2,6.151014516117709e-06,True,False
-45.2,-24.2,0.5133680996552975,0.0879141,-45.200012,-24.2,1.2230849867417494e-05,True,False
-45.0,-24.2,0.48714109389974086,0.09616097,-45.0,-24.2,7.629394538355427e-07,True,False
-46.4,-24.0,0.5092031251454947,0.0886894,-46.399994,-24.0,6.1035156235789145e-06,True,False
-46.2,-24.0,0.5048652532325242,0.08499683,-46.200012,-24.0,1.2207031247157829e-05,True,False
-46.0,-24.0,0.5307647043956172,0.0829868,-46.0,-24.0,0.0,True,False
-45.8,-24.0,0.5360901034335516,0.079569094,-45.799988,-24.0,1.2207031247157829e-05,True,False
-45.6,-24.0,0.5286572603686771,0.0762675,-45.600006,-24.0,6.1035156235789145e-06,True,False
-45.4,-24.0,0.5458056352272682,0.074365474,-45.399994,-24.0,6.1035156235789145e-06,True,False
-45.2,-24.0,0.5286079944601317,0.074885264,-45.200012,-24.0,1.2207031247157829e-05,True,False
-45.0,-24.0,0.5079557912736052,0.0837948,-45.0,-24.0,0.0,True,False
-44.8,-24.0,0.4966936389382502,0.09295135,-44.799988,-24.0,1.2207031247157829e-05,True,False
-45.8,-23.8,0.5468320235246765,0.0797242,-45.799988,-23.8,1.2230849867417494e-05,True,False
-45.6,-23.8,0.5345291817007236,0.07655126,-45.600006,-23.8,6.151014516117709e-06,True,False
-45.4,-23.8,0.4637764882077314,0.076879226,-45.399994,-23.8,6.151014516117709e-06,True,False
-45.2,-23.8,0.37911866457857424,0.07915918,-45.200012,-23.8,1.2230849867417494e-05,True,False
-45.0,-23.8,0.4914817205441278,0.07969764,-45.0,-23.8,7.629394538355427e-07,True,False
-44.8,-23.8,0.5058746981073954,0.08334568,-44.799988,-23.8,1.2230849867417494e-05,True,False
-44.6,-23.8,0.5141736852837178,0.0892451,-44.600006,-23.8,6.151014516117709e-06,True,False
-45.2,-23.6,0.23963962275230277,0.07636225,-45.200012,-23.6,1.2212990257110953e-05,True,False
-45.0,-23.6,0.4100212492106467,0.07618333,-45.0,-23.6,3.8146972514141453e-07,True,False
-44.8,-23.6,0.5035124824717482,0.07723479,-44.799988,-23.6,1.2212990257110953e-05,True,False
-44.6,-23.6,0.5294168273878378,0.08023598,-44.600006,-23.6,6.11542493359794e-06,True,False
-44.4,-23.6,0.5308627634083645,0.083607405,-44.399994,-23.6,6.11542493359794e-06,True,False
-44.2,-23.6,0.5301947790466341,0.08836646,-44.200012,-23.6,1.2212990257110953e-05,True,False
-44.0,-23.6,0.5184112679460889,0.09344388,-44.0,-23.6,3.8146972514141453e-07,True,False
-44.4,-23.4,0.5293793268581183,0.07699306,-44.399994,-23.4,6.11542493359794e-06,True,False
-44.2,-23.4,0.5481381280406613,0.079424605,-44.200012,-23.4,1.2212990257110953e-05,True,False
-44.0,-23.4,0.5411178957014142,0.081784815,-44.0,-23.4,3.8146972514141453e-07,True,False
-43.8,-23.4,0.5329914760294089,0.08344866,-43.799988,-23.4,1.2212990257110953e-05,True,False
-43.6,-23.4,0.5247958049636475,0.08587162,-43.600006,-23.4,6.11542493359794e-06,True,False
-43.4,-23.4,0.5014363621126373,0.088389896,-43.399994,-23.4,6.11542493359794e-06,True,False
-43.2,-23.4,0.5029126093003731,0.092377685,-43.200012,-23.4,1.2212990257110953e-05,True,False
-43.0,-23.4,0.4779746658206358,0.101685725,-43.0,-23.4,3.8146972514141453e-07,True,False
-42.8,-23.4,0.4476016737425789,0.11511684,-42.799988,-23.4,1.2212990257110953e-05,True,False
-42.6,-23.4,0.4393246681675544,0.12593761,-42.600006,-23.4,6.11542493359794e-06,True,False
-42.2,-23.4,0.4232108697870613,0.12627693,-42.200012,-23.4,1.2212990257110953e-05,True,False
-42.0,-23.4,0.4326056076343459,0.11698707,-42.0,-23.4,3.8146972514141453e-07,True,False
-44.4,-23.2,0.49138911170363686,0.076102786,-44.399994,-23.2,6.151014516117709e-06,True,False
-44.2,-23.2,0.5298415850803625,0.0730476,-44.200012,-23.2,1.2230849867417494e-05,True,False
-44.0,-23.2,0.5097356335796743,0.07193768,-44.0,-23.2,7.629394538355427e-07,True,False
-43.8,-23.2,0.5281997393114958,0.07261091,-43.799988,-23.2,1.2230849867417494e-05,True,False
-43.6,-23.2,0.5403658996328355,0.0734502,-43.600006,-23.2,6.151014516117709e-06,True,False
-43.4,-23.2,0.5445057410191404,0.07407308,-43.399994,-23.2,6.151014516117709e-06,True,False
-43.2,-23.2,0.5449100541045517,0.07320634,-43.200012,-23.2,1.2230849867417494e-05,True,False
-43.0,-23.2,0.5353484984186329,0.07586792,-43.0,-23.2,7.629394538355427e-07,True,False
-42.8,-23.2,0.510088827545946,0.08579055,-42.799988,-23.2,1.2230849867417494e-05,True,False
-42.6,-23.2,0.4939461759383256,0.09742335,-42.600006,-23.2,6.151014516117709e-06,True,False
-42.4,-23.2,0.48447442723307416,0.104249425,-42.399994,-23.2,6.151014516117709e-06,True,False
-42.2,-23.2,0.4781916054805017,0.10444686,-42.200012,-23.2,1.2230849867417494e-05,True,False
-42.0,-23.2,0.46534753038594556,0.10001601,-42.0,-23.2,7.629394538355427e-07,True,False
-41.8,-23.2,0.45793921689690215,0.09450869,-41.799988,-23.2,1.2230849867417494e-05,True,False
-44.4,-23.0,0.39267861409796895,0.074322425,-44.399994,-23.0,6.1035156235789145e-06,True,False
-44.0,-23.0,0.3475268589163621,0.070785515,-44.0,-23.0,0.0,True,False
-43.4,-23.0,0.48243243392188734,0.067239866,-43.399994,-23.0,6.1035156235789145e-06,True,False
-43.2,-23.0,0.5017515340961675,0.066530004,-43.200012,-23.0,1.2207031247157829e-05,True,False
-43.0,-23.0,0.5259579732428468,0.06449873,-43.0,-23.0,0.0,True,False
-42.8,-23.0,0.5401267898580429,0.06448889,-42.799988,-23.0,1.2207031247157829e-05,True,False
-42.6,-23.0,0.5555863015203282,0.0690185,-42.600006,-23.0,6.1035156235789145e-06,True,False
-42.4,-23.0,0.557271554072531,0.07352116,-42.399994,-23.0,6.1035156235789145e-06,True,False
-42.2,-23.0,0.5513109978889134,0.077183574,-42.200012,-23.0,1.2207031247157829e-05,True,False
-42.0,-23.0,0.5273762752937498,0.080340594,-42.0,-23.0,0.0,True,False
-41.8,-23.0,0.47938492259634197,0.08677992,-41.799988,-23.0,1.2207031247157829e-05,True,False
-41.6,-23.0,0.47334735555475743,0.088547,-41.600006,-23.0,6.1035156235789145e-06,True,False
-41.8,-22.8,0.35621812319099605,0.081480436,-41.799988,-22.8,1.2230849867417494e-05,True,False
-41.6,-22.8,0.4547568301509306,0.08400131,-41.600006,-22.8,6.151014516117709e-06,True,False
-41.8,-22.6,0.26802736412148565,0.07795765,-41.799988,-22.6,1.2212990257110953e-05,True,False
-41.6,-22.6,0.4423528112379968,0.07910412,-41.600006,-22.6,6.11542493359794e-06,True,False
-41.4,-22.6,0.46616630740757836,0.07840179,-41.399994,-22.6,6.11542493359794e-06,True,False
-41.6,-22.4,0.3864854579408421,0.074416615,-41.600006,-22.4,6.11542493359794e-06,True,False
-41.4,-22.4,0.45100294913609645,0.07360845,-41.399994,-22.4,6.11542493359794e-06,True,False
-41.2,-22.4,0.47442185587486957,0.075150795,-41.200012,-22.4,1.2212990257110953e-05,True,False
-41.0,-22.4,0.46003063574511066,0.090726174,-41.0,-22.4,3.8146972514141453e-07,True,False
-40.8,-22.4,0.42780375199131776,0.10921102,-40.799988,-22.4,1.2212990257110953e-05,True,False
-41.4,-22.2,0.35268070751141295,0.06813952,-41.399994,-22.2,6.151014516117709e-06,True,False
-41.2,-22.2,0.45337080345762876,0.06678352,-41.200012,-22.2,1.2230849867417494e-05,True,False
-41.0,-22.2,0.45300124985296125,0.07643974,-41.0,-22.2,7.629394538355427e-07,True,False
-40.8,-22.2,0.42442531259151317,0.09046055,-40.799988,-22.2,1.2230849867417494e-05,True,False
-40.6,-22.2,0.4227023390702667,0.10049519,-40.600006,-22.2,6.151014516117709e-06,True,False
-40.8,-22.0,0.38821048838902367,0.08292597,-40.799988,-22.0,1.2207031247157829e-05,True,False
-40.6,-22.0,0.41692918823788966,0.090091646,-40.600006,-22.0,6.1035156235789145e-06,True,False
-40.8,-21.8,0.290450809439896,0.08873514,-40.799988,-21.8,1.2230849867417494e-05,True,False
-40.6,-21.8,0.3639614345203041,0.09798528,-40.600006,-21.8,6.151014516117709e-06,True,False
-40.8,-21.6,0.24017206733509192,0.09324587,-40.799988,-21.6,1.2212990257110953e-05,True,False
-40.6,-21.6,0.32224896151224414,0.107174635,-40.600006,-21.6,6.11542493359794e-06,True,False
-40.8,-21.4,0.22842230321467047,0.09080747,-40.799988,-21.4,1.2212990257110953e-05,True,False
-40.6,-21.4,0.2986607026427445,0.103684366,-40.600006,-21.4,6.11542493359794e-06,True,False
-40.8,-21.2,0.22468208791766367,0.08520136,-40.799988,-21.2,1.2230849867417494e-05,True,False
-40.6,-21.2,0.2722634888437749,0.100792766,-40.600006,-21.2,6.151014516117709e-06,True,False
-40.4,-21.2,0.3188463421989849,0.13156362,-40.399994,-21.2,6.151014516117709e-06,True,False
-40.8,-21.0,0.24478031187983626,0.08703142,-40.799988,-21.0,1.2207031247157829e-05,True,False
-40.6,-21.0,0.26768039414551165,0.10319634,-40.600006,-21.0,6.1035156235789145e-06,True,False
-40.4,-21.0,0.316765249032775,0.12664843,-40.399994,-21.0,6.1035156235789145e-06,True,False
-40.2,-21.0,0.3230469305819465,0.15840918,-40.200012,-21.0,1.2207031247157829e-05,True,False
-29.4,-21.0,0.3030215048062424,0.1925596,-29.399994,-21.0,6.1035156235789145e-06,True,False
-29.2,-21.0,0.3040162532194118,0.18998758,-29.200012,-21.0,1.2207031250710543e-05,True,False
-40.4,-20.8,0.3247943090167855,0.11669039,-40.399994,-20.8,6.151014516117709e-06,True,False
-40.2,-20.8,0.33477094586903355,0.14252149,-40.200012,-20.8,1.2230849867417494e-05,True,False
-40.0,-20.8,0.3380756034669024,0.17692658,-40.0,-20.8,7.629394538355427e-07,True,False
-29.6,-20.8,0.309683935237207,0.1942014,-29.600006,-20.8,6.151014516117709e-06,True,False
-29.4,-20.8,0.30233225185040763,0.19263417,-29.399994,-20.8,6.151014516117709e-06,True,False
-29.2,-20.8,0.30666668795046353,0.1898121,-29.200012,-20.8,1.2230849870963289e-05,True,False
-29.0,-20.8,0.3186462197791464,0.18650873,-29.0,-20.8,7.629394538355427e-07,True,False
-28.8,-20.8,0.30184191725962,0.18403196,-28.799988,-20.8,1.2230849870963289e-05,True,False
-28.6,-20.8,0.3088677244333617,0.18234982,-28.600006,-20.8,6.151014516117709e-06,True,False
-40.4,-20.6,0.28773478412814063,0.10723527,-40.399994,-20.6,6.11542493359794e-06,True,False
-40.2,-20.6,0.33566275975971355,0.12971564,-40.200012,-20.6,1.2212990257110953e-05,True,False
-40.0,-20.6,0.3373225310463133,0.16342671,-40.0,-20.6,3.8146972514141453e-07,True,False
-29.8,-20.6,0.3049832247574645,0.19330934,-29.799988,-20.6,1.2212990260661936e-05,True,False
-29.6,-20.6,0.3031401650140369,0.19303796,-29.600006,-20.6,6.11542493359794e-06,True,False
-29.4,-20.6,0.3110866073798905,0.19213298,-29.399994,-20.6,6.11542493359794e-06,True,False
-29.2,-20.6,0.3099816712303308,0.1892335,-29.200012,-20.6,1.2212990260661936e-05,True,False
-29.0,-20.6,0.3226625391303555,0.1851635,-29.0,-20.6,3.8146972514141453e-07,True,False
-28.8,-20.6,0.3080603494457377,0.18208578,-28.799988,-20.6,1.2212990260661936e-05,True,False
-28.6,-20.6,0.30939791901477304,0.17997275,-28.600006,-20.6,6.11542493359794e-06,True,False
-40.2,-20.4,0.30874871760373335,0.121862136,-40.200012,-20.4,1.2212990257110953e-05,True,False
-40.0,-20.4,0.32952849586837796,0.1522289,-40.0,-20.4,3.8146972514141453e-07,True,False
-39.8,-20.4,0.34232924323370045,0.18325502,-39.799988,-20.4,1.2212990257110953e-05,True,False
-29.6,-20.4,0.3152221251148993,0.18998285,-29.600006,-20.4,6.11542493359794e-06,True,False
-29.4,-20.4,0.31291397336370835,0.18888241,-29.399994,-20.4,6.11542493359794e-06,True,False
-29.2,-20.4,0.32251610204744424,0.18618725,-29.200012,-20.4,1.2212990260661936e-05,True,False
-29.0,-20.4,0.315548176159145,0.18256871,-29.0,-20.4,3.8146972514141453e-07,True,False
-28.8,-20.4,0.3058677854342436,0.17963496,-28.799988,-20.4,1.2212990260661936e-05,True,False
-28.6,-20.4,0.30005673880163486,0.17748241,-28.600006,-20.4,6.11542493359794e-06,True,False
-40.0,-20.2,0.35875039028212247,0.14453997,-40.0,-20.2,7.629394538355427e-07,True,False
-39.8,-20.2,0.3590702644644779,0.17301391,-39.799988,-20.2,1.2230849867417494e-05,True,False
-29.6,-20.2,0.32115075560329204,0.18589802,-29.600006,-20.2,6.151014516117709e-06,True,False
-29.4,-20.2,0.30118691753421895,0.18423298,-29.399994,-20.2,6.151014516117709e-06,True,False
-29.2,-20.2,0.32325837446142014,0.18194456,-29.200012,-20.2,1.2230849870963289e-05,True,False
-29.0,-20.2,0.332400098133506,0.17933074,-29.0,-20.2,7.629394538355427e-07,True,False
-28.8,-20.2,0.31586629290799184,0.1770519,-28.799988,-20.2,1.2230849870963289e-05,True,False
-28.6,-20.2,0.31342739783349954,0.17526953,-28.600006,-20.2,6.151014516117709e-06,True,False
-40.0,-20.0,0.38597070475402107,0.13667426,-40.0,-20.0,0.0,True,False
-39.8,-20.0,0.3707719028797547,0.15749265,-39.799988,-20.0,1.2207031247157829e-05,True,False
-39.6,-20.0,0.4006013204695586,0.17878781,-39.600006,-20.0,6.1035156235789145e-06,True,False
-40.0,-19.8,0.36474418719555385,0.12964669,-40.0,-19.8,7.629394538355427e-07,True,False
-39.8,-19.8,0.374562842025389,0.14003713,-39.799988,-19.8,1.2230849867417494e-05,True,False
-39.6,-19.8,0.37301981388459887,0.16003653,-39.600006,-19.8,6.151014516117709e-06,True,False
-39.4,-19.8,0.3992732997239377,0.17498688,-39.399994,-19.8,6.151014516117709e-06,True,False
-39.6,-19.6,0.38515843601340044,0.14706601,-39.600006,-19.6,6.11542493359794e-06,True,False
-39.4,-19.6,0.3868382566366015,0.16030686,-39.399994,-19.6,6.11542493359794e-06,True,False
-39.6,-19.4,0.3293902317634443,0.14336188,-39.600006,-19.4,6.11542493359794e-06,True,False
-39.4,-19.4,0.3699556920759095,0.15269962,-39.399994,-19.4,6.11542493359794e-06,True,False
-39.6,-19.2,0.32195178193838,0.14554095,-39.600006,-19.2,6.151014516117709e-06,True,False
-39.4,-19.2,0.3418482826351393,0.1508862,-39.399994,-19.2,6.151014516117709e-06,True,False
-39.6,-19.0,0.30067994053459196,0.14488372,-39.600006,-19.0,6.1035156235789145e-06,True,False
-39.4,-19.0,0.35995029473307744,0.14976875,-39.399994,-19.0,6.1035156235789145e-06,True,False
-39.6,-18.8,0.287681700818609,0.1448258,-39.600006,-18.8,6.151014516117709e-06,True,False
-39.4,-18.8,0.3572174491407522,0.1495388,-39.399994,-18.8,6.151014516117709e-06,True,False
-39.6,-18.6,0.296761187628261,0.14437246,-39.600006,-18.6,6.11542493359794e-06,True,False
-39.4,-18.6,0.36186206769425605,0.14803062,-39.399994,-18.6,6.11542493359794e-06,True,False
-39.6,-18.4,0.32333962991658083,0.14302123,-39.600006,-18.4,6.11542493359794e-06,True,False
-39.4,-18.4,0.3836795906821819,0.14525291,-39.399994,-18.4,6.11542493359794e-06,True,False
-39.4,-18.2,0.38432071793287204,0.14187907,-39.399994,-18.2,6.151014516117709e-06,True,False
-39.2,-18.2,0.41646819944209845,0.1444361,-39.200012,-18.2,1.2230849867417494e-05,True,False
-39.0,-18.2,0.41079022366800017,0.14565589,-39.0,-18.2,7.629394538355427e-07,True,False
-39.4,-18.0,0.38674901975763465,0.13782145,-39.399994,-18.0,6.1035156235789145e-06,True,False
-39.2,-18.0,0.42738970156886286,0.13928007,-39.200012,-18.0,1.2207031247157829e-05,True,False
-39.0,-18.0,0.4214098409815327,0.14200051,-39.0,-18.0,0.0,True,False
-38.8,-18.0,0.39986102592841544,0.14497098,-38.799988,-18.0,1.2207031247157829e-05,True,False
-39.0,-17.8,0.4125877239240708,0.14428586,-39.0,-17.8,7.629394538355427e-07,True,False
-38.8,-17.8,0.3659069088534704,0.15209046,-38.799988,-17.8,1.2230849867417494e-05,True,False
-39.0,-17.6,0.29328627637884325,0.15509409,-39.0,-17.6,3.8146972514141453e-07,True,False
-38.8,-17.6,0.3362900935897955,0.16304947,-38.799988,-17.6,1.2212990257110953e-05,True,False
-39.0,-17.4,0.22341570200708105,0.16103429,-39.0,-17.4,3.8146972514141453e-07,True,False
-38.8,-17.4,0.3332414587838325,0.16846488,-38.799988,-17.4,1.2212990257110953e-05,True,False
-39.0,-17.2,0.26678710863230887,0.165305,-39.0,-17.2,7.629394538355427e-07,True,False
-38.8,-17.2,0.33200091748366994,0.17593114,-38.799988,-17.2,1.2230849867417494e-05,True,False
-39.0,-17.0,0.2842814090405587,0.16630676,-39.0,-17.0,0.0,True,False
-38.8,-17.0,0.33545693784314184,0.17962769,-38.799988,-17.0,1.2207031247157829e-05,True,False
-39.0,-16.8,0.2958807940148443,0.17200549,-39.0,-16.8,7.629394538355427e-07,True,False
-38.8,-16.8,0.3320979457525428,0.18078147,-38.799988,-16.8,1.2230849867417494e-05,True,False
-39.0,-16.6,0.27224494761620527,0.17402047,-39.0,-16.6,3.8146972514141453e-07,True,False
-38.8,-16.6,0.356621995397759,0.17943203,-38.799988,-16.6,1.2212990257110953e-05,True,False
-38.8,-16.4,0.34618131096406285,0.1770188,-38.799988,-16.4,1.2212990257110953e-05,True,False
-38.6,-16.4,0.3640405707174103,0.1803926,-38.600006,-16.4,6.11542493359794e-06,True,False
-38.8,-16.2,0.3304231937135265,0.17533177,-38.799988,-16.2,1.2230849867417494e-05,True,False
-38.6,-16.2,0.37314911751107277,0.17884193,-38.600006,-16.2,6.151014516117709e-06,True,False
-38.8,-16.0,0.32682816431623235,0.17624415,-38.799988,-16.0,1.2207031247157829e-05,True,False
-38.6,-16.0,0.35753233683356783,0.18402454,-38.600006,-16.0,6.1035156235789145e-06,True,False
-38.8,-15.8,0.27778492685310135,0.18328469,-38.799988,-15.8,1.220852127232809e-05,True,False
-38.6,-15.8,0.3820915594732945,0.19224983,-38.600006,-15.8,6.106495128555477e-06,True,False
-38.4,-15.8,0.3714791634479675,0.20409474,-38.399994,-15.8,6.106495128555477e-06,True,True
-38.8,-15.6,0.2778920101956988,0.18760796,-38.799988,-15.6,1.2212990257166437e-05,True,False
-38.6,-15.6,0.3562443509097588,0.19749916,-38.600006,-15.6,6.115424933708747e-06,True,False
-38.8,-15.4,0.3145281243521032,0.19111085,-38.799988,-15.4,1.2212990257166437e-05,True,False
-38.6,-15.4,0.3558943084656872,0.20293774,-38.600006,-15.4,6.115424933708747e-06,True,True
-38.8,-15.2,0.3112216135436401,0.19638066,-38.799988,-15.2,1.220852127232809e-05,True,False
-38.6,-15.2,0.36390331911309654,0.2075135,-38.600006,-15.2,6.106495128555477e-06,True,True
-38.8,-15.0,0.3068081704695301,0.20013043,-38.799988,-15.0,1.2207031247157829e-05,True,True
-38.6,-15.0,0.3493878639410484,0.21019292,-38.600006,-15.0,6.1035156235789145e-06,True,True
-38.8,-14.8,0.328134820690663,0.20316255,-38.799988,-14.8,1.220852127232809e-05,True,True
-38.6,-14.8,0.37598581738996417,0.21093802,-38.600006,-14.8,6.106495128555477e-06,True,True
-38.8,-14.6,0.3424405255653556,0.20440522,-38.799988,-14.6,1.2212990257166437e-05,True,True
-38.6,-14.6,0.36710611854048647,0.21049872,-38.600006,-14.6,6.115424933708747e-06,True,True
-38.8,-14.4,0.353977135501202,0.20481448,-38.799988,-14.4,1.2212990257166437e-05,True,True
-38.6,-14.4,0.3757634458010964,0.209374,-38.600006,-14.4,6.115424933708747e-06,True,True
-38.8,-14.2,0.3334367665047768,0.20355149,-38.799988,-14.2,1.220852127232809e-05,True,True
-38.6,-14.2,0.37575983515699357,0.2080241,-38.600006,-14.2,6.106495128555477e-06,True,True
-38.8,-14.0,0.33034415481377727,0.20390105,-38.799988,-14.0,1.2207031247157829e-05,True,True
-38.6,-14.0,0.3688279837840273,0.20706186,-38.600006,-14.0,6.1035156235789145e-06,True,True
-38.8,-13.8,0.3463876254485037,0.20389739,-38.799988,-13.8,1.220852127232809e-05,True,True
-38.6,-13.8,0.36495502904763183,0.20674014,-38.600006,-13.8,6.106495128555477e-06,True,True
-38.8,-13.6,0.34787885338865604,0.20629625,-38.799988,-13.6,1.2212990257166437e-05,True,True
-38.6,-13.6,0.3702106385158048,0.20685786,-38.600006,-13.6,6.115424933708747e-06,True,True
-38.8,-13.4,0.33576857823667167,0.20662296,-38.799988,-13.4,1.2212990257166437e-05,True,True
-38.6,-13.4,0.3849140052894036,0.20628464,-38.600006,-13.4,6.115424933708747e-06,True,True
-38.4,-13.4,0.373132108716874,0.2045077,-38.399994,-13.4,6.115424933708747e-06,True,True
-38.6,-13.2,0.4021967660410941,0.20484689,-38.600006,-13.2,6.106495128555477e-06,True,True
-38.4,-13.2,0.39800026262685,0.20349568,-38.399994,-13.2,6.106495128555477e-06,True,True
-38.2,-13.2,0.3894623085812278,0.20036827,-38.200012,-13.2,1.220852127232809e-05,True,True
-38.0,-13.2,0.4070361222138417,0.19470371,-38.0,-13.2,1.9073486257070726e-07,True,False
-38.4,-13.0,0.4396765364573387,0.20196456,-38.399994,-13.0,6.1035156235789145e-06,True,True
-38.2,-13.0,0.41063533235693916,0.2012548,-38.200012,-13.0,1.2207031247157829e-05,True,True
-38.0,-13.0,0.3955662293796591,0.19774882,-38.0,-13.0,0.0,True,False
-37.8,-13.0,0.40462193154636855,0.19066305,-37.799988,-13.0,1.2207031247157829e-05,True,False
-38.0,-12.8,0.4106631092320559,0.20029368,-38.0,-12.8,1.9073486257070726e-07,True,True
-37.8,-12.8,0.3878838079525006,0.19526103,-37.799988,-12.8,1.220852127232809e-05,True,False
-37.8,-12.6,0.3938021766102855,0.19951436,-37.799988,-12.6,1.2212990257166437e-05,True,False
-37.6,-12.6,0.37585125666567665,0.19232136,-37.600006,-12.6,6.115424933708747e-06,True,False
-37.8,-12.4,0.35092566690972005,0.20152697,-37.799988,-12.4,1.2212990257166437e-05,True,True
-37.6,-12.4,0.3829198214669514,0.19698393,-37.600006,-12.4,6.115424933708747e-06,True,False
-37.4,-12.4,0.37584764602157383,0.18890415,-37.399994,-12.4,6.115424933708747e-06,True,False
-37.6,-12.2,0.3817204232663065,0.19983803,-37.600006,-12.2,6.106495128555477e-06,True,False
-37.4,-12.2,0.37996514246176377,0.19398397,-37.399994,-12.2,6.106495128555477e-06,True,False
-37.4,-12.0,0.3709402896382687,0.1984319,-37.399994,-12.0,6.1035156235789145e-06,True,False
-37.2,-12.0,0.3616907057650014,0.19096908,-37.200012,-12.0,1.2207031247157829e-05,True,False
-37.4,-11.8,0.3790591566029464,0.20101409,-37.399994,-11.8,6.106495128555477e-06,True,True
-37.2,-11.8,0.36047847951596085,0.19505467,-37.200012,-11.8,1.220852127232809e-05,True,False
-37.4,-11.6,0.370863848882002,0.20325841,-37.399994,-11.6,6.115424933708747e-06,True,True
-37.2,-11.6,0.364683455401609,0.19927134,-37.200012,-11.6,1.2212990257166437e-05,True,False
-37.0,-11.6,0.3592765150975283,0.19260761,-37.0,-11.6,3.8146972691777137e-07,True,False
-37.2,-11.4,0.3689265019186772,0.20299023,-37.200012,-11.4,1.2212990257166437e-05,True,True
-37.0,-11.4,0.36136718901284803,0.19798529,-37.0,-11.4,3.8146972691777137e-07,True,False
-36.8,-11.4,0.36514851548367716,0.19084819,-36.799988,-11.4,1.2212990257166437e-05,True,False
-37.0,-11.2,0.39040191675793046,0.20226322,-37.0,-11.2,1.9073486257070726e-07,True,True
-36.8,-11.2,0.37047644881370384,0.19719994,-36.799988,-11.2,1.220852127232809e-05,True,False
-37.0,-11.0,0.34873551252807994,0.2070887,-37.0,-11.0,0.0,True,True
-36.8,-11.0,0.4024306506437683,0.20147993,-36.799988,-11.0,1.2207031247157829e-05,True,True
-36.6,-11.0,0.4007978474480063,0.1967867,-36.600006,-11.0,6.1035156235789145e-06,True,False
-36.8,-10.8,0.3791632814977864,0.20518748,-36.799988,-10.8,1.220852127232809e-05,True,True
-36.6,-10.8,0.4186174858933085,0.19970588,-36.600006,-10.8,6.106495128555477e-06,True,False
-36.4,-10.8,0.4103758099007282,0.19584513,-36.399994,-10.8,6.106495128555477e-06,True,False
-36.2,-10.8,0.3887297598218546,0.18841235,-36.200012,-10.8,1.220852127232809e-05,True,False
-36.6,-10.6,0.42194658033046517,0.20198086,-36.600006,-10.6,6.115424933708747e-06,True,True
-36.4,-10.6,0.41867718846365004,0.19673027,-36.399994,-10.6,6.115424933708747e-06,True,False
-36.2,-10.6,0.3810092996889715,0.19514695,-36.200012,-10.6,1.2212990257166437e-05,True,False
-36.0,-10.6,0.3735539049210989,0.1864602,-36.0,-10.6,3.8146972691777137e-07,True,False
-36.2,-10.4,0.3583303378289653,0.1982988,-36.200012,-10.4,1.2212990257166437e-05,True,False
-36.0,-10.4,0.3752234956393871,0.19314945,-36.0,-10.4,3.8146972691777137e-07,True,False
-35.8,-10.4,0.3839024548389187,0.18482031,-35.799988,-10.4,1.2212990257166437e-05,True,False
-36.0,-10.2,0.3691625392253724,0.19525084,-36.0,-10.2,1.9073486257070726e-07,True,False
-35.8,-10.2,0.38212270830993544,0.18977456,-35.799988,-10.2,1.220852127232809e-05,True,False
-35.6,-10.2,0.3825769683853903,0.1835458,-35.600006,-10.2,6.106495128555477e-06,True,False
-35.8,-10.0,0.3509604263904638,0.19256319,-35.799988,-10.0,1.2207031247157829e-05,True,False
-35.6,-10.0,0.37625556975108787,0.18919854,-35.600006,-10.0,6.1035156235789145e-06,True,False
-35.4,-10.0,0.395548176159145,0.1820095,-35.399994,-10.0,6.1035156235789145e-06,True,False
-35.8,-9.8,0.3969135545289924,0.19394754,-35.799988,-9.8,1.220852127232809e-05,True,False
-35.6,-9.8,0.3939341711167856,0.19076295,-35.600006,-9.8,6.106495128555477e-06,True,False
-35.4,-9.8,0.37946144164657536,0.18745181,-35.399994,-9.8,6.106495128555477e-06,True,False
-35.6,-9.6,0.3495980277521708,0.19246636,-35.600006,-9.6,6.115424933708747e-06,True,False
-35.4,-9.6,0.3853414082538184,0.18884033,-35.399994,-9.6,6.115424933708747e-06,True,False
-35.2,-9.6,0.38899306775335646,0.18442948,-35.200012,-9.6,1.2212990257166437e-05,True,False
-35.4,-9.4,0.33803978587740274,0.19150633,-35.399994,-9.4,6.115424933708747e-06,True,False
-35.2,-9.4,0.4141818727042718,0.1865271,-35.200012,-9.4,1.2212990257166437e-05,True,False
-35.0,-9.4,0.401858236610829,0.17962967,-35.0,-9.4,3.8146972691777137e-07,True,False
-35.2,-9.2,0.3847916097752679,0.18895836,-35.200012,-9.2,1.220852127232809e-05,True,False
-35.0,-9.2,0.4243435873725514,0.1834193,-35.0,-9.2,1.9073486257070726e-07,True,False
-34.8,-9.2,0.411754853988403,0.17268796,-34.799988,-9.2,1.220852127232809e-05,True,False
-35.0,-9.0,0.39654549079010204,0.18575493,-35.0,-9.0,0.0,True,False
-34.8,-9.0,0.400353136195966,0.17771421,-34.799988,-9.0,1.2207031247157829e-05,True,False
-35.0,-8.8,0.38408952877103747,0.18851879,-35.0,-8.8,1.9073486257070726e-07,True,False
-34.8,-8.8,0.4201242008361872,0.18076289,-34.799988,-8.8,1.220852127232809e-05,True,False
-34.8,-8.6,0.42940335094377485,0.18349351,-34.799988,-8.6,1.2212990257166437e-05,True,False
-34.6,-8.6,0.44952857492248044,0.17211957,-34.600006,-8.6,6.115424933708747e-06,True,False
-34.8,-8.4,0.3960238006057901,0.18615544,-34.799988,-8.4,1.2212990257166437e-05,True,False
-34.6,-8.4,0.42309329049209093,0.17492753,-34.600006,-8.4,6.115424933708747e-06,True,False
-34.8,-8.2,0.4057389827371305,0.18914314,-34.799988,-8.2,1.220852127232809e-05,True,False
-34.6,-8.2,0.39044318451968646,0.17779414,-34.600006,-8.2,6.106495128555477e-06,True,False
-34.8,-8.0,0.3885612164754071,0.19225772,-34.799988,-8.0,1.2207031247157829e-05,True,False
-34.6,-8.0,0.3726194291799714,0.18017189,-34.600006,-8.0,6.1035156235789145e-06,True,False
-34.4,-8.0,0.3946376598921481,0.1656904,-34.399994,-8.0,6.1035156235789145e-06,True,False
-34.8,-7.8,0.3729650233105084,0.1954196,-34.799988,-7.8,1.2208521272341966e-05,True,False
-34.6,-7.8,0.3662390729082161,0.18160406,-34.600006,-7.8,6.106495128583219e-06,True,False
-34.4,-7.8,0.39068644311458717,0.16721678,-34.399994,-7.8,6.106495128583219e-06,True,False
-34.8,-7.6,0.2783030063933105,0.19733435,-34.799988,-7.6,1.2207403770500818e-05,True,False
-34.6,-7.6,0.3429851627231783,0.18263747,-34.600006,-7.6,6.104260636164045e-06,True,False
-34.4,-7.6,0.37755617696640903,0.1680197,-34.399994,-7.6,6.104260636164045e-06,True,False
-34.6,-7.4,0.35859472211247767,0.18175562,-34.600006,-7.4,6.104260636164045e-06,True,False
-34.4,-7.4,0.3812621390329822,0.16586696,-34.399994,-7.4,6.104260636164045e-06,True,False
-34.6,-7.2,0.34677657619342717,0.17828251,-34.600006,-7.2,6.106495128583219e-06,True,False
-34.4,-7.2,0.3774779149252436,0.16061296,-34.399994,-7.2,6.106495128583219e-06,True,False
-34.8,-7.0,0.2634864113409191,0.19159155,-34.799988,-7.0,1.2207031247157829e-05,True,False
-34.6,-7.0,0.36453161831539127,0.17580178,-34.600006,-7.0,6.1035156235789145e-06,True,False
-34.4,-7.0,0.40807470460655476,0.16352643,-34.399994,-7.0,6.1035156235789145e-06,True,False
-34.8,-6.8,0.3075894652046978,0.18573284,-34.799988,-6.8,1.2208521272341966e-05,True,False
-34.6,-6.8,0.36647457203890604,0.17123176,-34.600006,-6.8,6.106495128583219e-06,True,False
-34.8,-6.6,0.35483287487654924,0.18262002,-34.799988,-6.6,1.2207403770500818e-05,True,False
-34.6,-6.6,0.3767291661559506,0.16576944,-34.600006,-6.6,6.104260636164045e-06,True,False
-34.8,-6.4,0.39560811741206514,0.18011816,-34.799988,-6.4,1.2207403770500818e-05,True,False
-34.6,-6.4,0.40082852196003244,0.16489251,-34.600006,-6.4,6.104260636164045e-06,True,False
-35.0,-6.2,0.2793206698542953,0.19036774,-35.0,-6.2,1.9073486345888568e-07,True,False
-34.8,-6.2,0.38786706976657565,0.17410314,-34.799988,-6.2,1.2208521272341966e-05,True,False
-34.6,-6.2,0.3800547746112429,0.16003558,-34.600006,-6.2,6.106495128583219e-06,True,False
-35.0,-6.0,0.31186486157265597,0.1881245,-35.0,-6.0,0.0,True,False
-34.8,-6.0,0.3692424157945536,0.17254159,-34.799988,-6.0,1.2207031247157829e-05,True,False
-35.0,-5.8,0.3190176265944082,0.18435866,-35.0,-5.8,1.9073486345888568e-07,True,False
-34.8,-5.8,0.370732360625812,0.16583543,-34.799988,-5.8,1.2208521272341966e-05,True,False
-35.0,-5.6,0.310021595072345,0.17983152,-35.0,-5.6,9.536743128535363e-08,True,False
-34.8,-5.6,0.39883595266559596,0.16222106,-34.799988,-5.6,1.2207403770500818e-05,True,False
-35.2,-5.4,0.32954612189268445,0.18725924,-35.200012,-5.4,1.2207403770500818e-05,True,False
-35.0,-5.4,0.34835848070937375,0.17312582,-35.0,-5.4,9.536743128535363e-08,True,False
-34.8,-5.4,0.3948371164332005,0.15749758,-34.799988,-5.4,1.2207403770500818e-05,True,False
-35.4,-5.2,0.29983210352894846,0.17396793,-35.399994,-5.2,6.106495128583219e-06,True,False
-35.2,-5.2,0.33160125946867663,0.16999769,-35.200012,-5.2,1.2208521272341966e-05,True,False
-35.0,-5.2,0.35347720191805015,0.16465458,-35.0,-5.2,1.9073486345888568e-07,True,False
-36.6,-5.0,0.34592074408153667,0.18025424,-36.600006,-5.0,6.1035156235789145e-06,True,False
-36.2,-5.0,0.3459627567761813,0.16889554,-36.200012,-5.0,1.2207031247157829e-05,True,False
-35.6,-5.0,0.25996541307003757,0.16435519,-35.600006,-5.0,6.1035156235789145e-06,True,False
-35.4,-5.0,0.2889726634334299,0.16016929,-35.399994,-5.0,6.1035156235789145e-06,True,False
-35.2,-5.0,0.3294418723356059,0.15359662,-35.200012,-5.0,1.2207031247157829e-05,True,False
-35.0,-5.0,0.3266310961212371,0.1347447,-35.0,-5.0,0.0,True,False
-37.2,-4.8,0.38531319962168054,0.20817912,-37.200012,-4.8,1.2208521272341966e-05,True,True
-37.0,-4.8,0.2883946745659958,0.19383316,-37.0,-4.8,1.9073486345888568e-07,True,False
-36.8,-4.8,0.29738942297916526,0.18630455,-36.799988,-4.8,1.2208521272341966e-05,True,False
-36.6,-4.8,0.30508338934582535,0.1798658,-36.600006,-4.8,6.106495128583219e-06,True,False
-36.4,-4.8,0.29818310032326667,0.17554805,-36.399994,-4.8,6.106495128583219e-06,True,False
-36.2,-4.8,0.2715200443007028,0.17170866,-36.200012,-4.8,1.2208521272341966e-05,True,False
-36.0,-4.8,0.27962247257288225,0.16774417,-36.0,-4.8,1.9073486345888568e-07,True,False
-35.8,-4.8,0.2679049655668075,0.16305888,-35.799988,-4.8,1.2208521272341966e-05,True,False
-35.6,-4.8,0.29138503281600403,0.15742643,-35.600006,-4.8,6.106495128583219e-06,True,False
-35.4,-4.8,0.3293816315892592,0.15304954,-35.399994,-4.8,6.106495128583219e-06,True,False
-37.4,-4.6,0.2922393461769645,0.20816553,-37.399994,-4.6,6.104260636164045e-06,True,True
-37.2,-4.6,0.2962227881431769,0.19724447,-37.200012,-4.6,1.2207403770500818e-05,True,False
-37.0,-4.6,0.28963808157737264,0.18837787,-37.0,-4.6,9.536743128535363e-08,True,False
-36.8,-4.6,0.31119503768277224,0.18329571,-36.799988,-4.6,1.2207403770500818e-05,True,False
-36.6,-4.6,0.30836931264168216,0.17893454,-36.600006,-4.6,6.104260636164045e-06,True,False
-36.0,-4.6,0.2805730054184366,0.16438371,-36.0,-4.6,9.536743128535363e-08,True,False
-37.6,-4.4,0.307360691753802,0.21021259,-37.600006,-4.4,6.104260636164045e-06,True,True
-37.4,-4.4,0.3121232255822116,0.19877107,-37.399994,-4.4,6.104260636164045e-06,True,False
-37.2,-4.4,0.305130057110888,0.19157253,-37.200012,-4.4,1.2207403770500818e-05,True,False
-37.0,-4.4,0.3218681807047559,0.18590592,-37.0,-4.4,9.536743128535363e-08,True,False
-37.8,-4.2,0.30166958843788144,0.20960681,-37.799988,-4.2,1.2208521272341966e-05,True,True
-37.6,-4.2,0.3000558828889486,0.20057812,-37.600006,-4.2,6.106495128583219e-06,True,True
-37.4,-4.2,0.3060777242452281,0.19362758,-37.399994,-4.2,6.106495128583219e-06,True,False
-32.6,-4.2,0.35068283247048443,0.09362235,-32.600006,-4.2,6.106495128583219e-06,True,False
-32.4,-4.2,0.3803620594277814,0.09219406,-32.399994,-4.2,6.106495128583219e-06,True,False
-32.2,-4.2,0.3541887998199999,0.09093162,-32.200012,-4.2,1.2208521272341966e-05,True,False
-38.0,-4.0,0.299672870323337,0.2075754,-38.0,-4.0,0.0,True,True
-37.8,-4.0,0.310024285952371,0.19960895,-37.799988,-4.0,1.2207031247157829e-05,True,False
-37.6,-4.0,0.3110682364226954,0.19358525,-37.600006,-4.0,6.1035156235789145e-06,True,False
-32.8,-4.0,0.34574533975115823,0.09055231,-32.799988,-4.0,1.2207031247157829e-05,True,False
-32.6,-4.0,0.362625038600636,0.08887472,-32.600006,-4.0,6.1035156235789145e-06,True,False
-32.4,-4.0,0.38206536520049816,0.0873179,-32.399994,-4.0,6.1035156235789145e-06,True,False
-32.2,-4.0,0.34971947157653455,0.08645163,-32.200012,-4.0,1.2207031247157829e-05,True,False
-32.0,-4.0,0.3453284053742347,0.08513535,-32.0,-4.0,0.0,True,False
-38.2,-3.8,0.3221610867962736,0.20071758,-38.200012,-3.8,1.2207124379059349e-05,True,True
-38.0,-3.8,0.3223073171223015,0.19683416,-38.0,-3.8,4.7683715642676816e-08,True,False
-32.8,-3.8,0.3376616777066861,0.086273804,-32.799988,-3.8,1.2207124379059349e-05,True,False
-32.6,-3.8,0.3183559118311115,0.08483705,-32.600006,-3.8,6.103701885250409e-06,True,False
-32.4,-3.8,0.3138938048758518,0.0831482,-32.399994,-3.8,6.103701885250409e-06,True,False
-32.2,-3.8,0.33530465531746206,0.08230264,-32.200012,-3.8,1.2207124379059349e-05,True,False
-32.0,-3.8,0.3364800940439765,0.08069678,-32.0,-3.8,4.7683715642676816e-08,True,False
-38.6,-3.6,0.2923911832631823,0.1995245,-38.600006,-3.6,6.104260636170983e-06,True,False
-38.4,-3.6,0.31175951742031266,0.1914092,-38.399994,-3.6,6.104260636170983e-06,True,False
-38.2,-3.6,0.3091288933432835,0.18752633,-38.200012,-3.6,1.2207403770504287e-05,True,False
-38.0,-3.6,0.30255788442100184,0.1856877,-38.0,-3.6,9.536743172944284e-08,True,False
-32.8,-3.6,0.3403849744755967,0.08187114,-32.799988,-3.6,1.2207403770504287e-05,True,False
-32.6,-3.6,0.31195857869085264,0.08053877,-32.600006,-3.6,6.104260636170983e-06,True,False
-32.4,-3.6,0.2833374133611695,0.0791071,-32.399994,-3.6,6.104260636170983e-06,True,False
-32.2,-3.6,0.31118906757776527,0.077637754,-32.200012,-3.6,1.2207403770504287e-05,True,False
-32.0,-3.6,0.3319005780641208,0.076326825,-32.0,-3.6,9.536743172944284e-08,True,False
-38.8,-3.4,0.3310093981265318,0.1965198,-38.799988,-3.4,1.2207403770504287e-05,True,False
-38.6,-3.4,0.318604427523826,0.18748035,-38.600006,-3.4,6.104260636170983e-06,True,False
-38.4,-3.4,0.3246738883349401,0.18269943,-38.399994,-3.4,6.104260636170983e-06,True,False
-38.2,-3.4,0.3306771702203956,0.17608458,-38.200012,-3.4,1.2207403770504287e-05,True,False
-32.4,-3.4,0.31153442302572354,0.07488039,-32.399994,-3.4,6.104260636170983e-06,True,False
-39.2,-3.2,0.27883551026667647,0.19945404,-39.200012,-3.2,1.2207124379059349e-05,True,False
-39.0,-3.2,0.3167675127165936,0.1928203,-39.0,-3.2,4.7683715642676816e-08,True,False
-38.8,-3.2,0.3374644057953498,0.18592136,-38.799988,-3.2,1.2207124379059349e-05,True,False
-38.6,-3.2,0.3220939561808431,0.17949884,-38.600006,-3.2,6.103701885250409e-06,True,False
-39.4,-3.0,0.3071955203688786,0.19299565,-39.399994,-3.0,6.1035156235789145e-06,True,False
-39.2,-3.0,0.3121860006206507,0.18675247,-39.200012,-3.0,1.2207031247157829e-05,True,False
-39.0,-3.0,0.3443196096551664,0.18092144,-39.0,-3.0,0.0,True,False
-38.8,-3.0,0.3197454062630233,0.17741725,-38.799988,-3.0,1.2207031247157829e-05,True,False
-41.6,-2.8,0.2597701372747884,0.18729948,-41.600006,-2.8,6.103701885250409e-06,True,False
-41.4,-2.8,0.3027844869246225,0.17771238,-41.399994,-2.8,6.103701885250409e-06,True,False
-41.2,-2.8,0.32563226273935003,0.17272964,-41.200012,-2.8,1.2207124379059349e-05,True,False
-41.0,-2.8,0.3241664841391056,0.16873822,-41.0,-2.8,4.7683715642676816e-08,True,False
-40.8,-2.8,0.3252932589844703,0.16406439,-40.799988,-2.8,1.2207124379059349e-05,True,False
-40.6,-2.8,0.2991104505532742,0.1586002,-40.600006,-2.8,6.103701885250409e-06,True,False
-40.4,-2.8,0.3315621763366367,0.15581873,-40.399994,-2.8,6.103701885250409e-06,True,False
-40.2,-2.8,0.3176858203734964,0.15460935,-40.200012,-2.8,1.2207124379059349e-05,True,False
-40.0,-2.8,0.3526157630459698,0.15854813,-40.0,-2.8,4.7683715642676816e-08,True,False
-39.8,-2.8,0.3501555674516777,0.1755831,-39.799988,-2.8,1.2207124379059349e-05,True,False
-39.6,-2.8,0.3553808657526416,0.18258895,-39.600006,-2.8,6.103701885250409e-06,True,False
-39.4,-2.8,0.337758894489188,0.18040134,-39.399994,-2.8,6.103701885250409e-06,True,False
-39.2,-2.8,0.3482351152622116,0.17744279,-39.200012,-2.8,1.2207124379059349e-05,True,False
-42.4,-2.6,0.29586123268529874,0.2002713,-42.399994,-2.6,6.104260636170983e-06,True,True
-42.2,-2.6,0.2935067445881671,0.19135018,-42.200012,-2.6,1.2207403770504287e-05,True,False
-42.0,-2.6,0.2901538974337632,0.18640846,-42.0,-2.6,9.536743172944284e-08,True,False
-41.8,-2.6,0.3022520894702407,0.18369949,-41.799988,-2.6,1.2207403770504287e-05,True,False
-41.6,-2.6,0.33396748101893897,0.1774183,-41.600006,-2.6,6.104260636170983e-06,True,False
-41.4,-2.6,0.32336865797489617,0.17204495,-41.399994,-2.6,6.104260636170983e-06,True,False
-41.2,-2.6,0.38149334643807115,0.16665103,-41.200012,-2.6,1.2207403770504287e-05,True,False
-41.0,-2.6,0.3678799669873109,0.16433106,-41.0,-2.6,9.536743172944284e-08,True,False
-40.8,-2.6,0.32010487286827094,0.15980889,-40.799988,-2.6,1.2207403770504287e-05,True,False
-40.6,-2.6,0.3734047906406024,0.15635048,-40.600006,-2.6,6.104260636170983e-06,True,False
-40.4,-2.6,0.3702735701421776,0.15224013,-40.399994,-2.6,6.104260636170983e-06,True,False
-40.2,-2.6,0.35391866587080467,0.15066186,-40.200012,-2.6,1.2207403770504287e-05,True,False
-40.0,-2.6,0.36689709493276507,0.1504701,-40.0,-2.6,9.536743172944284e-08,True,False
-39.8,-2.6,0.35886030741023883,0.15669407,-39.799988,-2.6,1.2207403770504287e-05,True,False
-39.6,-2.6,0.32459363017768744,0.16831727,-39.600006,-2.6,6.104260636170983e-06,True,False
-44.2,-2.4,0.38669755097611863,0.25102305,-44.200012,-2.4,1.2207403770504287e-05,True,True
-44.0,-2.4,0.4066169667206933,0.2381283,-44.0,-2.4,9.536743172944284e-08,True,True
-43.0,-2.4,0.3513824430340129,0.21121454,-43.0,-2.4,9.536743172944284e-08,True,True
-42.8,-2.4,0.34647538614413426,0.20334516,-42.799988,-2.4,1.2207403770504287e-05,True,True
-42.6,-2.4,0.33715637604592286,0.19587041,-42.600006,-2.4,6.104260636170983e-06,True,False
-42.4,-2.4,0.3727174836319051,0.1892796,-42.399994,-2.4,6.104260636170983e-06,True,False
-42.2,-2.4,0.3751064317163539,0.18346065,-42.200012,-2.4,1.2207403770504287e-05,True,False
-42.0,-2.4,0.364866993182914,0.17861892,-42.0,-2.4,9.536743172944284e-08,True,False
-41.8,-2.4,0.36966165946343166,0.17513108,-41.799988,-2.4,1.2207403770504287e-05,True,False
-41.6,-2.4,0.37985908530222706,0.17091309,-41.600006,-2.4,6.104260636170983e-06,True,False
-40.8,-2.4,0.4062240419868501,0.15596297,-40.799988,-2.4,1.2207403770504287e-05,True,False
-40.6,-2.4,0.39511158771613264,0.15292364,-40.600006,-2.4,6.104260636170983e-06,True,False
-40.4,-2.4,0.3871151983602355,0.14971969,-40.399994,-2.4,6.104260636170983e-06,True,False
-40.2,-2.4,0.37313354841370155,0.1456404,-40.200012,-2.4,1.2207403770504287e-05,True,False
-40.0,-2.4,0.3459040484632054,0.14338028,-40.0,-2.4,9.536743172944284e-08,True,False
-44.2,-2.2,0.4398749911396694,0.24215554,-44.200012,-2.2,1.2207124379059349e-05,True,True
-44.0,-2.2,0.4717445792354898,0.22948672,-44.0,-2.2,4.7683715642676816e-08,True,True
-43.8,-2.2,0.44018803930433154,0.22146496,-43.799988,-2.2,1.2207124379059349e-05,True,True
-43.6,-2.2,0.3869470791694531,0.21536164,-43.600006,-2.2,6.103701885250409e-06,True,True
-43.4,-2.2,0.3754809718105612,0.209738,-43.399994,-2.2,6.103701885250409e-06,True,True
-43.2,-2.2,0.38456913784850083,0.20422328,-43.200012,-2.2,1.2207124379059349e-05,True,True
-43.0,-2.2,0.40751074480176525,0.19810753,-43.0,-2.2,4.7683715642676816e-08,True,False
-42.8,-2.2,0.3912003875171292,0.19217955,-42.799988,-2.2,1.2207124379059349e-05,True,False
-42.6,-2.2,0.37801041879860947,0.18650846,-42.600006,-2.2,6.103701885250409e-06,True,False
-44.4,-2.0,0.39285607383501137,0.2529259,-44.399994,-2.0,6.1035156235789145e-06,True,True
-44.2,-2.0,0.44625227494332725,0.2340736,-44.200012,-2.0,1.2207031247157829e-05,True,True
-44.0,-2.0,0.45808030110491416,0.22286439,-44.0,-2.0,0.0,True,True
-43.8,-2.0,0.44804392975662927,0.2148508,-43.799988,-2.0,1.2207031247157829e-05,True,True
-43.6,-2.0,0.42256860233297017,0.20863675,-43.600006,-2.0,6.1035156235789145e-06,True,True
-43.4,-2.0,0.40104556803888247,0.2028977,-43.399994,-2.0,6.1035156235789145e-06,True,True
-43.2,-2.0,0.38436192184323764,0.19748051,-43.200012,-2.0,1.2207031247157829e-05,True,False
-43.0,-2.0,0.3896772338817522,0.19222502,-43.0,-2.0,0.0,True,False
-44.4,-1.8,0.36217001534903814,0.23877299,-44.399994,-1.8,6.1037018852521436e-06,True,True
-44.2,-1.8,0.4244922516527723,0.22623743,-44.200012,-1.8,1.2207124379060216e-05,True,True
-44.6,-1.6,0.3576644377590519,0.22486806,-44.600006,-1.6,6.1035621895296745e-06,True,True
-44.4,-1.6,0.35509479936125804,0.21902363,-44.399994,-1.6,6.1035621895296745e-06,True,True
-44.2,-1.6,0.4055496876887868,0.21499093,-44.200012,-1.6,1.2207054530199822e-05,True,True
-48.6,-1.4,0.47837171200970535,0.32859904,-48.600006,-1.4,6.1035621895296745e-06,True,True
-45.2,-1.4,0.38026841680287343,0.19625592,-45.200012,-1.4,1.2207054530199822e-05,True,False
-45.0,-1.4,0.348121441543957,0.1897236,-45.0,-1.4,2.3841857821338408e-08,True,False
-44.8,-1.4,0.35942362870112393,0.18589985,-44.799988,-1.4,1.2207054530199822e-05,True,False
-44.6,-1.4,0.3435828938324308,0.19022822,-44.600006,-1.4,6.1035621895296745e-06,True,False
-44.4,-1.4,0.375233182807481,0.19913866,-44.399994,-1.4,6.1035621895296745e-06,True,False
-48.6,-1.2,0.4374363028220605,0.32563266,-48.600006,-1.2,6.1037018852521436e-06,True,True
-45.6,-1.2,0.32158136938048376,0.18848345,-45.600006,-1.2,6.1037018852521436e-06,True,False
-45.4,-1.2,0.40128575416568557,0.18835954,-45.399994,-1.2,6.1037018852521436e-06,True,False
-45.2,-1.2,0.4319000269658104,0.18376772,-45.200012,-1.2,1.2207124379060216e-05,True,False
-45.0,-1.2,0.4223035050422645,0.17731409,-45.0,-1.2,4.768371586472142e-08,True,False
-44.8,-1.2,0.4287597958199763,0.17495169,-44.799988,-1.2,1.2207124379060216e-05,True,False
-44.6,-1.2,0.39922828905448443,0.17765507,-44.600006,-1.2,6.1037018852521436e-06,True,False
-48.4,-1.0,0.454297773619836,0.30809665,-48.399994,-1.0,6.1035156235789145e-06,True,True
-46.0,-1.0,0.30975349980683053,0.18236148,-46.0,-1.0,0.0,True,False
-45.8,-1.0,0.3700635629189892,0.17865399,-45.799988,-1.0,1.2207031247157829e-05,True,False
-45.6,-1.0,0.3983105195735867,0.17422785,-45.600006,-1.0,6.1035156235789145e-06,True,False
-45.4,-1.0,0.41876000523733437,0.16928953,-45.399994,-1.0,6.1035156235789145e-06,True,False
-45.2,-1.0,0.4178774406766423,0.16746265,-45.200012,-1.0,1.2207031247157829e-05,True,False
-45.0,-1.0,0.40183471497480444,0.16738671,-45.0,-1.0,0.0,True,False
-44.8,-1.0,0.3851346620123564,0.16629958,-44.799988,-1.0,1.2207031247157829e-05,True,False
-44.6,-1.0,0.3723775281872534,0.16552778,-44.600006,-1.0,6.1035156235789145e-06,True,False
-48.4,-0.8,0.4518269528501189,0.30222818,-48.399994,-0.8,6.103527265099911e-06,True,True
-48.2,-0.8,0.38842225000517844,0.28450048,-48.200012,-0.8,1.2207037067922491e-05,True,True
-46.6,-0.8,0.3686922782955251,0.18953465,-46.600006,-0.8,6.103527265099911e-06,True,False
-46.4,-0.8,0.36799165523137667,0.17990321,-46.399994,-0.8,6.103527265099911e-06,True,False
-46.2,-0.8,0.3145566385587525,0.17352921,-46.200012,-0.8,1.2207037067922491e-05,True,False
-46.0,-0.8,0.33849025287621054,0.16916753,-46.0,-0.8,1.1920928910669204e-08,True,False
-45.8,-0.8,0.371543958926833,0.16439016,-45.799988,-0.8,1.2207037067922491e-05,True,False
-45.6,-0.8,0.36726200410891296,0.16067591,-45.600006,-0.8,6.103527265099911e-06,True,False
-45.4,-0.8,0.3563448575591399,0.1588059,-45.399994,-0.8,6.103527265099911e-06,True,False
-48.4,-0.6,0.43846945328577164,0.29306033,-48.399994,-0.6,6.103562189530108e-06,True,True
-48.2,-0.6,0.3581224833097976,0.26736668,-48.200012,-0.6,1.2207054530200037e-05,True,True
-48.0,-0.6,0.361070479202785,0.24407317,-48.0,-0.6,2.384185793236071e-08,True,True
-47.2,-0.6,0.3744357382313431,0.197097,-47.200012,-0.6,1.2207054530200037e-05,True,False
-47.0,-0.6,0.43285383903634567,0.18574515,-47.0,-0.6,2.384185793236071e-08,True,False
-46.8,-0.6,0.43283507280863837,0.17775518,-46.799988,-0.6,1.2207054530200037e-05,True,False
-46.6,-0.6,0.3978127888634053,0.1723996,-46.600006,-0.6,6.103562189530108e-06,True,False
-46.4,-0.6,0.3863178282773864,0.16737,-46.399994,-0.6,6.103562189530108e-06,True,False
-46.2,-0.6,0.35657478185533514,0.16284502,-46.200012,-0.6,1.2207054530200037e-05,True,False
-46.0,-0.6,0.3430113493946185,0.15945546,-46.0,-0.6,2.384185793236071e-08,True,False
-48.2,-0.4,0.3780120333266252,0.25182864,-48.200012,-0.4,1.2207032702349253e-05,True,True
-48.0,-0.4,0.39358140130617897,0.23107453,-48.0,-0.4,5.960464455334602e-09,True,True
-47.8,-0.4,0.4294636981091056,0.21582349,-47.799988,-0.4,1.2207032702349253e-05,True,True
-47.6,-0.4,0.4368961459034677,0.2031143,-47.600006,-0.4,6.1035185339612455e-06,True,True
-47.4,-0.4,0.45820349172088815,0.19184498,-47.399994,-0.4,6.1035185339612455e-06,True,False
-47.2,-0.4,0.4586734455559527,0.18259324,-47.200012,-0.4,1.2207032702349253e-05,True,False
-47.0,-0.4,0.44864716120708775,0.1742116,-47.0,-0.4,5.960464455334602e-09,True,False
-46.8,-0.4,0.4125729605704362,0.16772254,-46.799988,-0.4,1.2207032702349253e-05,True,False
-46.6,-0.4,0.38521471341272573,0.16408052,-46.600006,-0.4,6.1035185339612455e-06,True,False
-49.6,-0.2,0.3972042395042852,0.37045383,-49.600006,-0.2,6.103516351174627e-06,True,True
-48.4,-0.2,0.34813609087725156,0.25911772,-48.399994,-0.2,6.103516351174627e-06,True,True
-48.2,-0.2,0.3519306087412934,0.23868126,-48.200012,-0.2,1.2207031610955702e-05,True,True
-48.0,-0.2,0.40336600966246366,0.22133765,-48.0,-0.2,2.980232227667301e-09,True,True
-47.8,-0.2,0.43120790829876143,0.20633276,-47.799988,-0.2,1.2207031610955702e-05,True,True
-47.6,-0.2,0.44377605417030347,0.19360398,-47.600006,-0.2,6.103516351174627e-06,True,False
-47.4,-0.2,0.4625914854550904,0.18330304,-47.399994,-0.2,6.103516351174627e-06,True,False
-47.2,-0.2,0.47049445718621746,0.17509213,-47.200012,-0.2,1.2207031610955702e-05,True,False
-50.4,-0.0,0.47623965935283197,0.42210376,-50.399994,-7.411294e-13,6.103515623578959e-06,True,True
-50.2,-0.0,0.42860577714458487,0.40962684,-50.200012,-7.411294e-13,1.2207031247157851e-05,True,True
-50.0,-0.0,0.341591689741533,0.39577824,-50.0,-7.411294e-13,7.411293800885232e-13,True,True
-49.2,-0.0,0.3799164101684099,0.3268266,-49.200012,-7.411294e-13,1.2207031247157851e-05,True,True
-49.0,-0.0,0.3600130196025669,0.3040394,-49.0,-7.411294e-13,7.411293800885232e-13,True,True
-48.8,-0.0,0.3413833472153098,0.28477332,-48.799988,-7.411294e-13,1.2207031247157851e-05,True,True
-48.6,-0.0,0.333679832025235,0.2666568,-48.600006,-7.411294e-13,6.103515623578959e-06,True,True
-48.4,-0.0,0.32611607080587107,0.24694353,-48.399994,-7.411294e-13,6.103515623578959e-06,True,True
-48.2,-0.0,0.3985901415353485,0.22771476,-48.200012,-7.411294e-13,1.2207031247157851e-05,True,True
-50.6,0.2,0.5491118663058304,0.43199196,-50.600006,0.2,6.103516351174627e-06,True,True
-49.6,0.2,0.3545229235043239,0.35550538,-49.600006,0.2,6.103516351174627e-06,True,True
-49.4,0.2,0.41905365626174057,0.33404422,-49.399994,0.2,6.103516351174627e-06,True,True
-49.2,0.2,0.400742432042452,0.31364608,-49.200012,0.2,1.2207031610955702e-05,True,True
-49.0,0.2,0.37179434607339606,0.29429638,-49.0,0.2,2.980232227667301e-09,True,True
-48.8,0.2,0.3550048677183522,0.27625057,-48.799988,0.2,1.2207031610955702e-05,True,True
-48.6,0.2,0.37332871322915295,0.25810006,-48.600006,0.2,6.103516351174627e-06,True,True
-50.0,0.4,0.4230921594103172,0.387944,-50.0,0.4,5.960464455334602e-09,True,True
-49.8,0.4,0.3858468300160065,0.36945397,-49.799988,0.4,1.2207032702349253e-05,True,True
-49.6,0.4,0.41443013147115315,0.34672183,-49.600006,0.4,6.1035185339612455e-06,True,True
-49.4,0.4,0.4290905338603353,0.3220116,-49.399994,0.4,6.1035185339612455e-06,True,True
-49.2,0.4,0.4241543242499029,0.30310324,-49.200012,0.4,1.2207032702349253e-05,True,True
-29.4,0.4,0.3395415568983351,0.046953633,-29.399994,0.4,6.1035185339612455e-06,True,False
-50.4,0.6,0.49934743194838527,0.4162027,-50.399994,0.6,6.103562189530108e-06,True,True
-50.2,0.6,0.4634986434430039,0.40226665,-50.200012,0.6,1.2207054530200037e-05,True,True
-50.0,0.6,0.40660649813320204,0.38379818,-50.0,0.6,2.384185793236071e-08,True,True
-49.8,0.6,0.4033174704435525,0.3626879,-49.799988,0.6,1.2207054530200037e-05,True,True
-49.6,0.6,0.42733188109426834,0.3365188,-49.600006,0.6,6.103562189530108e-06,True,True
-49.4,0.6,0.4852302878310462,0.3128351,-49.399994,0.6,6.103562189530108e-06,True,True
-49.2,0.6,0.436220797348039,0.29554155,-49.200012,0.6,1.2207054530200037e-05,True,True
-29.8,0.6,0.31888539340532956,0.05110745,-29.799988,0.6,1.2207054533752746e-05,True,False
-29.6,0.6,0.3239819444990792,0.050121278,-29.600006,0.6,6.103562189530108e-06,True,False
-29.4,0.6,0.3363199912432379,0.049138907,-29.399994,0.6,6.103562189530108e-06,True,False
-29.2,0.6,0.3343461881765088,0.04815916,-29.200012,0.6,1.2207054533752746e-05,True,False
-29.0,0.6,0.3362826655447065,0.04717219,-29.0,0.6,2.384185793236071e-08,True,False
-50.2,0.8,0.488452455513539,0.397643,-50.200012,0.8,1.2207037067922491e-05,True,True
-50.0,0.8,0.41919323540126324,0.38031515,-50.0,0.8,1.1920928910669204e-08,True,True
-49.8,0.8,0.4161693050023194,0.357924,-49.799988,0.8,1.2207037067922491e-05,True,True
-49.6,0.8,0.4695129001662606,0.3273634,-49.600006,0.8,6.103527265099911e-06,True,True
-49.4,0.8,0.4544880127565956,0.3060239,-49.399994,0.8,6.103527265099911e-06,True,True
-29.8,0.8,0.32308908618208404,0.05353961,-29.799988,0.8,1.2207037071475203e-05,True,False
-29.6,0.8,0.32074414690836694,0.052566845,-29.600006,0.8,6.103527265099911e-06,True,False
-29.4,0.8,0.3275246993711208,0.051601484,-29.399994,0.8,6.103527265099911e-06,True,False
-29.2,0.8,0.32252156590214126,0.050634984,-29.200012,0.8,1.2207037071475203e-05,True,False
-29.0,0.8,0.331251217024605,0.049668726,-29.0,0.8,1.1920928910669204e-08,True,False
-50.0,1.0,0.4311889991655611,0.37585437,-50.0,1.0,0.0,True,True
-49.8,1.0,0.44128130585215103,0.34922913,-49.799988,1.0,1.2207031247157829e-05,True,True
-49.6,1.0,0.4475745961922148,0.3193928,-49.600006,1.0,6.1035156235789145e-06,True,True
-29.8,1.0,0.30927857772548045,0.05622048,-29.799988,1.0,1.2207031250710543e-05,True,False
-29.6,1.0,0.3086868912145238,0.055258855,-29.600006,1.0,6.1035156235789145e-06,True,False
-29.4,1.0,0.31443175892147396,0.054309193,-29.399994,1.0,6.1035156235789145e-06,True,False
-29.2,1.0,0.32609317400131005,0.05336202,-29.200012,1.0,1.2207031250710543e-05,True,False
-29.0,1.0,0.33017874474627523,0.05241188,-29.0,1.0,0.0,True,False
-49.8,1.2,0.37911489886680894,0.33529973,-49.799988,1.2,1.2207124379060216e-05,True,True
-49.6,1.2,0.48003953161204427,0.30940056,-49.600006,1.2,6.1037018852521436e-06,True,True
-29.6,1.2,0.3270071260812216,0.058195475,-29.600006,1.2,6.1037018852521436e-06,True,False
-29.4,1.2,0.32631787312538685,0.05725437,-29.399994,1.2,6.1037018852521436e-06,True,False
-29.2,1.2,0.3308396826509881,0.05633035,-29.200012,1.2,1.2207124382612905e-05,True,False
-49.8,1.4,0.4898210675002314,0.31432322,-49.799988,1.4,1.2207054530199822e-05,True,True
-49.6,1.4,0.49557602220660146,0.2922862,-49.600006,1.4,6.1035621895296745e-06,True,True
-49.8,1.6,0.605852428414705,0.28278303,-49.799988,1.6,1.2207054530199822e-05,True,True
-49.6,1.6,0.6021320556974159,0.269274,-49.600006,1.6,6.1035621895296745e-06,True,True
-50.0,1.8,0.5971112323527393,0.25836596,-50.0,1.8,4.768371586472142e-08,True,True
-49.8,1.8,0.6339983645682553,0.24927816,-49.799988,1.8,1.2207124379060216e-05,True,True
-49.6,1.8,0.616528975323908,0.24538264,-49.600006,1.8,6.1037018852521436e-06,True,True
-50.2,2.0,0.6010213060307829,0.2549689,-50.200012,2.0,1.2207031247157829e-05,True,True
-50.0,2.0,0.640038433976237,0.23747517,-50.0,2.0,0.0,True,True
-49.8,2.0,0.6601708792431481,0.22712171,-49.799988,2.0,1.2207031247157829e-05,True,True
-49.6,2.0,0.6340694053212154,0.22200422,-49.600006,2.0,6.1035156235789145e-06,True,True
-50.6,2.2,0.5619137401921129,0.25300485,-50.600006,2.2,6.103701885250409e-06,True,True
-50.4,2.2,0.5894578709095916,0.24631946,-50.399994,2.2,6.103701885250409e-06,True,True
-50.2,2.2,0.6075455650933571,0.23741947,-50.200012,2.2,1.2207124379059349e-05,True,True
-50.0,2.2,0.6618759743750688,0.22000863,-50.0,2.2,4.7683715642676816e-08,True,True
-50.6,2.4,0.5960416257856238,0.24285156,-50.600006,2.4,6.104260636170983e-06,True,True
-50.4,2.4,0.6097350566367534,0.23384964,-50.399994,2.4,6.104260636170983e-06,True,True
-50.2,2.4,0.6090896057347671,0.22012086,-50.200012,2.4,1.2207403770504287e-05,True,True
-50.8,2.6,0.5127875035227535,0.23917341,-50.799988,2.6,1.2207403770504287e-05,True,True
-50.6,2.6,0.5967525106803803,0.23089057,-50.600006,2.6,6.104260636170983e-06,True,True
-50.4,2.6,0.6291409232492985,0.22042534,-50.399994,2.6,6.104260636170983e-06,True,True
-50.8,2.8,0.6022795691323376,0.22799306,-50.799988,2.8,1.2207124379059349e-05,True,True
-50.6,2.8,0.6158137348521603,0.21898027,-50.600006,2.8,6.103701885250409e-06,True,True
-50.8,3.0,0.607648738298425,0.21749896,-50.799988,3.0,1.2207031247157829e-05,True,True
-50.6,3.0,0.6420181752222779,0.20666902,-50.600006,3.0,6.1035156235789145e-06,True,True
-50.8,3.2,0.619141877599545,0.20466019,-50.799988,3.2,1.2207124379059349e-05,True,True
-50.6,3.2,0.6083637720132894,0.18909948,-50.600006,3.2,6.103701885250409e-06,True,False
-50.8,3.4,0.6344067018115362,0.18840119,-50.799988,3.4,1.2207403770504287e-05,True,False
-51.0,3.6,0.5022687638047753,0.18636368,-51.0,3.6,9.536743172944284e-08,True,False
-50.8,3.6,0.524882084915128,0.16824678,-50.799988,3.6,1.2207403770504287e-05,True,False
-51.0,3.8,0.42522767372471576,0.1672968,-51.0,3.8,4.7683715642676816e-08,True,False
-50.8,3.8,0.4449468879953495,0.15005985,-50.799988,3.8,1.2207124379059349e-05,True,False
-51.0,4.0,0.41404397194415515,0.13960257,-51.0,4.0,0.0,True,False
-50.8,4.0,0.4242963312625339,0.12938398,-50.799988,4.0,1.2207031247157829e-05,True,False
-51.2,4.2,0.2999723029391213,0.12375263,-51.200012,4.2,1.2208521272341966e-05,True,False
-51.0,4.2,0.3308076642192201,0.11294438,-51.0,4.2,1.9073486345888568e-07,True,False
-50.8,4.2,0.4001585734079103,0.1117183,-50.799988,4.2,1.2208521272341966e-05,True,False
-51.6,4.4,0.2642217011492681,0.10890831,-51.600006,4.4,6.104260636164045e-06,True,False
-51.4,4.4,0.35161387543923966,0.0992691,-51.399994,4.4,6.104260636164045e-06,True,False
-51.2,4.4,0.31118431977080396,0.103239715,-51.200012,4.4,1.2207403770500818e-05,True,False
-51.0,4.4,0.2744210410095057,0.09658281,-51.0,4.4,9.536743128535363e-08,True,False
-51.6,4.6,0.432845498828536,0.095258355,-51.600006,4.6,6.104260636164045e-06,True,False
-51.4,4.6,0.42267223922075464,0.09028527,-51.399994,4.6,6.104260636164045e-06,True,False
-51.2,4.6,0.32622072019427545,0.08508406,-51.200012,4.6,1.2207403770500818e-05,True,False
-51.0,4.6,0.3507921506117477,0.09449982,-51.0,4.6,9.536743128535363e-08,True,False
-52.0,4.8,0.43364261198555215,0.080713876,-52.0,4.8,1.9073486345888568e-07,True,False
-51.8,4.8,0.44400482762119936,0.07342072,-51.799988,4.8,1.2208521272341966e-05,True,False
-51.6,4.8,0.41565054894142567,0.07643695,-51.600006,4.8,6.106495128583219e-06,True,False
-51.4,4.8,0.40534833536954656,0.07915001,-51.399994,4.8,6.106495128583219e-06,True,False
-52.2,5.0,0.3846091620284142,0.06434806,-52.200012,5.0,1.2207031247157829e-05,True,False
-52.0,5.0,0.43388553916133105,0.06169083,-52.0,5.0,0.0,True,False
-51.8,5.0,0.4085922778964539,0.06357081,-51.799988,5.0,1.2207031247157829e-05,True,False
-51.6,5.0,0.39243915770134236,0.070022106,-51.600006,5.0,6.1035156235789145e-06,True,False
-52.6,5.2,0.38012181249013016,0.06142015,-52.600006,5.2,6.106495128583219e-06,True,False
-52.4,5.2,0.44028901723778513,0.053774837,-52.399994,5.2,6.106495128583219e-06,True,False
-52.2,5.2,0.4120335561860881,0.053224787,-52.200012,5.2,1.2208521272341966e-05,True,False
-52.0,5.2,0.42796696374666277,0.061945822,-52.0,5.2,1.9073486345888568e-07,True,False
-52.6,5.4,0.4088758419214404,0.040494468,-52.600006,5.4,6.104260636164045e-06,True,False
-52.4,5.4,0.39343614091317747,0.042148102,-52.399994,5.4,6.104260636164045e-06,True,False
-53.4,5.6,0.3757958488614785,0.018570628,-53.399994,5.6,6.104260636164045e-06,True,False
-53.2,5.6,0.4218656091660191,0.016047083,-53.200012,5.6,1.2207403770500818e-05,True,False
-53.0,5.6,0.4221114020530122,0.016638316,-53.0,5.6,9.536743128535363e-08,True,False
-52.8,5.6,0.39722937566832545,0.017655216,-52.799988,5.6,1.2207403770500818e-05,True,False
-52.6,5.6,0.39886650251538375,0.034861322,-52.600006,5.6,6.104260636164045e-06,True,False
-53.6,5.8,0.3534188645512473,0.008677536,-53.600006,5.8,6.106495128583219e-06,True,False
-53.4,5.8,0.32430503709556746,0.0068349806,-53.399994,5.8,6.106495128583219e-06,True,False
-53.2,5.8,0.4220607101300802,0.0077788117,-53.200012,5.8,1.2208521272341966e-05,True,False
-53.0,5.8,0.422064320774183,0.012433722,-53.0,5.8,1.9073486345888568e-07,True,False
-52.8,5.8,0.38059908034994355,0.020173477,-52.799988,5.8,1.2208521272341966e-05,True,False
-54.2,6.0,0.3933820451030259,-0.006022252,-54.200012,6.0,1.2207031247157829e-05,True,False
-54.0,6.0,0.41726317813834807,-0.007634644,-54.0,6.0,0.0,True,False
-53.8,6.0,0.40710847800139066,-0.0066727395,-53.799988,6.0,1.2207031247157829e-05,True,False
-53.6,6.0,0.3967159192728391,0.0011300785,-53.600006,6.0,6.1035156235789145e-06,True,False
-53.4,6.0,0.39340940846437594,0.0033098473,-53.399994,6.0,6.1035156235789145e-06,True,False
-53.2,6.0,0.3930418829014908,0.009696376,-53.200012,6.0,1.2207031247157829e-05,True,False
