thr_hs_pct,thr_ssh_pct,municipality,F
0.5,0.5,São Francisco do Sul,672
0.5,0.5,Itapoá,672
0.5,0.5,Balneário Piçarras,690
0.5,0.5,Balneário Barra do Sul,690
0.5,0.5,Barra Velha,690
0.5,0.5,Penha,690
0.5,0.5,Araquari,690
0.5,0.5,Balneário Camboriú,708
0.5,0.5,Navegantes,708
0.5,0.5,Itajaí,708
0.5,0.5,Itapema,708
0.5,0.5,Bombinhas,754
0.5,0.5,Porto Belo,754
0.5,0.5,Içara/Balneário Rincão,732
0.5,0.5,Balneário Rincão,732
0.5,0.5,Florianópolis,752
0.5,0.5,Palhoça,752
0.5,0.5,Araranguá,768
0.5,0.5,Balneário Arroio do Silva,768
0.5,0.5,Balneário Gaivota,731
0.5,0.5,Passo de Torres,729
0.5,0.5,Garopaba,735
0.5,0.55,São Francisco do Sul,644
0.5,0.55,Itapoá,644
0.5,0.55,Balneário Piçarras,663
0.5,0.55,Balneário Barra do Sul,663
0.5,0.55,Barra Velha,663
0.5,0.55,Penha,663
0.5,0.55,Araquari,663
0.5,0.55,Balneário Camboriú,670
0.5,0.55,Navegantes,670
0.5,0.55,Itajaí,670
0.5,0.55,Itapema,670
0.5,0.55,Bombinhas,711
0.5,0.55,Porto Belo,711
0.5,0.55,Içara/Balneário Rincão,704
0.5,0.55,Balneário Rincão,704
0.5,0.55,Florianópolis,726
0.5,0.55,Palhoça,726
0.5,0.55,Araranguá,737
0.5,0.55,Balneário Arroio do Silva,737
0.5,0.55,Balneário Gaivota,699
0.5,0.55,Passo de Torres,711
0.5,0.55,Garopaba,717
0.5,0.6,São Francisco do Sul,612
0.5,0.6,Itapoá,612
0.5,0.6,Balneário Piçarras,636
0.5,0.6,Balneário Barra do Sul,636
0.5,0.6,Barra Velha,636
0.5,0.6,Penha,636
0.5,0.6,Araquari,636
0.5,0.6,Balneário Camboriú,647
0.5,0.6,Navegantes,647
0.5,0.6,Itajaí,647
0.5,0.6,Itapema,647
0.5,0.6,Bombinhas,678
0.5,0.6,Porto Belo,678
0.5,0.6,Içara/Balneário Rincão,671
0.5,0.6,Balneário Rincão,671
0.5,0.6,Florianópolis,694
0.5,0.6,Palhoça,694
0.5,0.6,Araranguá,708
0.5,0.6,Balneário Arroio do Silva,708
0.5,0.6,Balneário Gaivota,671
0.5,0.6,Passo de Torres,678
0.5,0.6,Garopaba,694
0.5,0.65,São Francisco do Sul,574
0.5,0.65,Itapoá,574
0.5,0.65,Balneário Piçarras,588
0.5,0.65,Balneário Barra do Sul,588
0.5,0.65,Barra Velha,588
0.5,0.65,Penha,588
0.5,0.65,Araquari,588
0.5,0.65,Balneário Camboriú,595
0.5,0.65,Navegantes,595
0.5,0.65,Itajaí,595
0.5,0.65,Itapema,595
0.5,0.65,Bombinhas,650
0.5,0.65,Porto Belo,650
0.5,0.65,Içara/Balneário Rincão,644
0.5,0.65,Balneário Rincão,644
0.5,0.65,Florianópolis,661
0.5,0.65,Palhoça,661
0.5,0.65,Araranguá,667
0.5,0.65,Balneário Arroio do Silva,667
0.5,0.65,Balneário Gaivota,638
0.5,0.65,Passo de Torres,651
0.5,0.65,Garopaba,665
0.5,0.7,São Francisco do Sul,546
0.5,0.7,Itapoá,546
0.5,0.7,Balneário Piçarras,554
0.5,0.7,Balneário Barra do Sul,554
0.5,0.7,Barra Velha,554
0.5,0.7,Penha,554
0.5,0.7,Araquari,554
0.5,0.7,Balneário Camboriú,548
0.5,0.7,Navegantes,548
0.5,0.7,Itajaí,548
0.5,0.7,Itapema,548
0.5,0.7,Bombinhas,586
0.5,0.7,Porto Belo,586
0.5,0.7,Içara/Balneário Rincão,602
0.5,0.7,Balneário Rincão,602
0.5,0.7,Florianópolis,616
0.5,0.7,Palhoça,616
0.5,0.7,Araranguá,626
0.5,0.7,Balneário Arroio do Silva,626
0.5,0.7,Balneário Gaivota,603
0.5,0.7,Passo de Torres,607
0.5,0.7,Garopaba,628
0.5,0.75,São Francisco do Sul,495
0.5,0.75,Itapoá,495
0.5,0.75,Balneário Piçarras,512
0.5,0.75,Balneário Barra do Sul,512
0.5,0.75,Barra Velha,512
0.5,0.75,Penha,512
0.5,0.75,Araquari,512
0.5,0.75,Balneário Camboriú,504
0.5,0.75,Navegantes,504
0.5,0.75,Itajaí,504
0.5,0.75,Itapema,504
0.5,0.75,Bombinhas,536
0.5,0.75,Porto Belo,536
0.5,0.75,Içara/Balneário Rincão,560
0.5,0.75,Balneário Rincão,560
0.5,0.75,Florianópolis,558
0.5,0.75,Palhoça,558
0.5,0.75,Araranguá,583
0.5,0.75,Balneário Arroio do Silva,583
0.5,0.75,Balneário Gaivota,557
0.5,0.75,Passo de Torres,565
0.5,0.75,Garopaba,565
0.5,0.8,São Francisco do Sul,436
0.5,0.8,Itapoá,436
0.5,0.8,Balneário Piçarras,446
0.5,0.8,Balneário Barra do Sul,446
0.5,0.8,Barra Velha,446
0.5,0.8,Penha,446
0.5,0.8,Araquari,446
0.5,0.8,Balneário Camboriú,445
0.5,0.8,Navegantes,445
0.5,0.8,Itajaí,445
0.5,0.8,Itapema,445
0.5,0.8,Bombinhas,470
0.5,0.8,Porto Belo,470
0.5,0.8,Içara/Balneário Rincão,492
0.5,0.8,Balneário Rincão,492
0.5,0.8,Florianópolis,490
0.5,0.8,Palhoça,490
0.5,0.8,Araranguá,522
0.5,0.8,Balneário Arroio do Silva,522
0.5,0.8,Balneário Gaivota,494
0.5,0.8,Passo de Torres,501
0.5,0.8,Garopaba,502
0.5,0.85,São Francisco do Sul,369
0.5,0.85,Itapoá,369
0.5,0.85,Balneário Piçarras,377
0.5,0.85,Balneário Barra do Sul,377
0.5,0.85,Barra Velha,377
0.5,0.85,Penha,377
0.5,0.85,Araquari,377
0.5,0.85,Balneário Camboriú,359
0.5,0.85,Navegantes,359
0.5,0.85,Itajaí,359
0.5,0.85,Itapema,359
0.5,0.85,Bombinhas,398
0.5,0.85,Porto Belo,398
0.5,0.85,Içara/Balneário Rincão,419
0.5,0.85,Balneário Rincão,419
0.5,0.85,Florianópolis,423
0.5,0.85,Palhoça,423
0.5,0.85,Araranguá,442
0.5,0.85,Balneário Arroio do Silva,442
0.5,0.85,Balneário Gaivota,425
0.5,0.85,Passo de Torres,421
0.5,0.85,Garopaba,417
0.5,0.9,São Francisco do Sul,297
0.5,0.9,Itapoá,297
0.5,0.9,Balneário Piçarras,293
0.5,0.9,Balneário Barra do Sul,293
0.5,0.9,Barra Velha,293
0.5,0.9,Penha,293
0.5,0.9,Araquari,293
0.5,0.9,Balneário Camboriú,267
0.5,0.9,Navegantes,267
0.5,0.9,Itajaí,267
0.5,0.9,Itapema,267
0.5,0.9,Bombinhas,302
0.5,0.9,Porto Belo,302
0.5,0.9,Içara/Balneário Rincão,334
0.5,0.9,Balneário Rincão,334
0.5,0.9,Florianópolis,327
0.5,0.9,Palhoça,327
0.5,0.9,Araranguá,354
0.5,0.9,Balneário Arroio do Silva,354
0.5,0.9,Balneário Gaivota,340
0.5,0.9,Passo de Torres,336
0.5,0.9,Garopaba,334
0.55,0.5,São Francisco do Sul,668
0.55,0.5,Itapoá,668
0.55,0.5,Balneário Piçarras,694
0.55,0.5,Balneário Barra do Sul,694
0.55,0.5,Barra Velha,694
0.55,0.5,Penha,694
0.55,0.5,Araquari,694
0.55,0.5,Balneário Camboriú,688
0.55,0.5,Navegantes,688
0.55,0.5,Itajaí,688
0.55,0.5,Itapema,688
0.55,0.5,Bombinhas,730
0.55,0.5,Porto Belo,730
0.55,0.5,Içara/Balneário Rincão,706
0.55,0.5,Balneário Rincão,706
0.55,0.5,Florianópolis,729
0.55,0.5,Palhoça,729
0.55,0.5,Araranguá,730
0.55,0.5,Balneário Arroio do Silva,730
0.55,0.5,Balneário Gaivota,707
0.55,0.5,Passo de Torres,709
0.55,0.5,Garopaba,723
0.55,0.55,São Francisco do Sul,636
0.55,0.55,Itapoá,636
0.55,0.55,Balneário Piçarras,654
0.55,0.55,Balneário Barra do Sul,654
0.55,0.55,Barra Velha,654
0.55,0.55,Penha,654
0.55,0.55,Araquari,654
0.55,0.55,Balneário Camboriú,650
0.55,0.55,Navegantes,650
0.55,0.55,Itajaí,650
0.55,0.55,Itapema,650
0.55,0.55,Bombinhas,689
0.55,0.55,Porto Belo,689
0.55,0.55,Içara/Balneário Rincão,676
0.55,0.55,Balneário Rincão,676
0.55,0.55,Florianópolis,698
0.55,0.55,Palhoça,698
0.55,0.55,Araranguá,702
0.55,0.55,Balneário Arroio do Silva,702
0.55,0.55,Balneário Gaivota,679
0.55,0.55,Passo de Torres,684
0.55,0.55,Garopaba,702
0.55,0.6,São Francisco do Sul,603
0.55,0.6,Itapoá,603
0.55,0.6,Balneário Piçarras,628
0.55,0.6,Balneário Barra do Sul,628
0.55,0.6,Barra Velha,628
0.55,0.6,Penha,628
0.55,0.6,Araquari,628
0.55,0.6,Balneário Camboriú,620
0.55,0.6,Navegantes,620
0.55,0.6,Itajaí,620
0.55,0.6,Itapema,620
0.55,0.6,Bombinhas,655
0.55,0.6,Porto Belo,655
0.55,0.6,Içara/Balneário Rincão,647
0.55,0.6,Balneário Rincão,647
0.55,0.6,Florianópolis,666
0.55,0.6,Palhoça,666
0.55,0.6,Araranguá,679
0.55,0.6,Balneário Arroio do Silva,679
0.55,0.6,Balneário Gaivota,652
0.55,0.6,Passo de Torres,651
0.55,0.6,Garopaba,681
0.55,0.65,São Francisco do Sul,563
0.55,0.65,Itapoá,563
0.55,0.65,Balneário Piçarras,580
0.55,0.65,Balneário Barra do Sul,580
0.55,0.65,Barra Velha,580
0.55,0.65,Penha,580
0.55,0.65,Araquari,580
0.55,0.65,Balneário Camboriú,574
0.55,0.65,Navegantes,574
0.55,0.65,Itajaí,574
0.55,0.65,Itapema,574
0.55,0.65,Bombinhas,625
0.55,0.65,Porto Belo,625
0.55,0.65,Içara/Balneário Rincão,622
0.55,0.65,Balneário Rincão,622
0.55,0.65,Florianópolis,639
0.55,0.65,Palhoça,639
0.55,0.65,Araranguá,638
0.55,0.65,Balneário Arroio do Silva,638
0.55,0.65,Balneário Gaivota,622
0.55,0.65,Passo de Torres,625
0.55,0.65,Garopaba,650
0.55,0.7,São Francisco do Sul,537
0.55,0.7,Itapoá,537
0.55,0.7,Balneário Piçarras,543
0.55,0.7,Balneário Barra do Sul,543
0.55,0.7,Barra Velha,543
0.55,0.7,Penha,543
0.55,0.7,Araquari,543
0.55,0.7,Balneário Camboriú,529
0.55,0.7,Navegantes,529
0.55,0.7,Itajaí,529
0.55,0.7,Itapema,529
0.55,0.7,Bombinhas,567
0.55,0.7,Porto Belo,567
0.55,0.7,Içara/Balneário Rincão,577
0.55,0.7,Balneário Rincão,577
0.55,0.7,Florianópolis,603
0.55,0.7,Palhoça,603
0.55,0.7,Araranguá,603
0.55,0.7,Balneário Arroio do Silva,603
0.55,0.7,Balneário Gaivota,584
0.55,0.7,Passo de Torres,572
0.55,0.7,Garopaba,607
0.55,0.75,São Francisco do Sul,486
0.55,0.75,Itapoá,486
0.55,0.75,Balneário Piçarras,498
0.55,0.75,Balneário Barra do Sul,498
0.55,0.75,Barra Velha,498
0.55,0.75,Penha,498
0.55,0.75,Araquari,498
0.55,0.75,Balneário Camboriú,477
0.55,0.75,Navegantes,477
0.55,0.75,Itajaí,477
0.55,0.75,Itapema,477
0.55,0.75,Bombinhas,513
0.55,0.75,Porto Belo,513
0.55,0.75,Içara/Balneário Rincão,533
0.55,0.75,Balneário Rincão,533
0.55,0.75,Florianópolis,540
0.55,0.75,Palhoça,540
0.55,0.75,Araranguá,558
0.55,0.75,Balneário Arroio do Silva,558
0.55,0.75,Balneário Gaivota,535
0.55,0.75,Passo de Torres,531
0.55,0.75,Garopaba,543
0.55,0.8,São Francisco do Sul,426
0.55,0.8,Itapoá,426
0.55,0.8,Balneário Piçarras,434
0.55,0.8,Balneário Barra do Sul,434
0.55,0.8,Barra Velha,434
0.55,0.8,Penha,434
0.55,0.8,Araquari,434
0.55,0.8,Balneário Camboriú,425
0.55,0.8,Navegantes,425
0.55,0.8,Itajaí,425
0.55,0.8,Itapema,425
0.55,0.8,Bombinhas,449
0.55,0.8,Porto Belo,449
0.55,0.8,Içara/Balneário Rincão,472
0.55,0.8,Balneário Rincão,472
0.55,0.8,Florianópolis,471
0.55,0.8,Palhoça,471
0.55,0.8,Araranguá,505
0.55,0.8,Balneário Arroio do Silva,505
0.55,0.8,Balneário Gaivota,479
0.55,0.8,Passo de Torres,469
0.55,0.8,Garopaba,481
0.55,0.85,São Francisco do Sul,357
0.55,0.85,Itapoá,357
0.55,0.85,Balneário Piçarras,362
0.55,0.85,Balneário Barra do Sul,362
0.55,0.85,Barra Velha,362
0.55,0.85,Penha,362
0.55,0.85,Araquari,362
0.55,0.85,Balneário Camboriú,342
0.55,0.85,Navegantes,342
0.55,0.85,Itajaí,342
0.55,0.85,Itapema,342
0.55,0.85,Bombinhas,377
0.55,0.85,Porto Belo,377
0.55,0.85,Içara/Balneário Rincão,404
0.55,0.85,Balneário Rincão,404
0.55,0.85,Florianópolis,403
0.55,0.85,Palhoça,403
0.55,0.85,Araranguá,425
0.55,0.85,Balneário Arroio do Silva,425
0.55,0.85,Balneário Gaivota,408
0.55,0.85,Passo de Torres,396
0.55,0.85,Garopaba,401
0.55,0.9,São Francisco do Sul,287
0.55,0.9,Itapoá,287
0.55,0.9,Balneário Piçarras,278
0.55,0.9,Balneário Barra do Sul,278
0.55,0.9,Barra Velha,278
0.55,0.9,Penha,278
0.55,0.9,Araquari,278
0.55,0.9,Balneário Camboriú,252
0.55,0.9,Navegantes,252
0.55,0.9,Itajaí,252
0.55,0.9,Itapema,252
0.55,0.9,Bombinhas,284
0.55,0.9,Porto Belo,284
0.55,0.9,Içara/Balneário Rincão,325
0.55,0.9,Balneário Rincão,325
0.55,0.9,Florianópolis,312
0.55,0.9,Palhoça,312
0.55,0.9,Araranguá,338
0.55,0.9,Balneário Arroio do Silva,338
0.55,0.9,Balneário Gaivota,329
0.55,0.9,Passo de Torres,325
0.55,0.9,Garopaba,316
0.6,0.5,São Francisco do Sul,668
0.6,0.5,Itapoá,668
0.6,0.5,Balneário Piçarras,656
0.6,0.5,Balneário Barra do Sul,656
0.6,0.5,Barra Velha,656
0.6,0.5,Penha,656
0.6,0.5,Araquari,656
0.6,0.5,Balneário Camboriú,660
0.6,0.5,Navegantes,660
0.6,0.5,Itajaí,660
0.6,0.5,Itapema,660
0.6,0.5,Bombinhas,703
0.6,0.5,Porto Belo,703
0.6,0.5,Içara/Balneário Rincão,666
0.6,0.5,Balneário Rincão,666
0.6,0.5,Florianópolis,711
0.6,0.5,Palhoça,711
0.6,0.5,Araranguá,709
0.6,0.5,Balneário Arroio do Silva,709
0.6,0.5,Balneário Gaivota,676
0.6,0.5,Passo de Torres,669
0.6,0.5,Garopaba,712
0.6,0.55,São Francisco do Sul,631
0.6,0.55,Itapoá,631
0.6,0.55,Balneário Piçarras,615
0.6,0.55,Balneário Barra do Sul,615
0.6,0.55,Barra Velha,615
0.6,0.55,Penha,615
0.6,0.55,Araquari,615
0.6,0.55,Balneário Camboriú,626
0.6,0.55,Navegantes,626
0.6,0.55,Itajaí,626
0.6,0.55,Itapema,626
0.6,0.55,Bombinhas,669
0.6,0.55,Porto Belo,669
0.6,0.55,Içara/Balneário Rincão,641
0.6,0.55,Balneário Rincão,641
0.6,0.55,Florianópolis,680
0.6,0.55,Palhoça,680
0.6,0.55,Araranguá,673
0.6,0.55,Balneário Arroio do Silva,673
0.6,0.55,Balneário Gaivota,646
0.6,0.55,Passo de Torres,645
0.6,0.55,Garopaba,686
0.6,0.6,São Francisco do Sul,598
0.6,0.6,Itapoá,598
0.6,0.6,Balneário Piçarras,591
0.6,0.6,Balneário Barra do Sul,591
0.6,0.6,Barra Velha,591
0.6,0.6,Penha,591
0.6,0.6,Araquari,591
0.6,0.6,Balneário Camboriú,597
0.6,0.6,Navegantes,597
0.6,0.6,Itajaí,597
0.6,0.6,Itapema,597
0.6,0.6,Bombinhas,634
0.6,0.6,Porto Belo,634
0.6,0.6,Içara/Balneário Rincão,612
0.6,0.6,Balneário Rincão,612
0.6,0.6,Florianópolis,647
0.6,0.6,Palhoça,647
0.6,0.6,Araranguá,652
0.6,0.6,Balneário Arroio do Silva,652
0.6,0.6,Balneário Gaivota,620
0.6,0.6,Passo de Torres,615
0.6,0.6,Garopaba,664
0.6,0.65,São Francisco do Sul,556
0.6,0.65,Itapoá,556
0.6,0.65,Balneário Piçarras,545
0.6,0.65,Balneário Barra do Sul,545
0.6,0.65,Barra Velha,545
0.6,0.65,Penha,545
0.6,0.65,Araquari,545
0.6,0.65,Balneário Camboriú,555
0.6,0.65,Navegantes,555
0.6,0.65,Itajaí,555
0.6,0.65,Itapema,555
0.6,0.65,Bombinhas,605
0.6,0.65,Porto Belo,605
0.6,0.65,Içara/Balneário Rincão,592
0.6,0.65,Balneário Rincão,592
0.6,0.65,Florianópolis,623
0.6,0.65,Palhoça,623
0.6,0.65,Araranguá,612
0.6,0.65,Balneário Arroio do Silva,612
0.6,0.65,Balneário Gaivota,592
0.6,0.65,Passo de Torres,593
0.6,0.65,Garopaba,633
0.6,0.7,São Francisco do Sul,522
0.6,0.7,Itapoá,522
0.6,0.7,Balneário Piçarras,508
0.6,0.7,Balneário Barra do Sul,508
0.6,0.7,Barra Velha,508
0.6,0.7,Penha,508
0.6,0.7,Araquari,508
0.6,0.7,Balneário Camboriú,509
0.6,0.7,Navegantes,509
0.6,0.7,Itajaí,509
0.6,0.7,Itapema,509
0.6,0.7,Bombinhas,553
0.6,0.7,Porto Belo,553
0.6,0.7,Içara/Balneário Rincão,552
0.6,0.7,Balneário Rincão,552
0.6,0.7,Florianópolis,580
0.6,0.7,Palhoça,580
0.6,0.7,Araranguá,577
0.6,0.7,Balneário Arroio do Silva,577
0.6,0.7,Balneário Gaivota,553
0.6,0.7,Passo de Torres,546
0.6,0.7,Garopaba,588
0.6,0.75,São Francisco do Sul,472
0.6,0.75,Itapoá,472
0.6,0.75,Balneário Piçarras,470
0.6,0.75,Balneário Barra do Sul,470
0.6,0.75,Barra Velha,470
0.6,0.75,Penha,470
0.6,0.75,Araquari,470
0.6,0.75,Balneário Camboriú,459
0.6,0.75,Navegantes,459
0.6,0.75,Itajaí,459
0.6,0.75,Itapema,459
0.6,0.75,Bombinhas,498
0.6,0.75,Porto Belo,498
0.6,0.75,Içara/Balneário Rincão,508
0.6,0.75,Balneário Rincão,508
0.6,0.75,Florianópolis,521
0.6,0.75,Palhoça,521
0.6,0.75,Araranguá,531
0.6,0.75,Balneário Arroio do Silva,531
0.6,0.75,Balneário Gaivota,507
0.6,0.75,Passo de Torres,507
0.6,0.75,Garopaba,526
0.6,0.8,São Francisco do Sul,414
0.6,0.8,Itapoá,414
0.6,0.8,Balneário Piçarras,406
0.6,0.8,Balneário Barra do Sul,406
0.6,0.8,Barra Velha,406
0.6,0.8,Penha,406
0.6,0.8,Araquari,406
0.6,0.8,Balneário Camboriú,403
0.6,0.8,Navegantes,403
0.6,0.8,Itajaí,403
0.6,0.8,Itapema,403
0.6,0.8,Bombinhas,434
0.6,0.8,Porto Belo,434
0.6,0.8,Içara/Balneário Rincão,455
0.6,0.8,Balneário Rincão,455
0.6,0.8,Florianópolis,452
0.6,0.8,Palhoça,452
0.6,0.8,Araranguá,479
0.6,0.8,Balneário Arroio do Silva,479
0.6,0.8,Balneário Gaivota,456
0.6,0.8,Passo de Torres,451
0.6,0.8,Garopaba,466
0.6,0.85,São Francisco do Sul,344
0.6,0.85,Itapoá,344
0.6,0.85,Balneário Piçarras,340
0.6,0.85,Balneário Barra do Sul,340
0.6,0.85,Barra Velha,340
0.6,0.85,Penha,340
0.6,0.85,Araquari,340
0.6,0.85,Balneário Camboriú,320
0.6,0.85,Navegantes,320
0.6,0.85,Itajaí,320
0.6,0.85,Itapema,320
0.6,0.85,Bombinhas,362
0.6,0.85,Porto Belo,362
0.6,0.85,Içara/Balneário Rincão,390
0.6,0.85,Balneário Rincão,390
0.6,0.85,Florianópolis,382
0.6,0.85,Palhoça,382
0.6,0.85,Araranguá,409
0.6,0.85,Balneário Arroio do Silva,409
0.6,0.85,Balneário Gaivota,392
0.6,0.85,Passo de Torres,382
0.6,0.85,Garopaba,388
0.6,0.9,São Francisco do Sul,264
0.6,0.9,Itapoá,264
0.6,0.9,Balneário Piçarras,263
0.6,0.9,Balneário Barra do Sul,263
0.6,0.9,Barra Velha,263
0.6,0.9,Penha,263
0.6,0.9,Araquari,263
0.6,0.9,Balneário Camboriú,234
0.6,0.9,Navegantes,234
0.6,0.9,Itajaí,234
0.6,0.9,Itapema,234
0.6,0.9,Bombinhas,273
0.6,0.9,Porto Belo,273
0.6,0.9,Içara/Balneário Rincão,316
0.6,0.9,Balneário Rincão,316
0.6,0.9,Florianópolis,294
0.6,0.9,Palhoça,294
0.6,0.9,Araranguá,329
0.6,0.9,Balneário Arroio do Silva,329
0.6,0.9,Balneário Gaivota,326
0.6,0.9,Passo de Torres,316
0.6,0.9,Garopaba,307
0.65,0.5,São Francisco do Sul,608
0.65,0.5,Itapoá,608
0.65,0.5,Balneário Piçarras,611
0.65,0.5,Balneário Barra do Sul,611
0.65,0.5,Barra Velha,611
0.65,0.5,Penha,611
0.65,0.5,Araquari,611
0.65,0.5,Balneário Camboriú,599
0.65,0.5,Navegantes,599
0.65,0.5,Itajaí,599
0.65,0.5,Itapema,599
0.65,0.5,Bombinhas,657
0.65,0.5,Porto Belo,657
0.65,0.5,Içara/Balneário Rincão,625
0.65,0.5,Balneário Rincão,625
0.65,0.5,Florianópolis,678
0.65,0.5,Palhoça,678
0.65,0.5,Araranguá,651
0.65,0.5,Balneário Arroio do Silva,651
0.65,0.5,Balneário Gaivota,633
0.65,0.5,Passo de Torres,626
0.65,0.5,Garopaba,661
0.65,0.55,São Francisco do Sul,573
0.65,0.55,Itapoá,573
0.65,0.55,Balneário Piçarras,572
0.65,0.55,Balneário Barra do Sul,572
0.65,0.55,Barra Velha,572
0.65,0.55,Penha,572
0.65,0.55,Araquari,572
0.65,0.55,Balneário Camboriú,571
0.65,0.55,Navegantes,571
0.65,0.55,Itajaí,571
0.65,0.55,Itapema,571
0.65,0.55,Bombinhas,624
0.65,0.55,Porto Belo,624
0.65,0.55,Içara/Balneário Rincão,600
0.65,0.55,Balneário Rincão,600
0.65,0.55,Florianópolis,644
0.65,0.55,Palhoça,644
0.65,0.55,Araranguá,621
0.65,0.55,Balneário Arroio do Silva,621
0.65,0.55,Balneário Gaivota,604
0.65,0.55,Passo de Torres,594
0.65,0.55,Garopaba,642
0.65,0.6,São Francisco do Sul,544
0.65,0.6,Itapoá,544
0.65,0.6,Balneário Piçarras,545
0.65,0.6,Balneário Barra do Sul,545
0.65,0.6,Barra Velha,545
0.65,0.6,Penha,545
0.65,0.6,Araquari,545
0.65,0.6,Balneário Camboriú,542
0.65,0.6,Navegantes,542
0.65,0.6,Itajaí,542
0.65,0.6,Itapema,542
0.65,0.6,Bombinhas,591
0.65,0.6,Porto Belo,591
0.65,0.6,Içara/Balneário Rincão,573
0.65,0.6,Balneário Rincão,573
0.65,0.6,Florianópolis,613
0.65,0.6,Palhoça,613
0.65,0.6,Araranguá,601
0.65,0.6,Balneário Arroio do Silva,601
0.65,0.6,Balneário Gaivota,582
0.65,0.6,Passo de Torres,566
0.65,0.6,Garopaba,625
0.65,0.65,São Francisco do Sul,507
0.65,0.65,Itapoá,507
0.65,0.65,Balneário Piçarras,498
0.65,0.65,Balneário Barra do Sul,498
0.65,0.65,Barra Velha,498
0.65,0.65,Penha,498
0.65,0.65,Araquari,498
0.65,0.65,Balneário Camboriú,500
0.65,0.65,Navegantes,500
0.65,0.65,Itajaí,500
0.65,0.65,Itapema,500
0.65,0.65,Bombinhas,560
0.65,0.65,Porto Belo,560
0.65,0.65,Içara/Balneário Rincão,555
0.65,0.65,Balneário Rincão,555
0.65,0.65,Florianópolis,588
0.65,0.65,Palhoça,588
0.65,0.65,Araranguá,568
0.65,0.65,Balneário Arroio do Silva,568
0.65,0.65,Balneário Gaivota,553
0.65,0.65,Passo de Torres,544
0.65,0.65,Garopaba,596
0.65,0.7,São Francisco do Sul,481
0.65,0.7,Itapoá,481
0.65,0.7,Balneário Piçarras,461
0.65,0.7,Balneário Barra do Sul,461
0.65,0.7,Barra Velha,461
0.65,0.7,Penha,461
0.65,0.7,Araquari,461
0.65,0.7,Balneário Camboriú,454
0.65,0.7,Navegantes,454
0.65,0.7,Itajaí,454
0.65,0.7,Itapema,454
0.65,0.7,Bombinhas,509
0.65,0.7,Porto Belo,509
0.65,0.7,Içara/Balneário Rincão,518
0.65,0.7,Balneário Rincão,518
0.65,0.7,Florianópolis,549
0.65,0.7,Palhoça,549
0.65,0.7,Araranguá,533
0.65,0.7,Balneário Arroio do Silva,533
0.65,0.7,Balneário Gaivota,527
0.65,0.7,Passo de Torres,502
0.65,0.7,Garopaba,551
0.65,0.75,São Francisco do Sul,429
0.65,0.75,Itapoá,429
0.65,0.75,Balneário Piçarras,428
0.65,0.75,Balneário Barra do Sul,428
0.65,0.75,Barra Velha,428
0.65,0.75,Penha,428
0.65,0.75,Araquari,428
0.65,0.75,Balneário Camboriú,412
0.65,0.75,Navegantes,412
0.65,0.75,Itajaí,412
0.65,0.75,Itapema,412
0.65,0.75,Bombinhas,456
0.65,0.75,Porto Belo,456
0.65,0.75,Içara/Balneário Rincão,477
0.65,0.75,Balneário Rincão,477
0.65,0.75,Florianópolis,489
0.65,0.75,Palhoça,489
0.65,0.75,Araranguá,490
0.65,0.75,Balneário Arroio do Silva,490
0.65,0.75,Balneário Gaivota,484
0.65,0.75,Passo de Torres,465
0.65,0.75,Garopaba,496
0.65,0.8,São Francisco do Sul,379
0.65,0.8,Itapoá,379
0.65,0.8,Balneário Piçarras,371
0.65,0.8,Balneário Barra do Sul,371
0.65,0.8,Barra Velha,371
0.65,0.8,Penha,371
0.65,0.8,Araquari,371
0.65,0.8,Balneário Camboriú,363
0.65,0.8,Navegantes,363
0.65,0.8,Itajaí,363
0.65,0.8,Itapema,363
0.65,0.8,Bombinhas,401
0.65,0.8,Porto Belo,401
0.65,0.8,Içara/Balneário Rincão,427
0.65,0.8,Balneário Rincão,427
0.65,0.8,Florianópolis,425
0.65,0.8,Palhoça,425
0.65,0.8,Araranguá,440
0.65,0.8,Balneário Arroio do Silva,440
0.65,0.8,Balneário Gaivota,432
0.65,0.8,Passo de Torres,416
0.65,0.8,Garopaba,440
0.65,0.85,São Francisco do Sul,321
0.65,0.85,Itapoá,321
0.65,0.85,Balneário Piçarras,308
0.65,0.85,Balneário Barra do Sul,308
0.65,0.85,Barra Velha,308
0.65,0.85,Penha,308
0.65,0.85,Araquari,308
0.65,0.85,Balneário Camboriú,298
0.65,0.85,Navegantes,298
0.65,0.85,Itajaí,298
0.65,0.85,Itapema,298
0.65,0.85,Bombinhas,335
0.65,0.85,Porto Belo,335
0.65,0.85,Içara/Balneário Rincão,371
0.65,0.85,Balneário Rincão,371
0.65,0.85,Florianópolis,359
0.65,0.85,Palhoça,359
0.65,0.85,Araranguá,378
0.65,0.85,Balneário Arroio do Silva,378
0.65,0.85,Balneário Gaivota,370
0.65,0.85,Passo de Torres,358
0.65,0.85,Garopaba,367
0.65,0.9,São Francisco do Sul,246
0.65,0.9,Itapoá,246
0.65,0.9,Balneário Piçarras,242
0.65,0.9,Balneário Barra do Sul,242
0.65,0.9,Barra Velha,242
0.65,0.9,Penha,242
0.65,0.9,Araquari,242
0.65,0.9,Balneário Camboriú,218
0.65,0.9,Navegantes,218
0.65,0.9,Itajaí,218
0.65,0.9,Itapema,218
0.65,0.9,Bombinhas,251
0.65,0.9,Porto Belo,251
0.65,0.9,Içara/Balneário Rincão,307
0.65,0.9,Balneário Rincão,307
0.65,0.9,Florianópolis,280
0.65,0.9,Palhoça,280
0.65,0.9,Araranguá,311
0.65,0.9,Balneário Arroio do Silva,311
0.65,0.9,Balneário Gaivota,312
0.65,0.9,Passo de Torres,299
0.65,0.9,Garopaba,292
0.7,0.5,São Francisco do Sul,581
0.7,0.5,Itapoá,581
0.7,0.5,Balneário Piçarras,553
0.7,0.5,Balneário Barra do Sul,553
0.7,0.5,Barra Velha,553
0.7,0.5,Penha,553
0.7,0.5,Araquari,553
0.7,0.5,Balneário Camboriú,537
0.7,0.5,Navegantes,537
0.7,0.5,Itajaí,537
0.7,0.5,Itapema,537
0.7,0.5,Bombinhas,602
0.7,0.5,Porto Belo,602
0.7,0.5,Içara/Balneário Rincão,588
0.7,0.5,Balneário Rincão,588
0.7,0.5,Florianópolis,630
0.7,0.5,Palhoça,630
0.7,0.5,Araranguá,592
0.7,0.5,Balneário Arroio do Silva,592
0.7,0.5,Balneário Gaivota,573
0.7,0.5,Passo de Torres,563
0.7,0.5,Garopaba,615
0.7,0.55,São Francisco do Sul,540
0.7,0.55,Itapoá,540
0.7,0.55,Balneário Piçarras,518
0.7,0.55,Balneário Barra do Sul,518
0.7,0.55,Barra Velha,518
0.7,0.55,Penha,518
0.7,0.55,Araquari,518
0.7,0.55,Balneário Camboriú,512
0.7,0.55,Navegantes,512
0.7,0.55,Itajaí,512
0.7,0.55,Itapema,512
0.7,0.55,Bombinhas,573
0.7,0.55,Porto Belo,573
0.7,0.55,Içara/Balneário Rincão,562
0.7,0.55,Balneário Rincão,562
0.7,0.55,Florianópolis,597
0.7,0.55,Palhoça,597
0.7,0.55,Araranguá,561
0.7,0.55,Balneário Arroio do Silva,561
0.7,0.55,Balneário Gaivota,541
0.7,0.55,Passo de Torres,532
0.7,0.55,Garopaba,594
0.7,0.6,São Francisco do Sul,511
0.7,0.6,Itapoá,511
0.7,0.6,Balneário Piçarras,494
0.7,0.6,Balneário Barra do Sul,494
0.7,0.6,Barra Velha,494
0.7,0.6,Penha,494
0.7,0.6,Araquari,494
0.7,0.6,Balneário Camboriú,486
0.7,0.6,Navegantes,486
0.7,0.6,Itajaí,486
0.7,0.6,Itapema,486
0.7,0.6,Bombinhas,542
0.7,0.6,Porto Belo,542
0.7,0.6,Içara/Balneário Rincão,538
0.7,0.6,Balneário Rincão,538
0.7,0.6,Florianópolis,569
0.7,0.6,Palhoça,569
0.7,0.6,Araranguá,539
0.7,0.6,Balneário Arroio do Silva,539
0.7,0.6,Balneário Gaivota,522
0.7,0.6,Passo de Torres,504
0.7,0.6,Garopaba,573
0.7,0.65,São Francisco do Sul,477
0.7,0.65,Itapoá,477
0.7,0.65,Balneário Piçarras,453
0.7,0.65,Balneário Barra do Sul,453
0.7,0.65,Barra Velha,453
0.7,0.65,Penha,453
0.7,0.65,Araquari,453
0.7,0.65,Balneário Camboriú,448
0.7,0.65,Navegantes,448
0.7,0.65,Itajaí,448
0.7,0.65,Itapema,448
0.7,0.65,Bombinhas,517
0.7,0.65,Porto Belo,517
0.7,0.65,Içara/Balneário Rincão,522
0.7,0.65,Balneário Rincão,522
0.7,0.65,Florianópolis,543
0.7,0.65,Palhoça,543
0.7,0.65,Araranguá,510
0.7,0.65,Balneário Arroio do Silva,510
0.7,0.65,Balneário Gaivota,502
0.7,0.65,Passo de Torres,483
0.7,0.65,Garopaba,548
0.7,0.7,São Francisco do Sul,452
0.7,0.7,Itapoá,452
0.7,0.7,Balneário Piçarras,417
0.7,0.7,Balneário Barra do Sul,417
0.7,0.7,Barra Velha,417
0.7,0.7,Penha,417
0.7,0.7,Araquari,417
0.7,0.7,Balneário Camboriú,414
0.7,0.7,Navegantes,414
0.7,0.7,Itajaí,414
0.7,0.7,Itapema,414
0.7,0.7,Bombinhas,469
0.7,0.7,Porto Belo,469
0.7,0.7,Içara/Balneário Rincão,487
0.7,0.7,Balneário Rincão,487
0.7,0.7,Florianópolis,507
0.7,0.7,Palhoça,507
0.7,0.7,Araranguá,483
0.7,0.7,Balneário Arroio do Silva,483
0.7,0.7,Balneário Gaivota,475
0.7,0.7,Passo de Torres,448
0.7,0.7,Garopaba,505
0.7,0.75,São Francisco do Sul,403
0.7,0.75,Itapoá,403
0.7,0.75,Balneário Piçarras,383
0.7,0.75,Balneário Barra do Sul,383
0.7,0.75,Barra Velha,383
0.7,0.75,Penha,383
0.7,0.75,Araquari,383
0.7,0.75,Balneário Camboriú,379
0.7,0.75,Navegantes,379
0.7,0.75,Itajaí,379
0.7,0.75,Itapema,379
0.7,0.75,Bombinhas,422
0.7,0.75,Porto Belo,422
0.7,0.75,Içara/Balneário Rincão,449
0.7,0.75,Balneário Rincão,449
0.7,0.75,Florianópolis,455
0.7,0.75,Palhoça,455
0.7,0.75,Araranguá,445
0.7,0.75,Balneário Arroio do Silva,445
0.7,0.75,Balneário Gaivota,433
0.7,0.75,Passo de Torres,413
0.7,0.75,Garopaba,453
0.7,0.8,São Francisco do Sul,353
0.7,0.8,Itapoá,353
0.7,0.8,Balneário Piçarras,331
0.7,0.8,Balneário Barra do Sul,331
0.7,0.8,Barra Velha,331
0.7,0.8,Penha,331
0.7,0.8,Araquari,331
0.7,0.8,Balneário Camboriú,332
0.7,0.8,Navegantes,332
0.7,0.8,Itajaí,332
0.7,0.8,Itapema,332
0.7,0.8,Bombinhas,371
0.7,0.8,Porto Belo,371
0.7,0.8,Içara/Balneário Rincão,404
0.7,0.8,Balneário Rincão,404
0.7,0.8,Florianópolis,399
0.7,0.8,Palhoça,399
0.7,0.8,Araranguá,399
0.7,0.8,Balneário Arroio do Silva,399
0.7,0.8,Balneário Gaivota,391
0.7,0.8,Passo de Torres,371
0.7,0.8,Garopaba,398
0.7,0.85,São Francisco do Sul,299
0.7,0.85,Itapoá,299
0.7,0.85,Balneário Piçarras,278
0.7,0.85,Balneário Barra do Sul,278
0.7,0.85,Barra Velha,278
0.7,0.85,Penha,278
0.7,0.85,Araquari,278
0.7,0.85,Balneário Camboriú,277
0.7,0.85,Navegantes,277
0.7,0.85,Itajaí,277
0.7,0.85,Itapema,277
0.7,0.85,Bombinhas,306
0.7,0.85,Porto Belo,306
0.7,0.85,Içara/Balneário Rincão,348
0.7,0.85,Balneário Rincão,348
0.7,0.85,Florianópolis,340
0.7,0.85,Palhoça,340
0.7,0.85,Araranguá,345
0.7,0.85,Balneário Arroio do Silva,345
0.7,0.85,Balneário Gaivota,340
0.7,0.85,Passo de Torres,322
0.7,0.85,Garopaba,338
0.7,0.9,São Francisco do Sul,227
0.7,0.9,Itapoá,227
0.7,0.9,Balneário Piçarras,217
0.7,0.9,Balneário Barra do Sul,217
0.7,0.9,Barra Velha,217
0.7,0.9,Penha,217
0.7,0.9,Araquari,217
0.7,0.9,Balneário Camboriú,204
0.7,0.9,Navegantes,204
0.7,0.9,Itajaí,204
0.7,0.9,Itapema,204
0.7,0.9,Bombinhas,231
0.7,0.9,Porto Belo,231
0.7,0.9,Içara/Balneário Rincão,289
0.7,0.9,Balneário Rincão,289
0.7,0.9,Florianópolis,268
0.7,0.9,Palhoça,268
0.7,0.9,Araranguá,281
0.7,0.9,Balneário Arroio do Silva,281
0.7,0.9,Balneário Gaivota,287
0.7,0.9,Passo de Torres,269
0.7,0.9,Garopaba,270
0.75,0.5,São Francisco do Sul,534
0.75,0.5,Itapoá,534
0.75,0.5,Balneário Piçarras,485
0.75,0.5,Balneário Barra do Sul,485
0.75,0.5,Barra Velha,485
0.75,0.5,Penha,485
0.75,0.5,Araquari,485
0.75,0.5,Balneário Camboriú,488
0.75,0.5,Navegantes,488
0.75,0.5,Itajaí,488
0.75,0.5,Itapema,488
0.75,0.5,Bombinhas,535
0.75,0.5,Porto Belo,535
0.75,0.5,Içara/Balneário Rincão,528
0.75,0.5,Balneário Rincão,528
0.75,0.5,Florianópolis,558
0.75,0.5,Palhoça,558
0.75,0.5,Araranguá,541
0.75,0.5,Balneário Arroio do Silva,541
0.75,0.5,Balneário Gaivota,512
0.75,0.5,Passo de Torres,495
0.75,0.5,Garopaba,550
0.75,0.55,São Francisco do Sul,493
0.75,0.55,Itapoá,493
0.75,0.55,Balneário Piçarras,454
0.75,0.55,Balneário Barra do Sul,454
0.75,0.55,Barra Velha,454
0.75,0.55,Penha,454
0.75,0.55,Araquari,454
0.75,0.55,Balneário Camboriú,454
0.75,0.55,Navegantes,454
0.75,0.55,Itajaí,454
0.75,0.55,Itapema,454
0.75,0.55,Bombinhas,505
0.75,0.55,Porto Belo,505
0.75,0.55,Içara/Balneário Rincão,509
0.75,0.55,Balneário Rincão,509
0.75,0.55,Florianópolis,532
0.75,0.55,Palhoça,532
0.75,0.55,Araranguá,520
0.75,0.55,Balneário Arroio do Silva,520
0.75,0.55,Balneário Gaivota,485
0.75,0.55,Passo de Torres,470
0.75,0.55,Garopaba,534
0.75,0.6,São Francisco do Sul,465
0.75,0.6,Itapoá,465
0.75,0.6,Balneário Piçarras,431
0.75,0.6,Balneário Barra do Sul,431
0.75,0.6,Barra Velha,431
0.75,0.6,Penha,431
0.75,0.6,Araquari,431
0.75,0.6,Balneário Camboriú,430
0.75,0.6,Navegantes,430
0.75,0.6,Itajaí,430
0.75,0.6,Itapema,430
0.75,0.6,Bombinhas,474
0.75,0.6,Porto Belo,474
0.75,0.6,Içara/Balneário Rincão,487
0.75,0.6,Balneário Rincão,487
0.75,0.6,Florianópolis,511
0.75,0.6,Palhoça,511
0.75,0.6,Araranguá,496
0.75,0.6,Balneário Arroio do Silva,496
0.75,0.6,Balneário Gaivota,469
0.75,0.6,Passo de Torres,444
0.75,0.6,Garopaba,511
0.75,0.65,São Francisco do Sul,422
0.75,0.65,Itapoá,422
0.75,0.65,Balneário Piçarras,398
0.75,0.65,Balneário Barra do Sul,398
0.75,0.65,Barra Velha,398
0.75,0.65,Penha,398
0.75,0.65,Araquari,398
0.75,0.65,Balneário Camboriú,396
0.75,0.65,Navegantes,396
0.75,0.65,Itajaí,396
0.75,0.65,Itapema,396
0.75,0.65,Bombinhas,453
0.75,0.65,Porto Belo,453
0.75,0.65,Içara/Balneário Rincão,471
0.75,0.65,Balneário Rincão,471
0.75,0.65,Florianópolis,483
0.75,0.65,Palhoça,483
0.75,0.65,Araranguá,469
0.75,0.65,Balneário Arroio do Silva,469
0.75,0.65,Balneário Gaivota,447
0.75,0.65,Passo de Torres,426
0.75,0.65,Garopaba,490
0.75,0.7,São Francisco do Sul,402
0.75,0.7,Itapoá,402
0.75,0.7,Balneário Piçarras,365
0.75,0.7,Balneário Barra do Sul,365
0.75,0.7,Barra Velha,365
0.75,0.7,Penha,365
0.75,0.7,Araquari,365
0.75,0.7,Balneário Camboriú,365
0.75,0.7,Navegantes,365
0.75,0.7,Itajaí,365
0.75,0.7,Itapema,365
0.75,0.7,Bombinhas,409
0.75,0.7,Porto Belo,409
0.75,0.7,Içara/Balneário Rincão,438
0.75,0.7,Balneário Rincão,438
0.75,0.7,Florianópolis,454
0.75,0.7,Palhoça,454
0.75,0.7,Araranguá,441
0.75,0.7,Balneário Arroio do Silva,441
0.75,0.7,Balneário Gaivota,422
0.75,0.7,Passo de Torres,392
0.75,0.7,Garopaba,449
0.75,0.75,São Francisco do Sul,362
0.75,0.75,Itapoá,362
0.75,0.75,Balneário Piçarras,337
0.75,0.75,Balneário Barra do Sul,337
0.75,0.75,Barra Velha,337
0.75,0.75,Penha,337
0.75,0.75,Araquari,337
0.75,0.75,Balneário Camboriú,331
0.75,0.75,Navegantes,331
0.75,0.75,Itajaí,331
0.75,0.75,Itapema,331
0.75,0.75,Bombinhas,373
0.75,0.75,Porto Belo,373
0.75,0.75,Içara/Balneário Rincão,403
0.75,0.75,Balneário Rincão,403
0.75,0.75,Florianópolis,408
0.75,0.75,Palhoça,408
0.75,0.75,Araranguá,405
0.75,0.75,Balneário Arroio do Silva,405
0.75,0.75,Balneário Gaivota,382
0.75,0.75,Passo de Torres,368
0.75,0.75,Garopaba,404
0.75,0.8,São Francisco do Sul,320
0.75,0.8,Itapoá,320
0.75,0.8,Balneário Piçarras,292
0.75,0.8,Balneário Barra do Sul,292
0.75,0.8,Barra Velha,292
0.75,0.8,Penha,292
0.75,0.8,Araquari,292
0.75,0.8,Balneário Camboriú,290
0.75,0.8,Navegantes,290
0.75,0.8,Itajaí,290
0.75,0.8,Itapema,290
0.75,0.8,Bombinhas,326
0.75,0.8,Porto Belo,326
0.75,0.8,Içara/Balneário Rincão,369
0.75,0.8,Balneário Rincão,369
0.75,0.8,Florianópolis,356
0.75,0.8,Palhoça,356
0.75,0.8,Araranguá,362
0.75,0.8,Balneário Arroio do Silva,362
0.75,0.8,Balneário Gaivota,352
0.75,0.8,Passo de Torres,330
0.75,0.8,Garopaba,361
0.75,0.85,São Francisco do Sul,274
0.75,0.85,Itapoá,274
0.75,0.85,Balneário Piçarras,243
0.75,0.85,Balneário Barra do Sul,243
0.75,0.85,Barra Velha,243
0.75,0.85,Penha,243
0.75,0.85,Araquari,243
0.75,0.85,Balneário Camboriú,245
0.75,0.85,Navegantes,245
0.75,0.85,Itajaí,245
0.75,0.85,Itapema,245
0.75,0.85,Bombinhas,271
0.75,0.85,Porto Belo,271
0.75,0.85,Içara/Balneário Rincão,320
0.75,0.85,Balneário Rincão,320
0.75,0.85,Florianópolis,306
0.75,0.85,Palhoça,306
0.75,0.85,Araranguá,314
0.75,0.85,Balneário Arroio do Silva,314
0.75,0.85,Balneário Gaivota,308
0.75,0.85,Passo de Torres,290
0.75,0.85,Garopaba,315
0.75,0.9,São Francisco do Sul,210
0.75,0.9,Itapoá,210
0.75,0.9,Balneário Piçarras,195
0.75,0.9,Balneário Barra do Sul,195
0.75,0.9,Barra Velha,195
0.75,0.9,Penha,195
0.75,0.9,Araquari,195
0.75,0.9,Balneário Camboriú,177
0.75,0.9,Navegantes,177
0.75,0.9,Itajaí,177
0.75,0.9,Itapema,177
0.75,0.9,Bombinhas,204
0.75,0.9,Porto Belo,204
0.75,0.9,Içara/Balneário Rincão,268
0.75,0.9,Balneário Rincão,268
0.75,0.9,Florianópolis,249
0.75,0.9,Palhoça,249
0.75,0.9,Araranguá,258
0.75,0.9,Balneário Arroio do Silva,258
0.75,0.9,Balneário Gaivota,264
0.75,0.9,Passo de Torres,245
0.75,0.9,Garopaba,251
0.8,0.5,São Francisco do Sul,449
0.8,0.5,Itapoá,449
0.8,0.5,Balneário Piçarras,428
0.8,0.5,Balneário Barra do Sul,428
0.8,0.5,Barra Velha,428
0.8,0.5,Penha,428
0.8,0.5,Araquari,428
0.8,0.5,Balneário Camboriú,414
0.8,0.5,Navegantes,414
0.8,0.5,Itajaí,414
0.8,0.5,Itapema,414
0.8,0.5,Bombinhas,461
0.8,0.5,Porto Belo,461
0.8,0.5,Içara/Balneário Rincão,463
0.8,0.5,Balneário Rincão,463
0.8,0.5,Florianópolis,496
0.8,0.5,Palhoça,496
0.8,0.5,Araranguá,461
0.8,0.5,Balneário Arroio do Silva,461
0.8,0.5,Balneário Gaivota,443
0.8,0.5,Passo de Torres,426
0.8,0.5,Garopaba,485
0.8,0.55,São Francisco do Sul,415
0.8,0.55,Itapoá,415
0.8,0.55,Balneário Piçarras,395
0.8,0.55,Balneário Barra do Sul,395
0.8,0.55,Barra Velha,395
0.8,0.55,Penha,395
0.8,0.55,Araquari,395
0.8,0.55,Balneário Camboriú,386
0.8,0.55,Navegantes,386
0.8,0.55,Itajaí,386
0.8,0.55,Itapema,386
0.8,0.55,Bombinhas,434
0.8,0.55,Porto Belo,434
0.8,0.55,Içara/Balneário Rincão,449
0.8,0.55,Balneário Rincão,449
0.8,0.55,Florianópolis,470
0.8,0.55,Palhoça,470
0.8,0.55,Araranguá,444
0.8,0.55,Balneário Arroio do Silva,444
0.8,0.55,Balneário Gaivota,421
0.8,0.55,Passo de Torres,407
0.8,0.55,Garopaba,470
0.8,0.6,São Francisco do Sul,390
0.8,0.6,Itapoá,390
0.8,0.6,Balneário Piçarras,372
0.8,0.6,Balneário Barra do Sul,372
0.8,0.6,Barra Velha,372
0.8,0.6,Penha,372
0.8,0.6,Araquari,372
0.8,0.6,Balneário Camboriú,365
0.8,0.6,Navegantes,365
0.8,0.6,Itajaí,365
0.8,0.6,Itapema,365
0.8,0.6,Bombinhas,411
0.8,0.6,Porto Belo,411
0.8,0.6,Içara/Balneário Rincão,433
0.8,0.6,Balneário Rincão,433
0.8,0.6,Florianópolis,450
0.8,0.6,Palhoça,450
0.8,0.6,Araranguá,423
0.8,0.6,Balneário Arroio do Silva,423
0.8,0.6,Balneário Gaivota,406
0.8,0.6,Passo de Torres,386
0.8,0.6,Garopaba,450
0.8,0.65,São Francisco do Sul,358
0.8,0.65,Itapoá,358
0.8,0.65,Balneário Piçarras,345
0.8,0.65,Balneário Barra do Sul,345
0.8,0.65,Barra Velha,345
0.8,0.65,Penha,345
0.8,0.65,Araquari,345
0.8,0.65,Balneário Camboriú,335
0.8,0.65,Navegantes,335
0.8,0.65,Itajaí,335
0.8,0.65,Itapema,335
0.8,0.65,Bombinhas,393
0.8,0.65,Porto Belo,393
0.8,0.65,Içara/Balneário Rincão,414
0.8,0.65,Balneário Rincão,414
0.8,0.65,Florianópolis,427
0.8,0.65,Palhoça,427
0.8,0.65,Araranguá,392
0.8,0.65,Balneário Arroio do Silva,392
0.8,0.65,Balneário Gaivota,385
0.8,0.65,Passo de Torres,368
0.8,0.65,Garopaba,431
0.8,0.7,São Francisco do Sul,342
0.8,0.7,Itapoá,342
0.8,0.7,Balneário Piçarras,321
0.8,0.7,Balneário Barra do Sul,321
0.8,0.7,Barra Velha,321
0.8,0.7,Penha,321
0.8,0.7,Araquari,321
0.8,0.7,Balneário Camboriú,305
0.8,0.7,Navegantes,305
0.8,0.7,Itajaí,305
0.8,0.7,Itapema,305
0.8,0.7,Bombinhas,359
0.8,0.7,Porto Belo,359
0.8,0.7,Içara/Balneário Rincão,387
0.8,0.7,Balneário Rincão,387
0.8,0.7,Florianópolis,399
0.8,0.7,Palhoça,399
0.8,0.7,Araranguá,373
0.8,0.7,Balneário Arroio do Silva,373
0.8,0.7,Balneário Gaivota,366
0.8,0.7,Passo de Torres,340
0.8,0.7,Garopaba,398
0.8,0.75,São Francisco do Sul,305
0.8,0.75,Itapoá,305
0.8,0.75,Balneário Piçarras,297
0.8,0.75,Balneário Barra do Sul,297
0.8,0.75,Barra Velha,297
0.8,0.75,Penha,297
0.8,0.75,Araquari,297
0.8,0.75,Balneário Camboriú,274
0.8,0.75,Navegantes,274
0.8,0.75,Itajaí,274
0.8,0.75,Itapema,274
0.8,0.75,Bombinhas,323
0.8,0.75,Porto Belo,323
0.8,0.75,Içara/Balneário Rincão,359
0.8,0.75,Balneário Rincão,359
0.8,0.75,Florianópolis,358
0.8,0.75,Palhoça,358
0.8,0.75,Araranguá,340
0.8,0.75,Balneário Arroio do Silva,340
0.8,0.75,Balneário Gaivota,335
0.8,0.75,Passo de Torres,318
0.8,0.75,Garopaba,358
0.8,0.8,São Francisco do Sul,267
0.8,0.8,Itapoá,267
0.8,0.8,Balneário Piçarras,257
0.8,0.8,Balneário Barra do Sul,257
0.8,0.8,Barra Velha,257
0.8,0.8,Penha,257
0.8,0.8,Araquari,257
0.8,0.8,Balneário Camboriú,240
0.8,0.8,Navegantes,240
0.8,0.8,Itajaí,240
0.8,0.8,Itapema,240
0.8,0.8,Bombinhas,279
0.8,0.8,Porto Belo,279
0.8,0.8,Içara/Balneário Rincão,328
0.8,0.8,Balneário Rincão,328
0.8,0.8,Florianópolis,316
0.8,0.8,Palhoça,316
0.8,0.8,Araranguá,308
0.8,0.8,Balneário Arroio do Silva,308
0.8,0.8,Balneário Gaivota,309
0.8,0.8,Passo de Torres,289
0.8,0.8,Garopaba,321
0.8,0.85,São Francisco do Sul,231
0.8,0.85,Itapoá,231
0.8,0.85,Balneário Piçarras,214
0.8,0.85,Balneário Barra do Sul,214
0.8,0.85,Barra Velha,214
0.8,0.85,Penha,214
0.8,0.85,Araquari,214
0.8,0.85,Balneário Camboriú,198
0.8,0.85,Navegantes,198
0.8,0.85,Itajaí,198
0.8,0.85,Itapema,198
0.8,0.85,Bombinhas,232
0.8,0.85,Porto Belo,232
0.8,0.85,Içara/Balneário Rincão,291
0.8,0.85,Balneário Rincão,291
0.8,0.85,Florianópolis,274
0.8,0.85,Palhoça,274
0.8,0.85,Araranguá,272
0.8,0.85,Balneário Arroio do Silva,272
0.8,0.85,Balneário Gaivota,274
0.8,0.85,Passo de Torres,259
0.8,0.85,Garopaba,284
0.8,0.9,São Francisco do Sul,177
0.8,0.9,Itapoá,177
0.8,0.9,Balneário Piçarras,172
0.8,0.9,Balneário Barra do Sul,172
0.8,0.9,Barra Velha,172
0.8,0.9,Penha,172
0.8,0.9,Araquari,172
0.8,0.9,Balneário Camboriú,142
0.8,0.9,Navegantes,142
0.8,0.9,Itajaí,142
0.8,0.9,Itapema,142
0.8,0.9,Bombinhas,178
0.8,0.9,Porto Belo,178
0.8,0.9,Içara/Balneário Rincão,247
0.8,0.9,Balneário Rincão,247
0.8,0.9,Florianópolis,221
0.8,0.9,Palhoça,221
0.8,0.9,Araranguá,228
0.8,0.9,Balneário Arroio do Silva,228
0.8,0.9,Balneário Gaivota,233
0.8,0.9,Passo de Torres,220
0.8,0.9,Garopaba,226
0.85,0.5,São Francisco do Sul,372
0.85,0.5,Itapoá,372
0.85,0.5,Balneário Piçarras,330
0.85,0.5,Balneário Barra do Sul,330
0.85,0.5,Barra Velha,330
0.85,0.5,Penha,330
0.85,0.5,Araquari,330
0.85,0.5,Balneário Camboriú,324
0.85,0.5,Navegantes,324
0.85,0.5,Itajaí,324
0.85,0.5,Itapema,324
0.85,0.5,Bombinhas,377
0.85,0.5,Porto Belo,377
0.85,0.5,Içara/Balneário Rincão,393
0.85,0.5,Balneário Rincão,393
0.85,0.5,Florianópolis,396
0.85,0.5,Palhoça,396
0.85,0.5,Araranguá,379
0.85,0.5,Balneário Arroio do Silva,379
0.85,0.5,Balneário Gaivota,374
0.85,0.5,Passo de Torres,358
0.85,0.5,Garopaba,395
0.85,0.55,São Francisco do Sul,352
0.85,0.55,Itapoá,352
0.85,0.55,Balneário Piçarras,305
0.85,0.55,Balneário Barra do Sul,305
0.85,0.55,Barra Velha,305
0.85,0.55,Penha,305
0.85,0.55,Araquari,305
0.85,0.55,Balneário Camboriú,307
0.85,0.55,Navegantes,307
0.85,0.55,Itajaí,307
0.85,0.55,Itapema,307
0.85,0.55,Bombinhas,356
0.85,0.55,Porto Belo,356
0.85,0.55,Içara/Balneário Rincão,380
0.85,0.55,Balneário Rincão,380
0.85,0.55,Florianópolis,374
0.85,0.55,Palhoça,374
0.85,0.55,Araranguá,365
0.85,0.55,Balneário Arroio do Silva,365
0.85,0.55,Balneário Gaivota,354
0.85,0.55,Passo de Torres,343
0.85,0.55,Garopaba,382
0.85,0.6,São Francisco do Sul,328
0.85,0.6,Itapoá,328
0.85,0.6,Balneário Piçarras,287
0.85,0.6,Balneário Barra do Sul,287
0.85,0.6,Barra Velha,287
0.85,0.6,Penha,287
0.85,0.6,Araquari,287
0.85,0.6,Balneário Camboriú,291
0.85,0.6,Navegantes,291
0.85,0.6,Itajaí,291
0.85,0.6,Itapema,291
0.85,0.6,Bombinhas,341
0.85,0.6,Porto Belo,341
0.85,0.6,Içara/Balneário Rincão,366
0.85,0.6,Balneário Rincão,366
0.85,0.6,Florianópolis,358
0.85,0.6,Palhoça,358
0.85,0.6,Araranguá,351
0.85,0.6,Balneário Arroio do Silva,351
0.85,0.6,Balneário Gaivota,345
0.85,0.6,Passo de Torres,327
0.85,0.6,Garopaba,363
0.85,0.65,São Francisco do Sul,303
0.85,0.65,Itapoá,303
0.85,0.65,Balneário Piçarras,260
0.85,0.65,Balneário Barra do Sul,260
0.85,0.65,Barra Velha,260
0.85,0.65,Penha,260
0.85,0.65,Araquari,260
0.85,0.65,Balneário Camboriú,273
0.85,0.65,Navegantes,273
0.85,0.65,Itajaí,273
0.85,0.65,Itapema,273
0.85,0.65,Bombinhas,325
0.85,0.65,Porto Belo,325
0.85,0.65,Içara/Balneário Rincão,351
0.85,0.65,Balneário Rincão,351
0.85,0.65,Florianópolis,344
0.85,0.65,Palhoça,344
0.85,0.65,Araranguá,327
0.85,0.65,Balneário Arroio do Silva,327
0.85,0.65,Balneário Gaivota,327
0.85,0.65,Passo de Torres,314
0.85,0.65,Garopaba,347
0.85,0.7,São Francisco do Sul,287
0.85,0.7,Itapoá,287
0.85,0.7,Balneário Piçarras,241
0.85,0.7,Balneário Barra do Sul,241
0.85,0.7,Barra Velha,241
0.85,0.7,Penha,241
0.85,0.7,Araquari,241
0.85,0.7,Balneário Camboriú,248
0.85,0.7,Navegantes,248
0.85,0.7,Itajaí,248
0.85,0.7,Itapema,248
0.85,0.7,Bombinhas,295
0.85,0.7,Porto Belo,295
0.85,0.7,Içara/Balneário Rincão,331
0.85,0.7,Balneário Rincão,331
0.85,0.7,Florianópolis,321
0.85,0.7,Palhoça,321
0.85,0.7,Araranguá,315
0.85,0.7,Balneário Arroio do Silva,315
0.85,0.7,Balneário Gaivota,306
0.85,0.7,Passo de Torres,285
0.85,0.7,Garopaba,323
0.85,0.75,São Francisco do Sul,255
0.85,0.75,Itapoá,255
0.85,0.75,Balneário Piçarras,227
0.85,0.75,Balneário Barra do Sul,227
0.85,0.75,Barra Velha,227
0.85,0.75,Penha,227
0.85,0.75,Araquari,227
0.85,0.75,Balneário Camboriú,226
0.85,0.75,Navegantes,226
0.85,0.75,Itajaí,226
0.85,0.75,Itapema,226
0.85,0.75,Bombinhas,264
0.85,0.75,Porto Belo,264
0.85,0.75,Içara/Balneário Rincão,305
0.85,0.75,Balneário Rincão,305
0.85,0.75,Florianópolis,289
0.85,0.75,Palhoça,289
0.85,0.75,Araranguá,290
0.85,0.75,Balneário Arroio do Silva,290
0.85,0.75,Balneário Gaivota,281
0.85,0.75,Passo de Torres,265
0.85,0.75,Garopaba,291
0.85,0.8,São Francisco do Sul,228
0.85,0.8,Itapoá,228
0.85,0.8,Balneário Piçarras,194
0.85,0.8,Balneário Barra do Sul,194
0.85,0.8,Barra Velha,194
0.85,0.8,Penha,194
0.85,0.8,Araquari,194
0.85,0.8,Balneário Camboriú,196
0.85,0.8,Navegantes,196
0.85,0.8,Itajaí,196
0.85,0.8,Itapema,196
0.85,0.8,Bombinhas,231
0.85,0.8,Porto Belo,231
0.85,0.8,Içara/Balneário Rincão,279
0.85,0.8,Balneário Rincão,279
0.85,0.8,Florianópolis,256
0.85,0.8,Palhoça,256
0.85,0.8,Araranguá,266
0.85,0.8,Balneário Arroio do Silva,266
0.85,0.8,Balneário Gaivota,261
0.85,0.8,Passo de Torres,246
0.85,0.8,Garopaba,265
0.85,0.85,São Francisco do Sul,190
0.85,0.85,Itapoá,190
0.85,0.85,Balneário Piçarras,167
0.85,0.85,Balneário Barra do Sul,167
0.85,0.85,Barra Velha,167
0.85,0.85,Penha,167
0.85,0.85,Araquari,167
0.85,0.85,Balneário Camboriú,164
0.85,0.85,Navegantes,164
0.85,0.85,Itajaí,164
0.85,0.85,Itapema,164
0.85,0.85,Bombinhas,195
0.85,0.85,Porto Belo,195
0.85,0.85,Içara/Balneário Rincão,253
0.85,0.85,Balneário Rincão,253
0.85,0.85,Florianópolis,227
0.85,0.85,Palhoça,227
0.85,0.85,Araranguá,236
0.85,0.85,Balneário Arroio do Silva,236
0.85,0.85,Balneário Gaivota,236
0.85,0.85,Passo de Torres,219
0.85,0.85,Garopaba,236
0.85,0.9,São Francisco do Sul,146
0.85,0.9,Itapoá,146
0.85,0.9,Balneário Piçarras,130
0.85,0.9,Balneário Barra do Sul,130
0.85,0.9,Barra Velha,130
0.85,0.9,Penha,130
0.85,0.9,Araquari,130
0.85,0.9,Balneário Camboriú,116
0.85,0.9,Navegantes,116
0.85,0.9,Itajaí,116
0.85,0.9,Itapema,116
0.85,0.9,Bombinhas,143
0.85,0.9,Porto Belo,143
0.85,0.9,Içara/Balneário Rincão,216
0.85,0.9,Balneário Rincão,216
0.85,0.9,Florianópolis,180
0.85,0.9,Palhoça,180
0.85,0.9,Araranguá,200
0.85,0.9,Balneário Arroio do Silva,200
0.85,0.9,Balneário Gaivota,205
0.85,0.9,Passo de Torres,186
0.85,0.9,Garopaba,191
0.9,0.5,São Francisco do Sul,266
0.9,0.5,Itapoá,266
0.9,0.5,Balneário Piçarras,235
0.9,0.5,Balneário Barra do Sul,235
0.9,0.5,Barra Velha,235
0.9,0.5,Penha,235
0.9,0.5,Araquari,235
0.9,0.5,Balneário Camboriú,225
0.9,0.5,Navegantes,225
0.9,0.5,Itajaí,225
0.9,0.5,Itapema,225
0.9,0.5,Bombinhas,259
0.9,0.5,Porto Belo,259
0.9,0.5,Içara/Balneário Rincão,307
0.9,0.5,Balneário Rincão,307
0.9,0.5,Florianópolis,295
0.9,0.5,Palhoça,295
0.9,0.5,Araranguá,281
0.9,0.5,Balneário Arroio do Silva,281
0.9,0.5,Balneário Gaivota,291
0.9,0.5,Passo de Torres,262
0.9,0.5,Garopaba,303
0.9,0.55,São Francisco do Sul,249
0.9,0.55,Itapoá,249
0.9,0.55,Balneário Piçarras,217
0.9,0.55,Balneário Barra do Sul,217
0.9,0.55,Barra Velha,217
0.9,0.55,Penha,217
0.9,0.55,Araquari,217
0.9,0.55,Balneário Camboriú,213
0.9,0.55,Navegantes,213
0.9,0.55,Itajaí,213
0.9,0.55,Itapema,213
0.9,0.55,Bombinhas,243
0.9,0.55,Porto Belo,243
0.9,0.55,Içara/Balneário Rincão,297
0.9,0.55,Balneário Rincão,297
0.9,0.55,Florianópolis,280
0.9,0.55,Palhoça,280
0.9,0.55,Araranguá,273
0.9,0.55,Balneário Arroio do Silva,273
0.9,0.55,Balneário Gaivota,277
0.9,0.55,Passo de Torres,249
0.9,0.55,Garopaba,293
0.9,0.6,São Francisco do Sul,230
0.9,0.6,Itapoá,230
0.9,0.6,Balneário Piçarras,206
0.9,0.6,Balneário Barra do Sul,206
0.9,0.6,Barra Velha,206
0.9,0.6,Penha,206
0.9,0.6,Araquari,206
0.9,0.6,Balneário Camboriú,201
0.9,0.6,Navegantes,201
0.9,0.6,Itajaí,201
0.9,0.6,Itapema,201
0.9,0.6,Bombinhas,233
0.9,0.6,Porto Belo,233
0.9,0.6,Içara/Balneário Rincão,285
0.9,0.6,Balneário Rincão,285
0.9,0.6,Florianópolis,267
0.9,0.6,Palhoça,267
0.9,0.6,Araranguá,261
0.9,0.6,Balneário Arroio do Silva,261
0.9,0.6,Balneário Gaivota,267
0.9,0.6,Passo de Torres,235
0.9,0.6,Garopaba,278
0.9,0.65,São Francisco do Sul,214
0.9,0.65,Itapoá,214
0.9,0.65,Balneário Piçarras,191
0.9,0.65,Balneário Barra do Sul,191
0.9,0.65,Barra Velha,191
0.9,0.65,Penha,191
0.9,0.65,Araquari,191
0.9,0.65,Balneário Camboriú,189
0.9,0.65,Navegantes,189
0.9,0.65,Itajaí,189
0.9,0.65,Itapema,189
0.9,0.65,Bombinhas,223
0.9,0.65,Porto Belo,223
0.9,0.65,Içara/Balneário Rincão,274
0.9,0.65,Balneário Rincão,274
0.9,0.65,Florianópolis,255
0.9,0.65,Palhoça,255
0.9,0.65,Araranguá,238
0.9,0.65,Balneário Arroio do Silva,238
0.9,0.65,Balneário Gaivota,253
0.9,0.65,Passo de Torres,224
0.9,0.65,Garopaba,264
0.9,0.7,São Francisco do Sul,203
0.9,0.7,Itapoá,203
0.9,0.7,Balneário Piçarras,174
0.9,0.7,Balneário Barra do Sul,174
0.9,0.7,Barra Velha,174
0.9,0.7,Penha,174
0.9,0.7,Araquari,174
0.9,0.7,Balneário Camboriú,170
0.9,0.7,Navegantes,170
0.9,0.7,Itajaí,170
0.9,0.7,Itapema,170
0.9,0.7,Bombinhas,197
0.9,0.7,Porto Belo,197
0.9,0.7,Içara/Balneário Rincão,261
0.9,0.7,Balneário Rincão,261
0.9,0.7,Florianópolis,235
0.9,0.7,Palhoça,235
0.9,0.7,Araranguá,228
0.9,0.7,Balneário Arroio do Silva,228
0.9,0.7,Balneário Gaivota,242
0.9,0.7,Passo de Torres,210
0.9,0.7,Garopaba,244
0.9,0.75,São Francisco do Sul,186
0.9,0.75,Itapoá,186
0.9,0.75,Balneário Piçarras,162
0.9,0.75,Balneário Barra do Sul,162
0.9,0.75,Barra Velha,162
0.9,0.75,Penha,162
0.9,0.75,Araquari,162
0.9,0.75,Balneário Camboriú,155
0.9,0.75,Navegantes,155
0.9,0.75,Itajaí,155
0.9,0.75,Itapema,155
0.9,0.75,Bombinhas,181
0.9,0.75,Porto Belo,181
0.9,0.75,Içara/Balneário Rincão,243
0.9,0.75,Balneário Rincão,243
0.9,0.75,Florianópolis,216
0.9,0.75,Palhoça,216
0.9,0.75,Araranguá,211
0.9,0.75,Balneário Arroio do Silva,211
0.9,0.75,Balneário Gaivota,219
0.9,0.75,Passo de Torres,197
0.9,0.75,Garopaba,226
0.9,0.8,São Francisco do Sul,167
0.9,0.8,Itapoá,167
0.9,0.8,Balneário Piçarras,142
0.9,0.8,Balneário Barra do Sul,142
0.9,0.8,Barra Velha,142
0.9,0.8,Penha,142
0.9,0.8,Araquari,142
0.9,0.8,Balneário Camboriú,138
0.9,0.8,Navegantes,138
0.9,0.8,Itajaí,138
0.9,0.8,Itapema,138
0.9,0.8,Bombinhas,165
0.9,0.8,Porto Belo,165
0.9,0.8,Içara/Balneário Rincão,226
0.9,0.8,Balneário Rincão,226
0.9,0.8,Florianópolis,194
0.9,0.8,Palhoça,194
0.9,0.8,Araranguá,191
0.9,0.8,Balneário Arroio do Silva,191
0.9,0.8,Balneário Gaivota,204
0.9,0.8,Passo de Torres,180
0.9,0.8,Garopaba,206
0.9,0.85,São Francisco do Sul,140
0.9,0.85,Itapoá,140
0.9,0.85,Balneário Piçarras,122
0.9,0.85,Balneário Barra do Sul,122
0.9,0.85,Barra Velha,122
0.9,0.85,Penha,122
0.9,0.85,Araquari,122
0.9,0.85,Balneário Camboriú,113
0.9,0.85,Navegantes,113
0.9,0.85,Itajaí,113
0.9,0.85,Itapema,113
0.9,0.85,Bombinhas,141
0.9,0.85,Porto Belo,141
0.9,0.85,Içara/Balneário Rincão,208
0.9,0.85,Balneário Rincão,208
0.9,0.85,Florianópolis,173
0.9,0.85,Palhoça,173
0.9,0.85,Araranguá,171
0.9,0.85,Balneário Arroio do Silva,171
0.9,0.85,Balneário Gaivota,183
0.9,0.85,Passo de Torres,161
0.9,0.85,Garopaba,186
0.9,0.9,São Francisco do Sul,109
0.9,0.9,Itapoá,109
0.9,0.9,Balneário Piçarras,91
0.9,0.9,Balneário Barra do Sul,91
0.9,0.9,Barra Velha,91
0.9,0.9,Penha,91
0.9,0.9,Araquari,91
0.9,0.9,Balneário Camboriú,77
0.9,0.9,Navegantes,77
0.9,0.9,Itajaí,77
0.9,0.9,Itapema,77
0.9,0.9,Bombinhas,100
0.9,0.9,Porto Belo,100
0.9,0.9,Içara/Balneário Rincão,183
0.9,0.9,Balneário Rincão,183
0.9,0.9,Florianópolis,132
0.9,0.9,Palhoça,132
0.9,0.9,Araranguá,143
0.9,0.9,Balneário Arroio do Silva,143
0.9,0.9,Balneário Gaivota,168
0.9,0.9,Passo de Torres,140
0.9,0.9,Garopaba,155
