rank,thr_hs_pct,thr_ssh_pct,H,M,U,R_pos,B,F_soft,Score
1,0.9,0.9,15,41,1267,0.2679,0.4335,972.3539,-3.398685
2,0.9,0.85,15,41,1673,0.2679,0.5708,1284.4173,-4.540657
3,0.85,0.9,20,36,1747,0.3571,0.5975,1340.3475,-4.69218
4,0.9,0.8,17,39,1897,0.3036,0.6473,1447.5705,-5.117204
5,0.9,0.75,18,38,2087,0.3214,0.7119,1586.663,-5.616167
6,0.8,0.9,24,32,2132,0.4286,0.7291,1632.4483,-5.718849
7,0.9,0.7,18,38,2268,0.3214,0.7731,1718.146,-6.097991
8,0.85,0.85,22,34,2289,0.3929,0.7815,1754.3538,-6.186138
9,0.75,0.9,29,27,2454,0.5179,0.8397,1875.721,-6.556225
10,0.9,0.65,19,37,2470,0.3393,0.8417,1872.3072,-6.651582
11,0.85,0.8,25,31,2601,0.4464,0.888,1980.913,-6.98444
12,0.9,0.6,19,37,2622,0.3393,0.8931,1984.7343,-7.063388
13,0.7,0.9,34,22,2701,0.6071,0.9249,2059.2884,-7.175296
14,0.8,0.85,27,29,2762,0.4821,0.9432,2109.9472,-7.434872
15,0.9,0.55,19,37,2776,0.3393,0.9452,2100.7842,-7.488267
16,0.65,0.9,37,19,2907,0.6607,0.9956,2213.0753,-7.706527
17,0.85,0.75,29,27,2909,0.5179,0.9935,2212.7389,-7.790634
18,0.9,0.5,19,37,2936,0.3393,0.9993,2222.8357,-7.934987
19,0.6,0.9,42,14,3096,0.75,1.0,2352.3038,-8.151085
20,0.75,0.85,31,25,3163,0.5536,1.0,2409.9484,-8.474816
21,0.8,0.8,31,25,3180,0.5536,1.0,2421.02,-8.514357
22,0.85,0.7,29,27,3189,0.5179,1.0,2422.5992,-8.541426
23,0.55,0.9,43,13,3271,0.7679,1.0,2483.297,-8.608204
24,0.5,0.9,43,13,3424,0.7679,1.0,2595.9396,-9.010499
25,0.7,0.85,37,19,3521,0.6607,1.0,2681.9013,-9.38179
26,0.85,0.65,30,26,3510,0.5357,1.0,2672.1511,-9.421968
27,0.8,0.75,35,21,3603,0.625,1.0,2745.4467,-9.630167
28,0.75,0.8,33,23,3663,0.5893,1.0,2784.0949,-9.789625
29,0.85,0.6,30,26,3706,0.5357,1.0,2814.9022,-9.931794
30,0.65,0.85,41,15,3812,0.7321,1.0,2900.1242,-10.118301
31,0.85,0.55,30,26,3909,0.5357,1.0,2964.0665,-10.464523
32,0.8,0.7,35,21,3928,0.625,1.0,2985.1307,-10.486181
33,0.6,0.85,44,12,4064,0.7857,1.0,3086.4071,-10.751454
34,0.7,0.8,39,17,4132,0.6964,1.0,3145.0265,-11.01438
35,0.85,0.5,30,26,4137,0.5357,1.0,3139.228,-11.0901
36,0.75,0.75,37,19,4172,0.6607,1.0,3174.4369,-11.140846
37,0.55,0.85,45,11,4287,0.8036,1.0,3254.5933,-11.341405
38,0.8,0.65,37,19,4294,0.6607,1.0,3263.4022,-11.458579
39,0.65,0.8,43,13,4464,0.7679,1.0,3390.5899,-11.848535
40,0.5,0.85,45,11,4500,0.8036,1.0,3414.0141,-11.910765
41,0.8,0.6,37,19,4557,0.6607,1.0,3458.1456,-12.154091
42,0.75,0.7,37,19,4572,0.6607,1.0,3472.5366,-12.205488
43,0.7,0.75,39,17,4670,0.6964,1.0,3548.3105,-12.45468
44,0.6,0.8,46,10,4766,0.8214,1.0,3615.7776,-12.620634
45,0.8,0.55,37,19,4831,0.6607,1.0,3664.7222,-12.891865
46,0.55,0.8,47,9,4990,0.8393,1.0,3779.0073,-13.192883
47,0.75,0.65,39,17,4960,0.6964,1.0,3760.69,-13.213179
48,0.65,0.75,43,13,5074,0.7679,1.0,3852.4414,-13.498005
49,0.8,0.5,37,19,5114,0.6607,1.0,3881.7946,-13.667124
50,0.5,0.8,47,9,5181,0.8393,1.0,3913.4485,-13.67303
51,0.7,0.7,39,17,5163,0.6964,1.0,3922.5947,-13.79141
52,0.75,0.6,39,17,5263,0.6964,1.0,3985.0363,-14.014415
53,0.6,0.75,46,10,5459,0.8214,1.0,4146.6381,-14.516565
54,0.75,0.55,39,17,5569,0.6964,1.0,4215.3987,-14.837138
55,0.7,0.65,41,15,5587,0.7321,1.0,4235.4669,-14.887382
56,0.55,0.75,47,9,5672,0.8393,1.0,4293.9891,-15.032104
57,0.65,0.7,43,13,5642,0.7679,1.0,4286.4614,-15.048076
58,0.5,0.75,47,9,5903,0.8393,1.0,4462.6665,-15.634523
59,0.75,0.5,39,17,5907,0.6964,1.0,4475.9988,-15.767853
60,0.7,0.6,41,15,5938,0.7321,1.0,4499.2257,-15.829377
61,0.6,0.7,46,10,6032,0.8214,1.0,4575.2879,-16.047457
62,0.65,0.65,45,11,6123,0.8036,1.0,4644.4468,-16.305167
63,0.7,0.55,41,15,6261,0.7321,1.0,4740.3569,-16.69056
64,0.55,0.7,47,9,6290,0.8393,1.0,4761.897,-16.703204
65,0.5,0.7,47,9,6511,0.8393,1.0,4918.7721,-17.263472
66,0.65,0.6,45,11,6518,0.8036,1.0,4943.13,-17.371893
67,0.6,0.65,48,8,6551,0.8571,1.0,4960.9599,-17.403428
68,0.7,0.5,41,15,6617,0.7321,1.0,5011.5063,-17.658951
69,0.55,0.65,49,7,6770,0.875,1.0,5109.5415,-17.923363
70,0.65,0.55,45,11,6856,0.8036,1.0,5192.4135,-18.262191
71,0.6,0.6,48,8,6944,0.8571,1.0,5252.5798,-18.444928
72,0.5,0.65,49,7,6984,0.875,1.0,5261.5237,-18.466156
73,0.55,0.6,49,7,7196,0.875,1.0,5428.9865,-19.064238
74,0.65,0.5,45,11,7228,0.8036,1.0,5472.9707,-19.264181
75,0.6,0.55,48,8,7274,0.8571,1.0,5494.5657,-19.309163
76,0.5,0.6,49,7,7444,0.875,1.0,5611.5742,-19.716336
77,0.55,0.55,49,7,7518,0.875,1.0,5666.6797,-19.913142
78,0.6,0.5,48,8,7637,0.8571,1.0,5767.0265,-20.282238
79,0.5,0.55,49,7,7775,0.875,1.0,5857.8389,-20.595853
80,0.55,0.5,49,7,7912,0.875,1.0,5969.9156,-20.996127
81,0.5,0.5,49,7,8139,0.875,1.0,6132.3389,-21.57621
