grid_lat,grid_lon,n_compound_ssh_total,n_storm_corroborated,storm_corroborated_fraction,latitude_band,q_storm_over_tide,branch,selected_locked
-35.0,-54.8,335,326,0.9731343283582089,RS,4.285396438303056,keep_tide_SSH_total,False
-35.0,-54.6,308,296,0.961038961038961,RS,3.8314769087392935,keep_tide_SSH_total,False
-35.0,-54.4,301,286,0.9501661129568106,RS,3.474439194422724,keep_tide_SSH_total,False
-35.0,-54.2,288,269,0.9340277777777778,RS,3.1939250506650114,keep_tide_SSH_total,False
-35.0,-54.0,263,245,0.9315589353612167,RS,2.970351602901748,keep_tide_SSH_total,True
-34.8,-54.4,314,301,0.9585987261146497,RS,3.692309612517595,keep_tide_SSH_total,False
-34.8,-54.2,301,284,0.9435215946843853,RS,3.4205557455709346,keep_tide_SSH_total,False
-34.8,-54.0,281,262,0.9323843416370107,RS,3.1348719265773206,keep_tide_SSH_total,False
-34.8,-53.8,259,244,0.9420849420849421,RS,2.934788868767797,keep_tide_SSH_total,False
-34.8,-53.6,245,230,0.9387755102040817,RS,2.803662878028573,keep_tide_SSH_total,True
-34.6,-54.0,286,267,0.9335664335664335,RS,3.130003579494125,keep_tide_SSH_total,False
-34.6,-53.8,274,252,0.9197080291970803,RS,2.969905173206252,keep_tide_SSH_total,False
-34.6,-53.6,273,251,0.9194139194139194,RS,2.821256053764277,keep_tide_SSH_total,True
-34.6,-53.4,253,234,0.924901185770751,RS,2.7592155314285853,keep_tide_SSH_total,True
-34.4,-53.8,299,276,0.9230769230769231,RS,2.410373006242471,keep_tide_SSH_total,False
-34.4,-53.6,267,250,0.9363295880149812,RS,2.5434083923868664,keep_tide_SSH_total,False
-34.4,-53.4,264,245,0.928030303030303,RS,2.627177743760964,keep_tide_SSH_total,False
-34.2,-53.6,248,222,0.8951612903225806,RS,2.2405144178580505,keep_tide_SSH_total,False
-34.2,-53.4,265,245,0.9245283018867925,RS,2.408820768056014,keep_tide_SSH_total,False
-34.2,-53.2,257,239,0.9299610894941635,RS,2.492186711729941,keep_tide_SSH_total,True
-34.0,-53.4,248,225,0.907258064516129,RS,2.182883961526642,keep_tide_SSH_total,False
-34.0,-53.2,263,245,0.9315589353612167,RS,2.29090907138052,keep_tide_SSH_total,False
-34.0,-53.0,258,243,0.9418604651162791,RS,2.444964890386148,keep_tide_SSH_total,False
-33.8,-53.4,251,227,0.9043824701195219,RS,1.8889816399974364,keep_tide_SSH_total,False
-33.8,-53.2,261,239,0.9157088122605364,RS,2.083452319467783,keep_tide_SSH_total,False
-33.8,-53.0,274,253,0.9233576642335767,RS,2.275773816549441,keep_tide_SSH_total,False
-33.8,-52.8,274,252,0.9197080291970803,RS,2.423586014608793,keep_tide_SSH_total,False
-33.6,-53.0,275,253,0.92,RS,1.851548271049354,keep_tide_SSH_total,False
-33.6,-52.8,269,247,0.9182156133828996,RS,2.152901162523088,keep_tide_SSH_total,False
-33.6,-52.6,270,249,0.9222222222222223,RS,2.377167348737024,keep_tide_SSH_total,False
-33.4,-52.8,269,245,0.9107806691449815,RS,1.9465097421556896,keep_tide_SSH_total,False
-33.4,-52.6,269,250,0.929368029739777,RS,2.103956128915476,keep_tide_SSH_total,False
-33.4,-52.4,262,239,0.9122137404580153,RS,2.3163943282293973,keep_tide_SSH_total,False
-33.2,-52.6,243,220,0.9053497942386831,RS,1.8901622391127009,keep_tide_SSH_total,False
-33.2,-52.4,252,231,0.9166666666666666,RS,2.13351025898143,keep_tide_SSH_total,False
-33.2,-52.2,245,225,0.9183673469387755,RS,2.3895284672682897,keep_tide_SSH_total,False
-33.0,-52.4,208,189,0.9086538461538461,RS,1.8612622932324767,keep_tide_SSH_total,False
-33.0,-52.2,226,208,0.9203539823008849,RS,2.217744250479757,keep_tide_SSH_total,False
-32.8,-52.4,192,167,0.8697916666666666,RS,1.8771647235859128,keep_tide_SSH_total,False
-32.8,-52.2,200,183,0.915,RS,2.047634704811361,keep_tide_SSH_total,False
-32.8,-52.0,229,210,0.9170305676855895,RS,2.3284964046899512,keep_tide_SSH_total,False
-32.6,-52.2,177,159,0.8983050847457628,RS,1.9523645031786343,keep_tide_SSH_total,False
-32.6,-52.0,208,192,0.9230769230769231,RS,2.234665064106565,keep_tide_SSH_total,False
-32.4,-52.2,173,154,0.8901734104046243,RS,1.917494949223257,keep_tide_SSH_total,False
-32.4,-52.0,208,191,0.9182692307692307,RS,2.1242549083693287,keep_tide_SSH_total,False
-32.4,-51.8,234,220,0.9401709401709402,RS,2.394169849994758,keep_tide_SSH_total,False
-32.2,-52.0,234,211,0.9017094017094017,RS,2.1237826948837752,keep_tide_SSH_total,False
-32.2,-51.8,245,226,0.9224489795918367,RS,2.284902862978328,keep_tide_SSH_total,False
-32.2,-51.6,253,238,0.9407114624505929,RS,2.6006816869299487,keep_tide_SSH_total,False
-32.0,-51.8,253,231,0.9130434782608695,RS,2.0930555316124195,keep_tide_SSH_total,False
-32.0,-51.6,240,227,0.9458333333333333,RS,2.497666784595435,keep_tide_SSH_total,False
-32.0,-51.4,247,236,0.9554655870445344,RS,2.931538273113041,keep_tide_SSH_total,False
-32.0,-51.2,247,229,0.9271255060728745,RS,3.277617044501407,keep_tide_SSH_total,False
-31.8,-51.4,246,234,0.9512195121951219,RS,2.868007237589367,keep_tide_SSH_total,False
-31.8,-51.2,244,233,0.9549180327868853,RS,3.308866977861932,keep_tide_SSH_total,False
-31.8,-51.0,236,219,0.9279661016949152,RS,3.301503122826277,keep_tide_SSH_total,False
-31.6,-51.2,239,228,0.9539748953974896,RS,3.047190484077675,keep_tide_SSH_total,False
-31.6,-51.0,237,225,0.9493670886075949,RS,3.283027210073108,keep_tide_SSH_total,False
-31.6,-50.8,234,213,0.9102564102564102,RS,3.244513113494797,keep_tide_SSH_total,False
-31.4,-50.8,212,200,0.9433962264150944,RS,3.243273520175733,keep_tide_SSH_total,False
-31.4,-50.6,220,197,0.8954545454545455,RS,3.119317053564468,keep_tide_SSH_total,False
-31.2,-50.8,219,209,0.954337899543379,RS,3.157024827135367,keep_tide_SSH_total,False
-31.2,-50.6,230,213,0.9260869565217391,RS,2.984208229286345,keep_tide_SSH_total,False
-31.2,-50.4,217,197,0.9078341013824884,RS,2.9076601975630942,keep_tide_SSH_total,False
-31.0,-50.6,204,191,0.9362745098039216,RS,2.9794716427809145,keep_tide_SSH_total,False
-31.0,-50.4,229,206,0.8995633187772926,RS,2.920622231301812,keep_tide_SSH_total,False
-31.0,-50.2,212,187,0.8820754716981132,RS,2.910063666054732,keep_tide_SSH_total,False
-30.8,-50.4,210,195,0.9285714285714286,RS,2.8872840521018843,keep_tide_SSH_total,False
-30.8,-50.2,225,207,0.92,RS,2.896893246879049,keep_tide_SSH_total,False
-30.6,-50.4,124,109,0.8790322580645161,RS,2.583941307799272,keep_tide_SSH_total,False
-30.6,-50.2,202,192,0.9504950495049505,RS,2.779766738106088,keep_tide_SSH_total,False
-30.6,-50.0,218,199,0.9128440366972477,RS,2.814374628462928,keep_tide_SSH_total,False
-30.4,-50.2,154,140,0.9090909090909091,RS,2.4860489733464517,keep_tide_SSH_total,False
-30.4,-50.0,214,195,0.9112149532710281,RS,2.6998455644150496,keep_tide_SSH_total,False
-30.4,-49.8,217,199,0.9170506912442397,RS,2.8117914835403512,keep_tide_SSH_total,False
-30.2,-50.0,169,157,0.9289940828402367,RS,2.571697552010096,keep_tide_SSH_total,False
-30.2,-49.8,212,192,0.9056603773584906,RS,2.716562995920857,keep_tide_SSH_total,False
-30.0,-50.0,133,114,0.8571428571428571,SC/PR,2.3731284069023246,keep_tide_SSH_total,False
-30.0,-49.8,204,185,0.9068627450980392,SC/PR,2.6400958003882105,keep_tide_SSH_total,False
-29.8,-49.8,199,181,0.9095477386934674,SC/PR,2.5428003198877724,keep_tide_SSH_total,False
-29.8,-49.6,229,206,0.8995633187772926,SC/PR,2.675873952667306,keep_tide_SSH_total,False
-29.6,-49.8,173,157,0.9075144508670521,SC/PR,2.377153011392874,keep_tide_SSH_total,False
-29.6,-49.6,220,195,0.8863636363636364,SC/PR,2.5642524455481643,keep_tide_SSH_total,False
-29.6,-49.4,235,206,0.8765957446808511,SC/PR,2.679705547871259,keep_tide_SSH_total,False
-29.4,-49.6,198,179,0.9040404040404041,SC/PR,2.4789859189844665,keep_tide_SSH_total,False
-29.4,-49.4,236,208,0.8813559322033898,SC/PR,2.6079917955041334,keep_tide_SSH_total,False
-29.4,-49.2,247,219,0.8866396761133604,SC/PR,2.678184577729102,keep_tide_SSH_total,False
-29.2,-49.4,233,204,0.8755364806866953,SC/PR,2.5495352140681287,keep_tide_SSH_total,False
-29.2,-49.2,257,227,0.8832684824902723,SC/PR,2.6260118530747776,keep_tide_SSH_total,False
-29.2,-49.0,247,216,0.8744939271255061,SC/PR,2.6544137722862926,keep_tide_SSH_total,False
-29.0,-49.4,208,188,0.9038461538461539,SC/PR,2.469418652258957,keep_tide_SSH_total,False
-29.0,-49.2,260,228,0.8769230769230769,SC/PR,2.5796547378840966,keep_tide_SSH_total,False
-29.0,-49.0,259,230,0.888030888030888,SC/PR,2.6144138811258464,keep_tide_SSH_total,False
-29.0,-48.8,248,218,0.8790322580645161,SC/PR,2.62569473354572,keep_tide_SSH_total,True
-29.0,-48.6,223,191,0.8565022421524664,SC/PR,2.619489062805582,keep_tide_SSH_total,True
-28.8,-49.0,274,242,0.8832116788321168,SC/PR,2.6167567653571018,keep_tide_SSH_total,False
-28.8,-48.8,265,232,0.8754716981132076,SC/PR,2.6514107613168085,keep_tide_SSH_total,False
-28.8,-48.6,248,218,0.8790322580645161,SC/PR,2.640226767186432,keep_tide_SSH_total,True
-28.8,-48.4,211,180,0.8530805687203792,SC/PR,2.601772094850318,keep_tide_SSH_total,True
-28.6,-48.8,284,253,0.8908450704225352,SC/PR,2.6763187094116745,keep_tide_SSH_total,False
-28.6,-48.6,260,226,0.8692307692307693,SC/PR,2.581588259338293,keep_tide_SSH_total,True
-28.6,-48.4,227,197,0.8678414096916299,SC/PR,2.57047773848622,keep_tide_SSH_total,True
-28.4,-48.6,252,220,0.873015873015873,SC/PR,2.407601505009126,keep_tide_SSH_total,False
-28.4,-48.4,249,215,0.8634538152610441,SC/PR,2.525413229703356,keep_tide_SSH_total,True
-28.2,-48.6,216,176,0.8148148148148148,SC/PR,2.3726515561631008,keep_tide_SSH_total,True
-28.2,-48.4,252,214,0.8492063492063492,SC/PR,2.4321833122809084,keep_tide_SSH_total,True
-28.2,-48.2,225,189,0.84,SC/PR,2.4478280499353597,keep_tide_SSH_total,True
-28.0,-48.4,249,205,0.8232931726907631,SC/PR,2.4001744267302976,keep_tide_SSH_total,True
-28.0,-48.2,233,197,0.8454935622317596,SC/PR,2.4019626232088465,keep_tide_SSH_total,True
-27.8,-48.4,225,184,0.8177777777777778,SC/PR,2.255216709049808,keep_tide_SSH_total,True
-27.8,-48.2,236,196,0.8305084745762712,SC/PR,2.310958582829404,keep_tide_SSH_total,True
-27.6,-48.4,198,161,0.8131313131313131,SC/PR,2.0093463623654104,keep_tide_SSH_total,True
-27.6,-48.2,225,184,0.8177777777777778,SC/PR,2.2101345631501648,keep_tide_SSH_total,True
-27.6,-48.0,211,169,0.8009478672985783,SC/PR,2.215035210911986,keep_tide_SSH_total,True
-27.4,-48.4,167,122,0.7305389221556886,SC/PR,1.6129928324519025,keep_tide_SSH_total,True
-27.4,-48.2,203,164,0.8078817733990148,SC/PR,2.083297788544213,keep_tide_SSH_total,True
-27.4,-48.0,215,170,0.7906976744186046,SC/PR,2.122309027917026,keep_tide_SSH_total,True
-27.2,-48.4,153,103,0.673202614379085,SC/PR,1.5212932053887978,keep_tide_SSH_total,True
-27.2,-48.2,186,144,0.7741935483870968,SC/PR,1.8106587519844977,keep_tide_SSH_total,True
-27.2,-48.0,205,163,0.7951219512195122,SC/PR,1.99222596461304,keep_tide_SSH_total,True
-27.0,-48.4,130,86,0.6615384615384615,SC/PR,1.4897247057757206,keep_tide_SSH_total,True
-27.0,-48.2,176,131,0.7443181818181818,SC/PR,1.697651456603359,keep_tide_SSH_total,True
-26.8,-48.4,155,100,0.6451612903225806,SC/PR,1.437990391881785,keep_tide_SSH_total,True
-26.8,-48.2,187,139,0.7433155080213903,SC/PR,1.5914849281144947,keep_tide_SSH_total,True
-26.6,-48.6,144,102,0.7083333333333334,SC/PR,1.2481477735316344,keep_tide_SSH_total,True
-26.6,-48.4,166,111,0.6686746987951807,SC/PR,1.3467899103314738,keep_tide_SSH_total,True
-26.6,-48.2,181,136,0.7513812154696132,SC/PR,1.470205720413868,keep_tide_SSH_total,True
-26.4,-48.4,173,119,0.6878612716763006,SC/PR,1.142663247632106,keep_tide_SSH_total,True
-26.4,-48.2,183,134,0.73224043715847,SC/PR,1.365619787065643,keep_tide_SSH_total,True
-26.2,-48.4,167,114,0.6826347305389222,SC/PR,0.9553994133100452,zos_only,False
-26.2,-48.2,189,135,0.7142857142857143,SC/PR,1.2078376133994375,keep_tide_SSH_total,True
-26.0,-48.4,157,107,0.6815286624203821,SC/PR,0.8731331429970135,zos_only,False
-26.0,-48.2,183,136,0.7431693989071039,SC/PR,1.0905266972510843,keep_tide_SSH_total,True
-25.8,-48.2,192,137,0.7135416666666666,SC/PR,1.0264152836201978,keep_tide_SSH_total,True
-25.8,-48.0,202,154,0.7623762376237624,SC/PR,1.1735376975021905,keep_tide_SSH_total,True
-25.6,-48.4,190,141,0.7421052631578947,SC/PR,0.8126613156003071,zos_only,False
-25.6,-48.2,200,149,0.745,SC/PR,0.9523376011702042,zos_only,False
-25.6,-48.0,200,151,0.755,SC/PR,1.1097572858067315,keep_tide_SSH_total,True
-25.6,-47.8,208,161,0.7740384615384616,SC/PR,1.213023578685542,keep_tide_SSH_total,True
-25.4,-48.0,210,164,0.780952380952381,SC/PR,1.0601414760451615,keep_tide_SSH_total,True
-25.4,-47.8,208,162,0.7788461538461539,SC/PR,1.1245735061893596,keep_tide_SSH_total,True
-25.4,-47.6,210,170,0.8095238095238095,SC/PR,1.253932529409135,keep_tide_SSH_total,True
-25.2,-47.8,210,165,0.7857142857142857,SC/PR,1.068262116651873,keep_tide_SSH_total,True
-25.2,-47.6,211,170,0.8056872037914692,SC/PR,1.184667711833078,keep_tide_SSH_total,True
-25.0,-47.8,202,158,0.7821782178217822,SP/RJ,0.8964806956745588,zos_only,False
-25.0,-47.6,220,176,0.8,SP/RJ,1.1502323395868574,keep_tide_SSH_total,True
-25.0,-47.4,222,178,0.8018018018018018,SP/RJ,1.2257886131504685,keep_tide_SSH_total,True
-25.0,-47.2,212,172,0.8113207547169812,SP/RJ,1.3053150391188042,keep_tide_SSH_total,True
-24.8,-47.4,228,181,0.793859649122807,SP/RJ,1.2039961113604702,keep_tide_SSH_total,True
-24.8,-47.2,225,184,0.8177777777777778,SP/RJ,1.294919871610756,keep_tide_SSH_total,True
-24.8,-47.0,219,179,0.817351598173516,SP/RJ,1.3463594847649527,keep_tide_SSH_total,True
-24.8,-46.8,216,180,0.8333333333333334,SP/RJ,1.3843061700151218,keep_tide_SSH_total,True
-24.6,-47.2,239,193,0.8075313807531381,SP/RJ,1.2534431622036548,keep_tide_SSH_total,True
-24.6,-47.0,237,193,0.8143459915611815,SP/RJ,1.323760731760084,keep_tide_SSH_total,True
-24.6,-46.8,224,187,0.8348214285714286,SP/RJ,1.3455972786413442,keep_tide_SSH_total,True
-24.6,-46.6,222,186,0.8378378378378378,SP/RJ,1.421119034404822,keep_tide_SSH_total,True
-24.4,-46.8,242,199,0.8223140495867769,SP/RJ,1.3254463560465408,keep_tide_SSH_total,True
-24.4,-46.6,242,204,0.8429752066115702,SP/RJ,1.3865065048269571,keep_tide_SSH_total,True
-24.4,-46.4,237,200,0.8438818565400844,SP/RJ,1.449911900527728,keep_tide_SSH_total,True
-24.4,-46.2,236,199,0.8432203389830508,SP/RJ,1.4931374257780436,keep_tide_SSH_total,True
-24.4,-46.0,227,195,0.8590308370044053,SP/RJ,1.5461800736151896,keep_tide_SSH_total,True
-24.4,-45.2,168,134,0.7976190476190477,SP/RJ,1.7157460888315217,keep_tide_SSH_total,True
-24.2,-46.6,252,214,0.8492063492063492,SP/RJ,1.3738527312647089,keep_tide_SSH_total,True
-24.2,-46.4,251,214,0.852589641434263,SP/RJ,1.425907465515034,keep_tide_SSH_total,True
-24.2,-46.2,247,210,0.8502024291497976,SP/RJ,1.4619832070984025,keep_tide_SSH_total,True
-24.2,-46.0,242,202,0.8347107438016529,SP/RJ,1.5183455414680695,keep_tide_SSH_total,True
-24.2,-45.8,248,208,0.8387096774193549,SP/RJ,1.5963086670096105,keep_tide_SSH_total,True
-24.2,-45.6,237,203,0.8565400843881856,SP/RJ,1.6357325867776884,keep_tide_SSH_total,True
-24.2,-45.4,231,198,0.8571428571428571,SP/RJ,1.7094668517333624,keep_tide_SSH_total,True
-24.2,-45.2,204,172,0.8431372549019608,SP/RJ,1.7351162519408567,keep_tide_SSH_total,True
-24.2,-45.0,171,137,0.8011695906432749,SP/RJ,1.728701267227696,keep_tide_SSH_total,True
-24.0,-46.4,292,248,0.8493150684931506,SP/RJ,1.3299099142724142,keep_tide_SSH_total,True
-24.0,-46.2,282,239,0.8475177304964538,SP/RJ,1.3897978297830005,keep_tide_SSH_total,True
-24.0,-46.0,269,230,0.8550185873605948,SP/RJ,1.5331171321309442,keep_tide_SSH_total,True
-24.0,-45.8,278,234,0.841726618705036,SP/RJ,1.5659698184805324,keep_tide_SSH_total,True
-24.0,-45.6,262,224,0.8549618320610687,SP/RJ,1.620441992606941,keep_tide_SSH_total,True
-24.0,-45.4,253,216,0.8537549407114624,SP/RJ,1.7336993450899518,keep_tide_SSH_total,True
-24.0,-45.2,235,200,0.851063829787234,SP/RJ,1.77437091262906,keep_tide_SSH_total,True
-24.0,-45.0,209,180,0.861244019138756,SP/RJ,1.74619070079787,keep_tide_SSH_total,True
-24.0,-44.8,180,147,0.8166666666666667,SP/RJ,1.7320486475909442,keep_tide_SSH_total,True
-23.8,-45.8,306,263,0.8594771241830066,SP/RJ,1.5047453068989305,keep_tide_SSH_total,True
-23.8,-45.6,309,265,0.8576051779935275,SP/RJ,1.467823784858835,keep_tide_SSH_total,True
-23.8,-45.4,299,255,0.8528428093645485,SP/RJ,1.2903594876304632,keep_tide_SSH_total,True
-23.8,-45.2,226,195,0.8628318584070797,SP/RJ,1.4037533501236583,keep_tide_SSH_total,True
-23.8,-45.0,220,187,0.85,SP/RJ,1.7148373541668338,keep_tide_SSH_total,True
-23.8,-44.8,218,182,0.8348623853211009,SP/RJ,1.7457288286543569,keep_tide_SSH_total,True
-23.8,-44.6,203,167,0.8226600985221675,SP/RJ,1.747360665622685,keep_tide_SSH_total,True
-23.6,-45.2,184,153,0.8315217391304348,SP/RJ,1.318309648869879,keep_tide_SSH_total,True
-23.6,-45.0,219,184,0.8401826484018264,SP/RJ,1.5292471353586354,keep_tide_SSH_total,True
-23.6,-44.8,223,194,0.8699551569506726,SP/RJ,1.6891290183625447,keep_tide_SSH_total,True
-23.6,-44.6,222,191,0.8603603603603603,SP/RJ,1.735448292061998,keep_tide_SSH_total,True
-23.6,-44.4,221,183,0.8280542986425339,SP/RJ,1.753913510060448,keep_tide_SSH_total,True
-23.6,-44.2,204,162,0.7941176470588235,SP/RJ,1.7701861064222235,keep_tide_SSH_total,True
-23.6,-44.0,188,148,0.7872340425531915,SP/RJ,1.7675465052655266,keep_tide_SSH_total,True
-23.4,-44.4,237,201,0.8481012658227848,SP/RJ,1.7220425516210267,keep_tide_SSH_total,True
-23.4,-44.2,236,193,0.8177966101694916,SP/RJ,1.755751523253539,keep_tide_SSH_total,True
-23.4,-44.0,224,179,0.7991071428571429,SP/RJ,1.7700281184871745,keep_tide_SSH_total,True
-23.4,-43.8,214,166,0.7757009345794392,SP/RJ,1.783421027186774,keep_tide_SSH_total,True
-23.4,-43.6,203,154,0.7586206896551724,SP/RJ,1.801281432538243,keep_tide_SSH_total,True
-23.4,-43.4,192,147,0.765625,SP/RJ,1.8117340300609743,keep_tide_SSH_total,True
-23.4,-43.2,182,140,0.7692307692307693,SP/RJ,1.8112520720812384,keep_tide_SSH_total,True
-23.4,-43.0,170,125,0.7352941176470589,SP/RJ,1.797952281307407,keep_tide_SSH_total,True
-23.4,-42.8,151,106,0.7019867549668874,SP/RJ,1.7950768551724414,keep_tide_SSH_total,True
-23.4,-42.6,139,97,0.697841726618705,SP/RJ,1.7904290808479189,keep_tide_SSH_total,True
-23.4,-42.2,131,92,0.7022900763358778,SP/RJ,1.788469972738857,keep_tide_SSH_total,True
-23.4,-42.0,135,96,0.7111111111111111,SP/RJ,1.775659798522842,keep_tide_SSH_total,True
-23.2,-44.4,247,207,0.8380566801619433,SP/RJ,1.507918467628942,keep_tide_SSH_total,True
-23.2,-44.2,248,212,0.8548387096774194,SP/RJ,1.6343992459469645,keep_tide_SSH_total,True
-23.2,-44.0,242,200,0.8264462809917356,SP/RJ,1.632404207899732,keep_tide_SSH_total,True
-23.2,-43.8,232,192,0.8275862068965517,SP/RJ,1.7464880174006066,keep_tide_SSH_total,True
-23.2,-43.6,231,186,0.8051948051948052,SP/RJ,1.803648402092328,keep_tide_SSH_total,True
-23.2,-43.4,224,177,0.7901785714285714,SP/RJ,1.821557341320582,keep_tide_SSH_total,True
-23.2,-43.2,220,172,0.7818181818181819,SP/RJ,1.8297718615467635,keep_tide_SSH_total,True
-23.2,-43.0,209,163,0.7799043062200957,SP/RJ,1.8237475137046355,keep_tide_SSH_total,True
-23.2,-42.8,195,152,0.7794871794871795,SP/RJ,1.8128291849984932,keep_tide_SSH_total,True
-23.2,-42.6,185,142,0.7675675675675676,SP/RJ,1.7948513441015876,keep_tide_SSH_total,True
-23.2,-42.4,170,132,0.7764705882352941,SP/RJ,1.7780844054541671,keep_tide_SSH_total,True
-23.2,-42.2,164,124,0.7560975609756098,SP/RJ,1.7589256539415874,keep_tide_SSH_total,True
-23.2,-42.0,161,121,0.7515527950310559,SP/RJ,1.7314663955122718,keep_tide_SSH_total,True
-23.2,-41.8,157,120,0.7643312101910829,SP/RJ,1.725906098135936,keep_tide_SSH_total,True
-23.0,-44.4,274,227,0.8284671532846716,SP/RJ,0.9906577101427532,zos_only,False
-23.0,-44.0,248,205,0.8266129032258065,SP/RJ,1.011462273315364,keep_tide_SSH_total,True
-23.0,-43.4,252,208,0.8253968253968254,SP/RJ,1.5740833989071457,keep_tide_SSH_total,True
-23.0,-43.2,244,199,0.8155737704918032,SP/RJ,1.6040353019190503,keep_tide_SSH_total,True
-23.0,-43.0,238,196,0.8235294117647058,SP/RJ,1.736926581390245,keep_tide_SSH_total,True
-23.0,-42.8,239,194,0.8117154811715481,SP/RJ,1.7940206941416168,keep_tide_SSH_total,True
-23.0,-42.6,237,196,0.8270042194092827,SP/RJ,1.8135177825825408,keep_tide_SSH_total,True
-23.0,-42.4,230,190,0.8260869565217391,SP/RJ,1.807673057672296,keep_tide_SSH_total,True
-23.0,-42.2,225,186,0.8266666666666667,SP/RJ,1.781152960687451,keep_tide_SSH_total,True
-23.0,-42.0,206,173,0.8398058252427184,SP/RJ,1.713509193754148,keep_tide_SSH_total,True
-23.0,-41.8,187,152,0.8128342245989305,SP/RJ,1.6575673368673776,keep_tide_SSH_total,True
-23.0,-41.6,176,141,0.8011363636363636,SP/RJ,1.641106668602986,keep_tide_SSH_total,True
-22.8,-41.8,166,129,0.7771084337349398,SP/RJ,1.3034000078091306,keep_tide_SSH_total,True
-22.8,-41.6,178,141,0.7921348314606742,SP/RJ,1.4921874639408446,keep_tide_SSH_total,True
-22.6,-41.8,129,100,0.7751937984496124,SP/RJ,1.1738469595501368,keep_tide_SSH_total,True
-22.6,-41.6,174,137,0.7873563218390804,SP/RJ,1.3937912879013927,keep_tide_SSH_total,True
-22.6,-41.4,182,146,0.8021978021978022,SP/RJ,1.4629954567857903,keep_tide_SSH_total,True
-22.4,-41.6,171,137,0.8011695906432749,SP/RJ,1.173648474122856,keep_tide_SSH_total,True
-22.4,-41.4,178,138,0.7752808988764045,SP/RJ,1.331627334358407,keep_tide_SSH_total,True
-22.4,-41.2,180,141,0.7833333333333333,SP/RJ,1.4148389770469942,keep_tide_SSH_total,True
-22.4,-41.0,164,129,0.7865853658536586,SP/RJ,1.4140054671737274,keep_tide_SSH_total,True
-22.4,-40.8,141,90,0.6382978723404256,SP/RJ,1.4106833500903355,keep_tide_SSH_total,True
-22.2,-41.4,185,148,0.8,SP/RJ,1.0208613622884546,keep_tide_SSH_total,True
-22.2,-41.2,182,145,0.7967032967032966,SP/RJ,1.3046135092382138,keep_tide_SSH_total,True
-22.2,-41.0,182,141,0.7747252747252747,SP/RJ,1.358136485523053,keep_tide_SSH_total,True
-22.2,-40.8,167,120,0.718562874251497,SP/RJ,1.3659453537060828,keep_tide_SSH_total,True
-22.2,-40.6,145,97,0.6689655172413793,SP/RJ,1.3668524094535364,keep_tide_SSH_total,True
-22.0,-40.8,168,129,0.7678571428571429,SP/RJ,1.224761256753307,keep_tide_SSH_total,True
-22.0,-40.6,157,120,0.7643312101910829,SP/RJ,1.2972350472043614,keep_tide_SSH_total,True
-21.8,-40.8,141,94,0.6666666666666666,SP/RJ,1.0250551361373643,keep_tide_SSH_total,True
-21.8,-40.6,140,98,0.7,SP/RJ,1.1584515765743786,keep_tide_SSH_total,True
-21.6,-40.8,114,70,0.6140350877192983,SP/RJ,0.935520798171786,zos_only,False
-21.6,-40.6,122,77,0.6311475409836066,SP/RJ,1.0524702225291225,keep_tide_SSH_total,True
-21.4,-40.8,107,63,0.5887850467289719,SP/RJ,0.903244283340992,zos_only,False
-21.4,-40.6,119,75,0.6302521008403361,SP/RJ,0.9881861054859516,zos_only,False
-21.2,-40.8,102,64,0.6274509803921569,SP/RJ,0.8983832878618607,zos_only,False
-21.2,-40.6,120,73,0.6083333333333333,SP/RJ,0.9450081930967577,zos_only,False
-21.2,-40.4,103,51,0.49514563106796117,SP/RJ,0.996445070711092,zos_only,False
-21.0,-40.8,113,83,0.7345132743362832,SP/RJ,0.8831281923524816,zos_only,False
-21.0,-40.6,123,81,0.6585365853658537,SP/RJ,0.9005197674825787,zos_only,False
-21.0,-40.4,114,61,0.5350877192982456,SP/RJ,0.9665453129089614,zos_only,False
-21.0,-40.2,88,45,0.5113636363636364,SP/RJ,1.0300778037244358,keep_tide_SSH_total,True
-21.0,-29.4,56,8,0.14285714285714285,SP/RJ,1.3912041968129167,keep_tide_SSH_total,True
-21.0,-29.2,55,8,0.14545454545454545,SP/RJ,1.401966287078748,keep_tide_SSH_total,True
-20.8,-40.4,113,67,0.5929203539823009,SP/RJ,0.9398382991741848,zos_only,False
-20.8,-40.2,103,53,0.5145631067961165,SP/RJ,0.9968434888944042,zos_only,False
-20.8,-40.0,84,32,0.38095238095238093,SP/RJ,1.0458841962016472,keep_tide_SSH_total,True
-20.8,-29.6,58,9,0.15517241379310345,SP/RJ,1.3426747940754402,keep_tide_SSH_total,True
-20.8,-29.4,56,9,0.16071428571428573,SP/RJ,1.3597232529071466,keep_tide_SSH_total,True
-20.8,-29.2,52,7,0.1346153846153846,SP/RJ,1.377498351238808,keep_tide_SSH_total,True
-20.8,-29.0,51,9,0.17647058823529413,SP/RJ,1.3843248050283,keep_tide_SSH_total,True
-20.8,-28.8,52,10,0.19230769230769232,SP/RJ,1.389025652810726,keep_tide_SSH_total,True
-20.8,-28.6,47,10,0.2127659574468085,SP/RJ,1.3996031309084105,keep_tide_SSH_total,True
-20.6,-40.4,120,76,0.6333333333333333,SP/RJ,0.890596706712834,zos_only,False
-20.6,-40.2,113,63,0.5575221238938053,SP/RJ,0.9374614873276552,zos_only,False
-20.6,-40.0,90,41,0.45555555555555555,SP/RJ,0.9994886650740076,zos_only,False
-20.6,-29.8,56,8,0.14285714285714285,SP/RJ,1.303700965862186,keep_tide_SSH_total,True
-20.6,-29.6,57,8,0.14035087719298245,SP/RJ,1.3097260086471505,keep_tide_SSH_total,True
-20.6,-29.4,54,6,0.1111111111111111,SP/RJ,1.3269814664874653,keep_tide_SSH_total,True
-20.6,-29.2,50,6,0.12,SP/RJ,1.335076923726683,keep_tide_SSH_total,True
-20.6,-29.0,47,10,0.2127659574468085,SP/RJ,1.3503684104678524,keep_tide_SSH_total,True
-20.6,-28.8,49,11,0.22448979591836735,SP/RJ,1.361539992791974,keep_tide_SSH_total,True
-20.6,-28.6,47,11,0.23404255319148937,SP/RJ,1.365163348624545,keep_tide_SSH_total,True
-20.4,-40.2,118,71,0.6016949152542372,SP/RJ,0.8685931567915068,zos_only,False
-20.4,-40.0,105,53,0.5047619047619047,SP/RJ,0.9778569771888512,zos_only,False
-20.4,-39.8,83,34,0.40963855421686746,SP/RJ,1.0249461346085875,keep_tide_SSH_total,True
-20.4,-29.6,54,8,0.14814814814814814,SP/RJ,1.2837532377679044,keep_tide_SSH_total,True
-20.4,-29.4,53,10,0.18867924528301888,SP/RJ,1.2868635114706828,keep_tide_SSH_total,True
-20.4,-29.2,48,8,0.16666666666666666,SP/RJ,1.2907674429867084,keep_tide_SSH_total,True
-20.4,-29.0,47,10,0.2127659574468085,SP/RJ,1.294898202440833,keep_tide_SSH_total,True
-20.4,-28.8,50,12,0.24,SP/RJ,1.310091847098208,keep_tide_SSH_total,True
-20.4,-28.6,47,13,0.2765957446808511,SP/RJ,1.3287186560031556,keep_tide_SSH_total,True
-20.2,-40.0,108,57,0.5277777777777778,SP/RJ,0.9675501099080374,zos_only,False
-20.2,-39.8,93,42,0.45161290322580644,SP/RJ,1.0088447462881904,keep_tide_SSH_total,True
-20.2,-29.6,52,10,0.19230769230769232,SP/RJ,1.25939711558221,keep_tide_SSH_total,True
-20.2,-29.4,53,10,0.18867924528301888,SP/RJ,1.259247253756462,keep_tide_SSH_total,True
-20.2,-29.2,48,9,0.1875,SP/RJ,1.2667122998014766,keep_tide_SSH_total,True
-20.2,-29.0,49,11,0.22448979591836735,SP/RJ,1.2765316970540364,keep_tide_SSH_total,True
-20.2,-28.8,47,12,0.2553191489361702,SP/RJ,1.2861530295682573,keep_tide_SSH_total,True
-20.2,-28.6,47,12,0.2553191489361702,SP/RJ,1.297723245018687,keep_tide_SSH_total,True
-20.0,-40.0,116,73,0.6293103448275862,ES/BA-S,0.9719613674541636,zos_only,False
-20.0,-39.8,104,57,0.5480769230769231,ES/BA-S,1.0037628714076774,keep_tide_SSH_total,True
-20.0,-39.6,77,31,0.4025974025974026,ES/BA-S,1.0320336017960496,keep_tide_SSH_total,True
-19.8,-40.0,129,91,0.7054263565891473,ES/BA-S,0.9018337954593204,zos_only,False
-19.8,-39.8,121,72,0.5950413223140496,ES/BA-S,0.9708267433544726,zos_only,False
-19.8,-39.6,100,53,0.53,ES/BA-S,1.0190195020879222,keep_tide_SSH_total,True
-19.8,-39.4,80,36,0.45,ES/BA-S,1.0356354134214036,keep_tide_SSH_total,True
-19.6,-39.6,111,65,0.5855855855855856,ES/BA-S,0.93263857855918,zos_only,False
-19.6,-39.4,93,50,0.5376344086021505,ES/BA-S,0.9593777616463124,zos_only,False
-19.4,-39.6,110,65,0.5909090909090909,ES/BA-S,0.716817906234917,zos_only,False
-19.4,-39.4,93,51,0.5483870967741935,ES/BA-S,0.8184894544515263,zos_only,False
-19.2,-39.6,95,54,0.5684210526315789,ES/BA-S,0.5887215630096693,zos_only,False
-19.2,-39.4,94,49,0.5212765957446809,ES/BA-S,0.7020446606275875,zos_only,False
-19.0,-39.6,91,49,0.5384615384615384,ES/BA-S,0.5053713819923957,zos_only,False
-19.0,-39.4,95,51,0.5368421052631579,ES/BA-S,0.6157764029752542,zos_only,False
-18.8,-39.6,95,52,0.5473684210526316,ES/BA-S,0.4186094667944329,zos_only,False
-18.8,-39.4,91,47,0.5164835164835165,ES/BA-S,0.5333614851904931,zos_only,False
-18.6,-39.6,100,59,0.59,ES/BA-S,0.3980609224662748,zos_only,False
-18.6,-39.4,93,51,0.5483870967741935,ES/BA-S,0.4903198724899674,zos_only,False
-18.4,-39.6,100,61,0.61,ES/BA-S,0.4119822386086445,zos_only,False
-18.4,-39.4,100,58,0.58,ES/BA-S,0.4787723704255047,zos_only,False
-18.2,-39.4,105,69,0.6571428571428571,ES/BA-S,0.4435044134583774,zos_only,False
-18.2,-39.2,97,62,0.6391752577319587,ES/BA-S,0.4979174602664106,zos_only,False
-18.2,-39.0,91,59,0.6483516483516484,ES/BA-S,0.5455447584323284,zos_only,False
-18.0,-39.4,109,73,0.6697247706422018,ES/BA-S,0.4071468518687575,zos_only,False
-18.0,-39.2,107,72,0.6728971962616822,ES/BA-S,0.488017551656135,zos_only,False
-18.0,-39.0,103,70,0.6796116504854369,ES/BA-S,0.5314918732492971,zos_only,False
-18.0,-38.8,99,64,0.6464646464646465,ES/BA-S,0.5375488498472994,zos_only,False
-17.8,-39.0,104,73,0.7019230769230769,ES/BA-S,0.4898709374737814,zos_only,False
-17.8,-38.8,87,55,0.632183908045977,ES/BA-S,0.4992614553105539,zos_only,False
-17.6,-39.0,92,63,0.6847826086956522,ES/BA-S,0.4041363339877795,zos_only,False
-17.6,-38.8,73,42,0.5753424657534246,ES/BA-S,0.5025008861688791,zos_only,False
-17.4,-39.0,75,41,0.5466666666666666,ES/BA-S,0.4455534224958452,zos_only,False
-17.4,-38.8,67,37,0.5522388059701493,ES/BA-S,0.548536338134457,zos_only,False
-17.2,-39.0,77,40,0.5194805194805194,ES/BA-S,0.5016910353666312,zos_only,False
-17.2,-38.8,70,32,0.45714285714285713,ES/BA-S,0.5727606714189297,zos_only,False
-17.0,-39.0,77,43,0.5584415584415584,ES/BA-S,0.5101800428171601,zos_only,False
-17.0,-38.8,70,32,0.45714285714285713,ES/BA-S,0.5940864843133268,zos_only,False
-16.8,-39.0,77,40,0.5194805194805194,ES/BA-S,0.5260647672387787,zos_only,False
-16.8,-38.8,71,32,0.4507042253521127,ES/BA-S,0.6110067694805056,zos_only,False
-16.6,-39.0,83,44,0.5301204819277109,ES/BA-S,0.4755700344232424,zos_only,False
-16.6,-38.8,73,32,0.4383561643835616,ES/BA-S,0.6176397137414593,zos_only,False
-16.4,-38.8,78,41,0.5256410256410257,ES/BA-S,0.6001594380097669,zos_only,False
-16.4,-38.6,68,31,0.45588235294117646,ES/BA-S,0.6512301753379388,zos_only,False
-16.2,-38.8,81,42,0.5185185185185185,ES/BA-S,0.5406009387606713,zos_only,False
-16.2,-38.6,74,33,0.44594594594594594,ES/BA-S,0.6314129028601473,zos_only,False
-16.0,-38.8,84,45,0.5357142857142857,ES/BA-S,0.5255336804392627,zos_only,False
-16.0,-38.6,72,31,0.4305555555555556,ES/BA-S,0.6258667640418539,zos_only,False
-15.8,-38.8,74,36,0.4864864864864865,ES/BA-S,0.499765228114388,zos_only,False
-15.8,-38.6,62,23,0.3709677419354839,ES/BA-S,0.637843421917859,zos_only,False
-15.8,-38.4,53,14,0.2641509433962264,ES/BA-S,0.6393923096558285,zos_only,False
-15.6,-38.8,68,27,0.39705882352941174,ES/BA-S,0.5383791971120655,zos_only,False
-15.6,-38.6,57,18,0.3157894736842105,ES/BA-S,0.6307135879617667,zos_only,False
-15.4,-38.8,64,24,0.375,ES/BA-S,0.5721035239133562,zos_only,False
-15.4,-38.6,54,14,0.25925925925925924,ES/BA-S,0.6247289219901955,zos_only,False
-15.2,-38.8,61,19,0.3114754098360656,ES/BA-S,0.5653087154042726,zos_only,False
-15.2,-38.6,53,10,0.18867924528301888,ES/BA-S,0.6228739374086361,zos_only,False
-15.0,-38.8,61,14,0.22950819672131148,BA-N,0.5867901162889463,zos_only,False
-15.0,-38.6,53,7,0.1320754716981132,BA-N,0.6205130741130989,zos_only,False
-14.8,-38.8,60,12,0.2,BA-N,0.5901512093433671,zos_only,False
-14.8,-38.6,53,8,0.1509433962264151,BA-N,0.624548034631908,zos_only,False
-14.6,-38.8,58,12,0.20689655172413793,BA-N,0.6003076990484048,zos_only,False
-14.6,-38.6,53,8,0.1509433962264151,BA-N,0.6293704434530674,zos_only,False
-14.4,-38.8,58,14,0.2413793103448276,BA-N,0.6039543977436002,zos_only,False
-14.4,-38.6,50,8,0.16,BA-N,0.6333491238273813,zos_only,False
-14.2,-38.8,60,15,0.25,BA-N,0.5860712662388979,zos_only,False
-14.2,-38.6,48,9,0.1875,BA-N,0.6306110320514746,zos_only,False
-14.0,-38.8,65,17,0.26153846153846155,BA-N,0.5710709191093042,zos_only,False
-14.0,-38.6,55,11,0.2,BA-N,0.6271637818888026,zos_only,False
-13.8,-38.8,63,18,0.2857142857142857,BA-N,0.5544627673801764,zos_only,False
-13.8,-38.6,59,13,0.22033898305084745,BA-N,0.6280593986890742,zos_only,False
-13.6,-38.8,64,20,0.3125,BA-N,0.5501075862460686,zos_only,False
-13.6,-38.6,60,15,0.25,BA-N,0.625456075774874,zos_only,False
-13.4,-38.8,66,26,0.3939393939393939,BA-N,0.5510194203373967,zos_only,False
-13.4,-38.6,64,22,0.34375,BA-N,0.6274591173231495,zos_only,False
-13.4,-38.4,57,15,0.2631578947368421,BA-N,0.641032454564642,zos_only,False
-13.2,-38.6,68,29,0.4264705882352941,BA-N,0.6345173913293651,zos_only,False
-13.2,-38.4,62,23,0.3709677419354839,BA-N,0.6418594883532767,zos_only,False
-13.2,-38.2,55,15,0.2727272727272727,BA-N,0.6404490942887395,zos_only,False
-13.2,-38.0,49,10,0.20408163265306123,BA-N,0.6436403153714305,zos_only,False
-13.0,-38.4,66,33,0.5,BA-N,0.635246028510024,zos_only,False
-13.0,-38.2,63,23,0.36507936507936506,BA-N,0.6424374710768702,zos_only,False
-13.0,-38.0,56,16,0.2857142857142857,BA-N,0.6405869052899299,zos_only,False
-13.0,-37.8,48,12,0.25,BA-N,0.6437096881287794,zos_only,False
-12.8,-38.0,61,21,0.3442622950819672,BA-N,0.6331270798447443,zos_only,False
-12.8,-37.8,53,14,0.2641509433962264,BA-N,0.6363539249653277,zos_only,False
-12.6,-37.8,60,20,0.3333333333333333,BA-N,0.6265425219514407,zos_only,False
-12.6,-37.6,54,15,0.2777777777777778,BA-N,0.6349745374623751,zos_only,False
-12.4,-37.8,63,23,0.36507936507936506,BA-N,0.5438844925431822,zos_only,False
-12.4,-37.6,58,18,0.3103448275862069,BA-N,0.6237987153007517,zos_only,False
-12.4,-37.4,52,15,0.28846153846153844,BA-N,0.6346881170679235,zos_only,False
-12.2,-37.6,61,23,0.3770491803278688,BA-N,0.589696473241386,zos_only,False
-12.2,-37.4,54,17,0.3148148148148148,BA-N,0.6287477941947026,zos_only,False
-12.0,-37.4,59,19,0.3220338983050847,BA-N,0.6206979926874748,zos_only,False
-12.0,-37.2,51,12,0.23529411764705882,BA-N,0.6292486750072629,zos_only,False
-11.8,-37.4,60,17,0.2833333333333333,BA-N,0.593694625446884,zos_only,False
-11.8,-37.2,56,15,0.26785714285714285,BA-N,0.6238833569717914,zos_only,False
-11.6,-37.4,65,20,0.3076923076923077,BA-N,0.4905977545021784,zos_only,False
-11.6,-37.2,58,17,0.29310344827586204,BA-N,0.6051611093879231,zos_only,False
-11.6,-37.0,51,11,0.21568627450980393,BA-N,0.6291850436860318,zos_only,False
-11.4,-37.2,62,17,0.27419354838709675,BA-N,0.5572708266608896,zos_only,False
-11.4,-37.0,56,15,0.26785714285714285,BA-N,0.6247700261353173,zos_only,False
-11.4,-36.8,47,8,0.1702127659574468,BA-N,0.6305081462934304,zos_only,False
-11.2,-37.0,58,17,0.29310344827586204,BA-N,0.5844050183989092,zos_only,False
-11.2,-36.8,50,10,0.2,BA-N,0.6266187354209944,zos_only,False
-11.0,-37.0,56,17,0.30357142857142855,BA-N,0.4573113396959131,zos_only,False
-11.0,-36.8,55,15,0.2727272727272727,BA-N,0.6279098762381033,zos_only,False
-11.0,-36.6,48,11,0.22916666666666666,BA-N,0.6247675582135941,zos_only,False
-10.8,-36.8,59,17,0.288135593220339,BA-N,0.5026222962030704,zos_only,False
-10.8,-36.6,53,13,0.24528301886792453,BA-N,0.6014571571575374,zos_only,False
-10.8,-36.4,47,10,0.2127659574468085,BA-N,0.6224780025056944,zos_only,False
-10.8,-36.2,44,5,0.11363636363636363,BA-N,0.6287105898053885,zos_only,False
-10.6,-36.6,54,21,0.3888888888888889,BA-N,0.5503384505729976,zos_only,False
-10.6,-36.4,54,16,0.2962962962962963,BA-N,0.6064751645109756,zos_only,False
-10.6,-36.2,52,11,0.21153846153846154,BA-N,0.6226573311518572,zos_only,False
-10.6,-36.0,48,6,0.125,BA-N,0.6303052031396704,zos_only,False
-10.4,-36.2,53,14,0.2641509433962264,BA-N,0.5415923301077351,zos_only,False
-10.4,-36.0,51,12,0.23529411764705882,BA-N,0.619249976663267,zos_only,False
-10.4,-35.8,48,8,0.16666666666666666,BA-N,0.6263964983036467,zos_only,False
-10.2,-36.0,59,13,0.22033898305084745,BA-N,0.5721427141036775,zos_only,False
-10.2,-35.8,52,10,0.19230769230769232,BA-N,0.6229049167901187,zos_only,False
-10.2,-35.6,48,7,0.14583333333333334,BA-N,0.6271421182863226,zos_only,False
-10.0,-35.8,58,15,0.25862068965517243,NE,0.5729428068364528,zos_only,False
-10.0,-35.6,50,11,0.22,NE,0.6228171128152186,zos_only,False
-10.0,-35.4,47,6,0.1276595744680851,NE,0.6260803567638742,zos_only,False
-9.8,-35.8,57,14,0.24561403508771928,NE,0.5961492120315269,zos_only,False
-9.8,-35.6,53,13,0.24528301886792453,NE,0.6074053094192169,zos_only,False
-9.8,-35.4,48,11,0.22916666666666666,NE,0.6194860379730462,zos_only,False
-9.6,-35.6,51,14,0.27450980392156865,NE,0.4484312875632157,zos_only,False
-9.6,-35.4,50,11,0.22,NE,0.5773104346060448,zos_only,False
-9.6,-35.2,48,9,0.1875,NE,0.6016765217706306,zos_only,False
-9.4,-35.4,52,13,0.25,NE,0.4346069916472803,zos_only,False
-9.4,-35.2,50,10,0.2,NE,0.5681583256974929,zos_only,False
-9.4,-35.0,47,8,0.1702127659574468,NE,0.5996969284872394,zos_only,False
-9.2,-35.2,55,10,0.18181818181818182,NE,0.4895852495973124,zos_only,False
-9.2,-35.0,52,9,0.17307692307692307,NE,0.5752206887147253,zos_only,False
-9.2,-34.8,49,5,0.10204081632653061,NE,0.5979410603110058,zos_only,False
-9.0,-35.0,54,7,0.12962962962962962,NE,0.5559192823506793,zos_only,False
-9.0,-34.8,53,9,0.16981132075471697,NE,0.5903748896338995,zos_only,False
-8.8,-35.0,56,9,0.16071428571428573,NE,0.5152151634437345,zos_only,False
-8.8,-34.8,55,11,0.2,NE,0.5825274312870419,zos_only,False
-8.6,-34.8,57,11,0.19298245614035087,NE,0.5682254715998162,zos_only,False
-8.6,-34.6,55,9,0.16363636363636364,NE,0.5954066452705328,zos_only,False
-8.4,-34.8,63,13,0.20634920634920634,NE,0.5188322340624614,zos_only,False
-8.4,-34.6,57,10,0.17543859649122806,NE,0.5846208927624936,zos_only,False
-8.2,-34.8,64,13,0.203125,NE,0.5356699820912425,zos_only,False
-8.2,-34.6,63,12,0.19047619047619047,NE,0.5716891538872682,zos_only,False
-8.0,-34.8,67,13,0.19402985074626866,NE,0.4964835001870669,zos_only,False
-8.0,-34.6,66,11,0.16666666666666666,NE,0.551514676576915,zos_only,False
-8.0,-34.4,64,10,0.15625,NE,0.5938343538485904,zos_only,False
-7.8,-34.8,72,14,0.19444444444444445,NE,0.4530282271211552,zos_only,False
-7.8,-34.6,68,12,0.17647058823529413,NE,0.5167791039572154,zos_only,False
-7.8,-34.4,65,11,0.16923076923076924,NE,0.5881223242836133,zos_only,False
-7.6,-34.8,65,12,0.18461538461538463,NE,0.3671996402741067,zos_only,False
-7.6,-34.6,68,10,0.14705882352941177,NE,0.4762321151146781,zos_only,False
-7.6,-34.4,66,11,0.16666666666666666,NE,0.5815874529058966,zos_only,False
-7.4,-34.6,66,12,0.18181818181818182,NE,0.4810271525118112,zos_only,False
-7.4,-34.4,70,12,0.17142857142857143,NE,0.5799506945866202,zos_only,False
-7.2,-34.6,65,13,0.2,NE,0.4956264113242651,zos_only,False
-7.2,-34.4,65,13,0.2,NE,0.5740675061865953,zos_only,False
-7.0,-34.8,68,12,0.17647058823529413,NE,0.3441452030762857,zos_only,False
-7.0,-34.6,63,13,0.20634920634920634,NE,0.5180418334994529,zos_only,False
-7.0,-34.4,66,12,0.18181818181818182,NE,0.5636362462987676,zos_only,False
-6.8,-34.8,64,11,0.171875,NE,0.3639690668231483,zos_only,False
-6.8,-34.6,63,11,0.1746031746031746,NE,0.5392074515251429,zos_only,False
-6.6,-34.8,63,11,0.1746031746031746,NE,0.4553956698825077,zos_only,False
-6.6,-34.6,60,11,0.18333333333333332,NE,0.5390369681967189,zos_only,False
-6.4,-34.8,62,10,0.16129032258064516,NE,0.496189617552866,zos_only,False
-6.4,-34.6,62,10,0.16129032258064516,NE,0.5509869670464446,zos_only,False
-6.2,-35.0,71,12,0.16901408450704225,NE,0.3717599805954366,zos_only,False
-6.2,-34.8,59,10,0.1694915254237288,NE,0.5155631754072596,zos_only,False
-6.2,-34.6,65,12,0.18461538461538463,NE,0.5568838764616394,zos_only,False
-6.0,-35.0,67,10,0.14925373134328357,NE,0.4526184069513261,zos_only,False
-6.0,-34.8,67,10,0.14925373134328357,NE,0.5234709642475445,zos_only,False
-5.8,-35.0,74,10,0.13513513513513514,NE,0.4639645206719832,zos_only,False
-5.8,-34.8,65,11,0.16923076923076924,NE,0.5324736258666249,zos_only,False
-5.6,-35.0,69,11,0.15942028985507245,NE,0.4871993768427913,zos_only,False
-5.6,-34.8,63,11,0.1746031746031746,NE,0.5440013082707393,zos_only,False
-5.4,-35.2,72,10,0.1388888888888889,NE,0.4476989840775809,zos_only,False
-5.4,-35.0,69,9,0.13043478260869565,NE,0.5207424970347398,zos_only,False
-5.4,-34.8,61,10,0.16393442622950818,NE,0.5534303201277933,zos_only,False
-5.2,-35.4,70,7,0.1,NE,0.3793010516022632,zos_only,False
-5.2,-35.2,71,10,0.14084507042253522,NE,0.4621333905451925,zos_only,False
-5.2,-35.0,74,11,0.14864864864864866,NE,0.5312138967554839,zos_only,False
-5.0,-36.6,68,11,0.16176470588235295,N_equatorial,0.3092360379405386,zos_only,False
-5.0,-36.2,78,7,0.08974358974358974,N_equatorial,0.2619674286371806,zos_only,False
-5.0,-35.6,77,6,0.07792207792207792,N_equatorial,0.3641916217384731,zos_only,False
-5.0,-35.4,71,5,0.07042253521126761,N_equatorial,0.4192149212201044,zos_only,False
-5.0,-35.2,67,6,0.08955223880597014,N_equatorial,0.4813427990729793,zos_only,False
-5.0,-35.0,66,8,0.12121212121212122,N_equatorial,0.5364839789165716,zos_only,False
-4.8,-37.2,90,9,0.1,N_equatorial,0.2367679170790302,zos_only,False
-4.8,-37.0,84,8,0.09523809523809523,N_equatorial,0.3498896216002287,zos_only,False
-4.8,-36.8,84,6,0.07142857142857142,N_equatorial,0.3818273416166943,zos_only,False
-4.8,-36.6,82,7,0.08536585365853659,N_equatorial,0.404025707733903,zos_only,False
-4.8,-36.4,76,9,0.11842105263157894,N_equatorial,0.4231225441061387,zos_only,False
-4.8,-36.2,75,8,0.10666666666666667,N_equatorial,0.425742707027345,zos_only,False
-4.8,-36.0,73,8,0.1095890410958904,N_equatorial,0.4309159371245252,zos_only,False
-4.8,-35.8,76,6,0.07894736842105263,N_equatorial,0.4378082341557485,zos_only,False
-4.8,-35.6,65,7,0.1076923076923077,N_equatorial,0.4541521457014365,zos_only,False
-4.8,-35.4,63,5,0.07936507936507936,N_equatorial,0.4812512717551212,zos_only,False
-4.6,-37.4,90,10,0.1111111111111111,N_equatorial,0.3112048226544039,zos_only,False
-4.6,-37.2,85,6,0.07058823529411765,N_equatorial,0.3882813781219934,zos_only,False
-4.6,-37.0,83,6,0.07228915662650602,N_equatorial,0.4358131971987073,zos_only,False
-4.6,-36.8,79,5,0.06329113924050633,N_equatorial,0.4557223614532873,zos_only,False
-4.6,-36.6,80,6,0.075,N_equatorial,0.4567865506820893,zos_only,False
-4.6,-36.0,74,5,0.06756756756756757,N_equatorial,0.4639320853299182,zos_only,False
-4.4,-37.6,85,8,0.09411764705882353,N_equatorial,0.352599460975278,zos_only,False
-4.4,-37.4,88,8,0.09090909090909091,N_equatorial,0.4098745169404163,zos_only,False
-4.4,-37.2,87,6,0.06896551724137931,N_equatorial,0.4526546773722907,zos_only,False
-4.4,-37.0,82,6,0.07317073170731707,N_equatorial,0.471476804808077,zos_only,False
-4.2,-37.8,86,8,0.09302325581395349,N_equatorial,0.3345370732616947,zos_only,False
-4.2,-37.6,85,10,0.11764705882352941,N_equatorial,0.3970452107988749,zos_only,False
-4.2,-37.4,84,10,0.11904761904761904,N_equatorial,0.4599212448277702,zos_only,False
-4.2,-32.6,64,6,0.09375,N_equatorial,0.5936627485743694,zos_only,False
-4.2,-32.4,61,9,0.14754098360655737,N_equatorial,0.5941793221182389,zos_only,False
-4.2,-32.2,63,11,0.1746031746031746,N_equatorial,0.5981541575738235,zos_only,False
-4.0,-38.0,85,11,0.12941176470588237,N_equatorial,0.3485704943572901,zos_only,False
-4.0,-37.8,85,9,0.10588235294117647,N_equatorial,0.3929591173107212,zos_only,False
-4.0,-37.6,85,9,0.10588235294117647,N_equatorial,0.4576649825901175,zos_only,False
-4.0,-32.8,63,7,0.1111111111111111,N_equatorial,0.5897773512148844,zos_only,False
-4.0,-32.6,63,8,0.12698412698412698,N_equatorial,0.5883331946703647,zos_only,False
-4.0,-32.4,63,12,0.19047619047619047,N_equatorial,0.588221996875443,zos_only,False
-4.0,-32.2,63,11,0.1746031746031746,N_equatorial,0.593026702209404,zos_only,False
-4.0,-32.0,65,12,0.18461538461538463,N_equatorial,0.5994878771711486,zos_only,False
-3.8,-38.2,91,11,0.12087912087912088,N_equatorial,0.3677959657265796,zos_only,False
-3.8,-38.0,91,11,0.12087912087912088,N_equatorial,0.4116565043417126,zos_only,False
-3.8,-32.8,62,6,0.0967741935483871,N_equatorial,0.5693204020055153,zos_only,False
-3.8,-32.6,60,6,0.1,N_equatorial,0.5454976379883532,zos_only,False
-3.8,-32.4,64,9,0.140625,N_equatorial,0.5367479905619916,zos_only,False
-3.8,-32.2,66,11,0.16666666666666666,N_equatorial,0.5829833571741226,zos_only,False
-3.8,-32.0,65,13,0.2,N_equatorial,0.5948553561733638,zos_only,False
-3.6,-38.6,90,10,0.1111111111111111,N_equatorial,0.34062004995925,zos_only,False
-3.6,-38.4,92,12,0.13043478260869565,N_equatorial,0.3796763430115384,zos_only,False
-3.6,-38.2,86,11,0.12790697674418605,N_equatorial,0.4212661835737653,zos_only,False
-3.6,-38.0,91,13,0.14285714285714285,N_equatorial,0.4547114512180537,zos_only,False
-3.6,-32.8,64,7,0.109375,N_equatorial,0.5629414737385012,zos_only,False
-3.6,-32.6,58,6,0.10344827586206896,N_equatorial,0.5480299912269768,zos_only,False
-3.6,-32.4,62,7,0.11290322580645161,N_equatorial,0.5420294795288375,zos_only,False
-3.6,-32.2,63,8,0.12698412698412698,N_equatorial,0.5688975189200715,zos_only,False
-3.6,-32.0,60,8,0.13333333333333333,N_equatorial,0.5900802502569774,zos_only,False
-3.4,-38.8,91,10,0.10989010989010989,N_equatorial,0.3797673351687666,zos_only,False
-3.4,-38.6,88,13,0.14772727272727273,N_equatorial,0.410969705666984,zos_only,False
-3.4,-38.4,90,14,0.15555555555555556,N_equatorial,0.4417406559764786,zos_only,False
-3.4,-38.2,87,11,0.12643678160919541,N_equatorial,0.4691621978948974,zos_only,False
-3.4,-32.4,59,5,0.0847457627118644,N_equatorial,0.5533695929910724,zos_only,False
-3.2,-39.2,96,10,0.10416666666666667,N_equatorial,0.3224942960588641,zos_only,False
-3.2,-39.0,88,9,0.10227272727272728,N_equatorial,0.3931024550726213,zos_only,False
-3.2,-38.8,88,10,0.11363636363636363,N_equatorial,0.4393935716683022,zos_only,False
-3.2,-38.6,89,11,0.12359550561797752,N_equatorial,0.4700998677028359,zos_only,False
-3.0,-39.4,101,15,0.1485148514851485,N_equatorial,0.3540240566634973,zos_only,False
-3.0,-39.2,90,11,0.12222222222222222,N_equatorial,0.4071348344616056,zos_only,False
-3.0,-39.0,91,12,0.13186813186813187,N_equatorial,0.4568181425692084,zos_only,False
-3.0,-38.8,89,14,0.15730337078651685,N_equatorial,0.482538135557999,zos_only,False
-2.8,-41.6,98,20,0.20408163265306123,N_equatorial,0.2464925529605277,zos_only,False
-2.8,-41.4,89,16,0.1797752808988764,N_equatorial,0.2607186376874097,zos_only,False
-2.8,-41.2,85,10,0.11764705882352941,N_equatorial,0.2987747670600491,zos_only,False
-2.8,-41.0,84,6,0.07142857142857142,N_equatorial,0.2905964283909338,zos_only,False
-2.8,-40.8,87,7,0.08045977011494253,N_equatorial,0.2748467757245246,zos_only,False
-2.8,-40.6,88,8,0.09090909090909091,N_equatorial,0.2700909323846692,zos_only,False
-2.8,-40.4,88,8,0.09090909090909091,N_equatorial,0.2995736872133073,zos_only,False
-2.8,-40.2,90,9,0.1,N_equatorial,0.3232326393308795,zos_only,False
-2.8,-40.0,82,7,0.08536585365853659,N_equatorial,0.3320566725989168,zos_only,False
-2.8,-39.8,91,13,0.14285714285714285,N_equatorial,0.3561115175725106,zos_only,False
-2.8,-39.6,97,16,0.16494845360824742,N_equatorial,0.3896345775872744,zos_only,False
-2.8,-39.4,97,15,0.15463917525773196,N_equatorial,0.4235429117130896,zos_only,False
-2.8,-39.2,96,13,0.13541666666666666,N_equatorial,0.4634519739885177,zos_only,False
-2.6,-42.4,98,16,0.16326530612244897,N_equatorial,0.323696313270656,zos_only,False
-2.6,-42.2,101,17,0.16831683168316833,N_equatorial,0.3187799673980627,zos_only,False
-2.6,-42.0,100,18,0.18,N_equatorial,0.319496006429432,zos_only,False
-2.6,-41.8,100,17,0.17,N_equatorial,0.3202937702080989,zos_only,False
-2.6,-41.6,99,17,0.1717171717171717,N_equatorial,0.3534109881337051,zos_only,False
-2.6,-41.4,91,16,0.17582417582417584,N_equatorial,0.3176705363930847,zos_only,False
-2.6,-41.2,84,14,0.16666666666666666,N_equatorial,0.375664330076655,zos_only,False
-2.6,-41.0,86,15,0.1744186046511628,N_equatorial,0.3543848024517215,zos_only,False
-2.6,-40.8,84,13,0.15476190476190477,N_equatorial,0.3309025950380542,zos_only,False
-2.6,-40.6,81,15,0.18518518518518517,N_equatorial,0.3834642329014995,zos_only,False
-2.6,-40.4,80,14,0.175,N_equatorial,0.3882106716860412,zos_only,False
-2.6,-40.2,84,12,0.14285714285714285,N_equatorial,0.390514512168597,zos_only,False
-2.6,-40.0,89,14,0.15730337078651685,N_equatorial,0.3976018627772382,zos_only,False
-2.6,-39.8,90,12,0.13333333333333333,N_equatorial,0.4131373764401085,zos_only,False
-2.6,-39.6,96,15,0.15625,N_equatorial,0.4349845814240751,zos_only,False
-2.4,-44.2,102,31,0.30392156862745096,N_equatorial,0.1979193086516136,zos_only,False
-2.4,-44.0,98,24,0.24489795918367346,N_equatorial,0.1507515508398113,zos_only,False
-2.4,-43.0,93,23,0.24731182795698925,N_equatorial,0.3068256242192076,zos_only,False
-2.4,-42.8,89,18,0.20224719101123595,N_equatorial,0.3624802269601694,zos_only,False
-2.4,-42.6,92,16,0.17391304347826086,N_equatorial,0.390210973434086,zos_only,False
-2.4,-42.4,93,16,0.17204301075268819,N_equatorial,0.4391848314403634,zos_only,False
-2.4,-42.2,93,19,0.20430107526881722,N_equatorial,0.4454828209030148,zos_only,False
-2.4,-42.0,93,19,0.20430107526881722,N_equatorial,0.4493215031893126,zos_only,False
-2.4,-41.8,97,18,0.18556701030927836,N_equatorial,0.4521379992798796,zos_only,False
-2.4,-41.6,89,18,0.20224719101123595,N_equatorial,0.4590265672792078,zos_only,False
-2.4,-40.8,76,13,0.17105263157894737,N_equatorial,0.4477022977975166,zos_only,False
-2.4,-40.6,78,14,0.1794871794871795,N_equatorial,0.4435806241001669,zos_only,False
-2.4,-40.4,81,13,0.16049382716049382,N_equatorial,0.4431228386283613,zos_only,False
-2.4,-40.2,83,12,0.14457831325301204,N_equatorial,0.4475469010327547,zos_only,False
-2.4,-40.0,91,16,0.17582417582417584,N_equatorial,0.4574993791252601,zos_only,False
-2.2,-44.2,92,26,0.2826086956521739,N_equatorial,0.2572164430883027,zos_only,False
-2.2,-44.0,96,20,0.20833333333333334,N_equatorial,0.2830495112032385,zos_only,False
-2.2,-43.8,98,21,0.21428571428571427,N_equatorial,0.2796955854905427,zos_only,False
-2.2,-43.6,103,19,0.18446601941747573,N_equatorial,0.3205871360329702,zos_only,False
-2.2,-43.4,98,18,0.1836734693877551,N_equatorial,0.3519990948941242,zos_only,False
-2.2,-43.2,94,18,0.19148936170212766,N_equatorial,0.4005952915336477,zos_only,False
-2.2,-43.0,93,20,0.21505376344086022,N_equatorial,0.4204401585302972,zos_only,False
-2.2,-42.8,96,22,0.22916666666666666,N_equatorial,0.45293620608414,zos_only,False
-2.2,-42.6,96,21,0.21875,N_equatorial,0.4831553826177354,zos_only,False
-2.0,-44.4,97,39,0.4020618556701031,N_equatorial,0.2093561769724664,zos_only,False
-2.0,-44.2,90,28,0.3111111111111111,N_equatorial,0.2733087310416498,zos_only,False
-2.0,-44.0,99,25,0.25252525252525254,N_equatorial,0.312167834804634,zos_only,False
-2.0,-43.8,98,23,0.23469387755102042,N_equatorial,0.3330113402270813,zos_only,False
-2.0,-43.6,93,19,0.20430107526881722,N_equatorial,0.3672850272558089,zos_only,False
-2.0,-43.4,94,19,0.20212765957446807,N_equatorial,0.4080459110906834,zos_only,False
-2.0,-43.2,89,19,0.21348314606741572,N_equatorial,0.4465206589502599,zos_only,False
-2.0,-43.0,92,22,0.2391304347826087,N_equatorial,0.476980292690249,zos_only,False
-1.8,-44.4,100,35,0.35,N_equatorial,0.2123821827368491,zos_only,False
-1.8,-44.2,93,25,0.26881720430107525,N_equatorial,0.2875735172326301,zos_only,False
-1.6,-44.6,107,35,0.32710280373831774,N_equatorial,0.1796056678210712,zos_only,False
-1.6,-44.4,108,31,0.28703703703703703,N_equatorial,0.2190657827349312,zos_only,False
-1.6,-44.2,99,28,0.2828282828282828,N_equatorial,0.2955819319983261,zos_only,False
-1.4,-48.6,107,30,0.2803738317757009,N_equatorial,0.0993066349525442,zos_only,False
-1.4,-45.2,101,20,0.19801980198019803,N_equatorial,0.0987738733127744,zos_only,False
-1.4,-45.0,94,24,0.2553191489361702,N_equatorial,0.0930179759085861,zos_only,False
-1.4,-44.8,109,25,0.22935779816513763,N_equatorial,0.1735617489159562,zos_only,False
-1.4,-44.6,105,25,0.23809523809523808,N_equatorial,0.209519252293364,zos_only,False
-1.4,-44.4,107,29,0.27102803738317754,N_equatorial,0.2615616793817987,zos_only,False
-1.2,-48.6,88,22,0.25,N_equatorial,0.1092156683778286,zos_only,False
-1.2,-45.6,91,19,0.2087912087912088,N_equatorial,0.0844937587703495,zos_only,False
-1.2,-45.4,97,20,0.20618556701030927,N_equatorial,0.2452523655543043,zos_only,False
-1.2,-45.2,94,20,0.2127659574468085,N_equatorial,0.241626280294662,zos_only,False
-1.2,-45.0,94,23,0.24468085106382978,N_equatorial,0.2495411841346284,zos_only,False
-1.2,-44.8,97,26,0.26804123711340205,N_equatorial,0.2772237569948755,zos_only,False
-1.2,-44.6,102,28,0.27450980392156865,N_equatorial,0.2863627774326029,zos_only,False
-1.0,-48.4,96,20,0.20833333333333334,N_equatorial,0.1256222651002302,zos_only,False
-1.0,-46.0,103,22,0.21359223300970873,N_equatorial,0.2133167836772822,zos_only,False
-1.0,-45.8,105,20,0.19047619047619047,N_equatorial,0.2419794847282458,zos_only,False
-1.0,-45.6,100,18,0.18,N_equatorial,0.2560355885936449,zos_only,False
-1.0,-45.4,94,16,0.1702127659574468,N_equatorial,0.2731539350653131,zos_only,False
-1.0,-45.2,94,21,0.22340425531914893,N_equatorial,0.2728655282317754,zos_only,False
-1.0,-45.0,97,25,0.25773195876288657,N_equatorial,0.2783982614324663,zos_only,False
-1.0,-44.8,103,27,0.2621359223300971,N_equatorial,0.2913422658106511,zos_only,False
-1.0,-44.6,96,27,0.28125,N_equatorial,0.3029662724922615,zos_only,False
-0.8,-48.4,93,15,0.16129032258064516,N_equatorial,0.1375136143769566,zos_only,False
-0.8,-48.2,90,19,0.2111111111111111,N_equatorial,0.1265987269662545,zos_only,False
-0.8,-46.6,109,19,0.1743119266055046,N_equatorial,0.2193799757121855,zos_only,False
-0.8,-46.4,101,19,0.18811881188118812,N_equatorial,0.2401453864580764,zos_only,False
-0.8,-46.2,104,24,0.23076923076923078,N_equatorial,0.2271491028124702,zos_only,False
-0.8,-46.0,100,22,0.22,N_equatorial,0.2502848545924505,zos_only,False
-0.8,-45.8,100,20,0.2,N_equatorial,0.266674003573759,zos_only,False
-0.8,-45.6,100,17,0.17,N_equatorial,0.2772164940419647,zos_only,False
-0.8,-45.4,96,16,0.16666666666666666,N_equatorial,0.2816226640824362,zos_only,False
-0.6,-48.4,96,22,0.22916666666666666,N_equatorial,0.1569413362406013,zos_only,False
-0.6,-48.2,94,24,0.2553191489361702,N_equatorial,0.1656439198378087,zos_only,False
-0.6,-48.0,92,24,0.2608695652173913,N_equatorial,0.1417279748148614,zos_only,False
-0.6,-47.2,99,23,0.23232323232323232,N_equatorial,0.2123712734075834,zos_only,False
-0.6,-47.0,92,22,0.2391304347826087,N_equatorial,0.2541791816803125,zos_only,False
-0.6,-46.8,94,20,0.2127659574468085,N_equatorial,0.261729591371267,zos_only,False
-0.6,-46.6,108,20,0.18518518518518517,N_equatorial,0.2636004885962273,zos_only,False
-0.6,-46.4,101,20,0.19801980198019803,N_equatorial,0.2686215973940004,zos_only,False
-0.6,-46.2,108,23,0.21296296296296297,N_equatorial,0.2714813531047326,zos_only,False
-0.6,-46.0,107,25,0.2336448598130841,N_equatorial,0.2765214577926322,zos_only,False
-0.4,-48.2,106,20,0.18867924528301888,N_equatorial,0.2002365340593301,zos_only,False
-0.4,-48.0,103,27,0.2621359223300971,N_equatorial,0.2490935758549206,zos_only,False
-0.4,-47.8,104,30,0.28846153846153844,N_equatorial,0.2583213855638518,zos_only,False
-0.4,-47.6,90,27,0.3,N_equatorial,0.2622892149304028,zos_only,False
-0.4,-47.4,91,23,0.25274725274725274,N_equatorial,0.2745273326768543,zos_only,False
-0.4,-47.2,86,23,0.26744186046511625,N_equatorial,0.274790662066469,zos_only,False
-0.4,-47.0,90,22,0.24444444444444444,N_equatorial,0.2810924689249871,zos_only,False
-0.4,-46.8,100,21,0.21,N_equatorial,0.2771849363900397,zos_only,False
-0.4,-46.6,105,24,0.22857142857142856,N_equatorial,0.2709088835402254,zos_only,False
-0.2,-49.6,111,28,0.25225225225225223,N_equatorial,0.165181552780273,zos_only,False
-0.2,-48.4,110,28,0.2545454545454545,N_equatorial,0.1869297685714283,zos_only,False
-0.2,-48.2,112,28,0.25,N_equatorial,0.2179475474969011,zos_only,False
-0.2,-48.0,91,27,0.2967032967032967,N_equatorial,0.2643789700789499,zos_only,False
-0.2,-47.8,93,29,0.3118279569892473,N_equatorial,0.2794449724322271,zos_only,False
-0.2,-47.6,89,24,0.2696629213483146,N_equatorial,0.2862626163108828,zos_only,False
-0.2,-47.4,87,22,0.25287356321839083,N_equatorial,0.2956850695367632,zos_only,False
-0.2,-47.2,86,23,0.26744186046511625,N_equatorial,0.2994859485075811,zos_only,False
-0.0,-50.4,137,64,0.46715328467153283,AP,0.2125258590207221,zos_only,False
-0.0,-50.2,126,53,0.42063492063492064,AP,0.2279946221654565,zos_only,False
-0.0,-50.0,107,44,0.411214953271028,AP,0.2253156045790303,zos_only,False
-0.0,-49.2,112,41,0.36607142857142855,AP,0.1834265141918388,zos_only,False
-0.0,-49.0,116,41,0.35344827586206895,AP,0.2078298689995691,zos_only,False
-0.0,-48.8,112,38,0.3392857142857143,AP,0.2152334948913106,zos_only,False
-0.0,-48.6,114,38,0.3333333333333333,AP,0.2202497652635909,zos_only,False
-0.0,-48.4,111,33,0.2972972972972973,AP,0.2397357315597955,zos_only,False
-0.0,-48.2,99,31,0.31313131313131315,AP,0.2832709710415821,zos_only,False
0.2,-50.6,109,51,0.46788990825688076,AP,0.1842839218742034,zos_only,False
0.2,-49.6,102,36,0.35294117647058826,AP,0.1504355645148799,zos_only,False
0.2,-49.4,106,40,0.37735849056603776,AP,0.1839170398396746,zos_only,False
0.2,-49.2,106,39,0.36792452830188677,AP,0.2426049556260424,zos_only,False
0.2,-49.0,108,37,0.3425925925925926,AP,0.2503441270669189,zos_only,False
0.2,-48.8,102,38,0.37254901960784315,AP,0.2725988115789267,zos_only,False
0.2,-48.6,102,38,0.37254901960784315,AP,0.3006710020897254,zos_only,False
0.4,-50.0,153,75,0.49019607843137253,AP,0.264631568893048,zos_only,False
0.4,-49.8,106,44,0.41509433962264153,AP,0.148479577859369,zos_only,False
0.4,-49.6,100,36,0.36,AP,0.1435265657230119,zos_only,False
0.4,-49.4,96,38,0.3958333333333333,AP,0.2390281930105928,zos_only,False
0.4,-49.2,98,36,0.3673469387755102,AP,0.2755442447197632,zos_only,False
0.4,-29.4,72,14,0.19444444444444445,AP,0.6203144696189109,zos_only,False
0.6,-50.4,130,69,0.5307692307692308,AP,0.1536242440271437,zos_only,False
0.6,-50.2,128,61,0.4765625,AP,0.1658314015884345,zos_only,False
0.6,-50.0,112,56,0.5,AP,0.2002528384823037,zos_only,False
0.6,-49.8,102,46,0.45098039215686275,AP,0.192261740879033,zos_only,False
0.6,-49.6,96,40,0.4166666666666667,AP,0.2072501289293429,zos_only,False
0.6,-49.4,95,36,0.37894736842105264,AP,0.2685720365677996,zos_only,False
0.6,-49.2,95,37,0.3894736842105263,AP,0.3120240455289472,zos_only,False
0.6,-29.8,72,14,0.19444444444444445,AP,0.6178839567360247,zos_only,False
0.6,-29.6,73,15,0.2054794520547945,AP,0.6200478044684782,zos_only,False
0.6,-29.4,73,13,0.1780821917808219,AP,0.6207651260888964,zos_only,False
0.6,-29.2,73,15,0.2054794520547945,AP,0.6226160329702883,zos_only,False
0.6,-29.0,72,17,0.2361111111111111,AP,0.6244597530091323,zos_only,False
0.8,-50.2,125,66,0.528,AP,0.1552034488148262,zos_only,False
0.8,-50.0,122,63,0.5163934426229508,AP,0.171534944007113,zos_only,False
0.8,-49.8,112,53,0.4732142857142857,AP,0.2314256023075166,zos_only,False
0.8,-49.6,102,46,0.45098039215686275,AP,0.2621733924497179,zos_only,False
0.8,-49.4,92,40,0.43478260869565216,AP,0.3076701708682638,zos_only,False
0.8,-29.8,70,16,0.22857142857142856,AP,0.622072017320902,zos_only,False
0.8,-29.6,72,16,0.2222222222222222,AP,0.6218692913295306,zos_only,False
0.8,-29.4,71,17,0.23943661971830985,AP,0.622102420619132,zos_only,False
0.8,-29.2,70,16,0.22857142857142856,AP,0.6252434338314686,zos_only,False
0.8,-29.0,70,16,0.22857142857142856,AP,0.6277742491742037,zos_only,False
1.0,-50.0,123,65,0.5284552845528455,AP,0.1530239904578211,zos_only,False
1.0,-49.8,100,54,0.54,AP,0.242507517273916,zos_only,False
1.0,-49.6,96,47,0.4895833333333333,AP,0.3086374977875328,zos_only,False
1.0,-29.8,70,16,0.22857142857142856,AP,0.6287393866698476,zos_only,False
1.0,-29.6,74,18,0.24324324324324326,AP,0.6301119594831233,zos_only,False
1.0,-29.4,74,17,0.22972972972972974,AP,0.6321608423896985,zos_only,False
1.0,-29.2,74,17,0.22972972972972974,AP,0.6333723916050995,zos_only,False
1.0,-29.0,73,16,0.2191780821917808,AP,0.634137905169684,zos_only,False
1.2,-49.8,87,44,0.5057471264367817,AP,0.2571288189616835,zos_only,False
1.2,-49.6,80,42,0.525,AP,0.3654866860250644,zos_only,False
1.2,-29.6,75,19,0.25333333333333335,AP,0.6353252736913392,zos_only,False
1.2,-29.4,75,17,0.22666666666666666,AP,0.6367728977241118,zos_only,False
1.2,-29.2,72,15,0.20833333333333334,AP,0.6381726817849929,zos_only,False
1.4,-49.8,68,33,0.4852941176470588,AP,0.2982160814559124,zos_only,False
1.4,-49.6,72,36,0.5,AP,0.3529225102100568,zos_only,False
1.6,-49.8,60,32,0.5333333333333333,AP,0.2760937002973193,zos_only,False
1.6,-49.6,60,30,0.5,AP,0.3246425225658533,zos_only,False
1.8,-50.0,65,36,0.5538461538461539,AP,0.1812159191528295,zos_only,False
1.8,-49.8,70,36,0.5142857142857142,AP,0.2716552457511383,zos_only,False
1.8,-49.6,69,32,0.463768115942029,AP,0.321167510237955,zos_only,False
2.0,-50.2,62,30,0.4838709677419355,AP,0.1904165722586465,zos_only,False
2.0,-50.0,64,34,0.53125,AP,0.231321903757021,zos_only,False
2.0,-49.8,64,31,0.484375,AP,0.2853454536746057,zos_only,False
2.0,-49.6,66,31,0.4696969696969697,AP,0.3202678417714172,zos_only,False
2.2,-50.6,71,36,0.5070422535211268,AP,0.1246714550740763,zos_only,False
2.2,-50.4,65,33,0.5076923076923077,AP,0.1706335294134212,zos_only,False
2.2,-50.2,62,30,0.4838709677419355,AP,0.2334695847079838,zos_only,False
2.2,-50.0,61,29,0.47540983606557374,AP,0.2704802594045398,zos_only,False
2.4,-50.6,70,33,0.4714285714285714,AP,0.1874333206591562,zos_only,False
2.4,-50.4,65,31,0.47692307692307695,AP,0.217152817354155,zos_only,False
2.4,-50.2,67,29,0.43283582089552236,AP,0.2587551700818863,zos_only,False
2.6,-50.8,70,38,0.5428571428571428,AP,0.1612781699203722,zos_only,False
2.6,-50.6,70,33,0.4714285714285714,AP,0.2115622321502105,zos_only,False
2.6,-50.4,68,26,0.38235294117647056,AP,0.2453606756503225,zos_only,False
2.8,-50.8,67,32,0.47761194029850745,AP,0.2111249309936356,zos_only,False
2.8,-50.6,63,23,0.36507936507936506,AP,0.2510928410240197,zos_only,False
3.0,-50.8,62,24,0.3870967741935484,AP,0.2704037279195902,zos_only,False
3.0,-50.6,60,23,0.38333333333333336,AP,0.3007628439647831,zos_only,False
3.2,-50.8,63,25,0.3968253968253968,AP,0.3263777340358095,zos_only,False
3.2,-50.6,66,25,0.3787878787878788,AP,0.3615776584569992,zos_only,False
3.4,-50.8,60,22,0.36666666666666664,AP,0.3761237406226904,zos_only,False
3.6,-51.0,67,22,0.3283582089552239,AP,0.3352095857886513,zos_only,False
3.6,-50.8,64,20,0.3125,AP,0.4129173058087633,zos_only,False
3.8,-51.0,69,24,0.34782608695652173,AP,0.3176205790233027,zos_only,False
3.8,-50.8,69,20,0.2898550724637681,AP,0.4298984548453594,zos_only,False
4.0,-51.0,73,21,0.2876712328767123,AP,0.3600846560852026,zos_only,False
4.0,-50.8,65,17,0.26153846153846155,AP,0.4843158228073441,zos_only,False
4.2,-51.2,76,20,0.2631578947368421,AP,0.2450118714113953,zos_only,False
4.2,-51.0,72,16,0.2222222222222222,AP,0.3861723165633051,zos_only,False
4.2,-50.8,60,8,0.13333333333333333,AP,0.5300090406128233,zos_only,False
4.4,-51.6,75,24,0.32,AP,0.3679468096469526,zos_only,False
4.4,-51.4,72,18,0.25,AP,0.375659147787877,zos_only,False
4.4,-51.2,74,19,0.25675675675675674,AP,0.4055398481627421,zos_only,False
4.4,-51.0,69,12,0.17391304347826086,AP,0.4318447554255512,zos_only,False
4.6,-51.6,65,15,0.23076923076923078,AP,0.5155732548806626,zos_only,False
4.6,-51.4,67,14,0.208955223880597,AP,0.5523805402995104,zos_only,False
4.6,-51.2,63,12,0.19047619047619047,AP,0.5248439330508032,zos_only,False
4.6,-51.0,59,7,0.11864406779661017,AP,0.6190711529964853,zos_only,False
4.8,-52.0,71,22,0.30985915492957744,AP,0.4922823258642524,zos_only,False
4.8,-51.8,68,16,0.23529411764705882,AP,0.56438413512928,zos_only,False
4.8,-51.6,65,13,0.2,AP,0.6031314513592787,zos_only,False
4.8,-51.4,64,11,0.171875,AP,0.6468322215637541,zos_only,False
5.0,-52.2,76,23,0.3026315789473684,AP,0.4471946276331059,zos_only,False
5.0,-52.0,70,15,0.21428571428571427,AP,0.5345889708167116,zos_only,False
5.0,-51.8,64,12,0.1875,AP,0.6197831918919854,zos_only,False
5.0,-51.6,63,11,0.1746031746031746,AP,0.6607891029562698,zos_only,False
5.2,-52.6,76,25,0.32894736842105265,AP,0.4489589795164617,zos_only,False
5.2,-52.4,70,20,0.2857142857142857,AP,0.5273594203999522,zos_only,False
5.2,-52.2,63,13,0.20634920634920634,AP,0.5556416633634809,zos_only,False
5.2,-52.0,62,12,0.1935483870967742,AP,0.6278251937219299,zos_only,False
5.4,-52.6,70,18,0.2571428571428571,AP,0.5425658057217311,zos_only,False
5.4,-52.4,65,15,0.23076923076923078,AP,0.5746215994133774,zos_only,False
5.6,-53.4,75,20,0.26666666666666666,AP,0.4279914054298259,zos_only,False
5.6,-53.2,72,18,0.25,AP,0.5248237628365422,zos_only,False
5.6,-53.0,71,14,0.19718309859154928,AP,0.5572350158772379,zos_only,False
5.6,-52.8,71,15,0.2112676056338028,AP,0.5840010206496256,zos_only,False
5.6,-52.6,67,13,0.19402985074626866,AP,0.5858761788701383,zos_only,False
5.8,-53.6,70,16,0.22857142857142856,AP,0.474276434566298,zos_only,False
5.8,-53.4,73,13,0.1780821917808219,AP,0.4537104972759914,zos_only,False
5.8,-53.2,67,10,0.14925373134328357,AP,0.5933949386492242,zos_only,False
5.8,-53.0,70,11,0.15714285714285714,AP,0.6188811369238695,zos_only,False
5.8,-52.8,70,10,0.14285714285714285,AP,0.6324647864088639,zos_only,True
6.0,-54.2,63,11,0.1746031746031746,AP,0.5320839382183083,zos_only,False
6.0,-54.0,64,12,0.1875,AP,0.5553997149514739,zos_only,False
6.0,-53.8,66,12,0.18181818181818182,AP,0.5839332451773237,zos_only,False
6.0,-53.6,66,11,0.16666666666666666,AP,0.6064737340357269,zos_only,False
6.0,-53.4,65,10,0.15384615384615385,AP,0.6282531986239306,zos_only,False
6.0,-53.2,66,11,0.16666666666666666,AP,0.6457844858356713,zos_only,False
